"","comcol","reg","global","contig beta","contig rho"
"param",0.0382376239392341,0.0440820110106771,0.0601161548395435,0.354344341632121,0.921717154699911
