"","comcol","reg","global","contig beta","contig rho"
"param",0.0382376239392482,0.0440820110106786,0.0601161548394279,0.354344341631255,0.921717154699817
