"","comcol","reg","global","contig beta","contig rho"
"param",0.102989817321991,0.0954403466976274,0.0183295956562678,0.639070541712319,0.987685400250741
