"","V1","V2","V3","V4","V5","V6","V7","V8","V9","V10","V11","V12","V13","V14","V15","V16","V17","V18","V19","V20","V21","V22","V23","V24","V25","V26","V27","V28","V29","V30","V31","V32","V33","V34","V35","V36","V37","V38","V39","V40","V41","V42","V43","V44","V45","V46","V47","V48","V49","V50","V51","V52","V53","V54","V55","V56","V57","V58","V59","V60","V61","V62","V63","V64","V65","V66","V67","V68","V69","V70","V71","V72","V73","V74","V75","V76","V77","V78","V79","V80","V81","V82","V83","V84","V85","V86","V87","V88","V89","V90","V91","V92","V93","V94","V95","V96","V97","V98","V99","V100","V101","V102","V103","V104","V105","V106","V107","V108","V109","V110","V111","V112","V113","V114","V115","V116","V117","V118","V119","V120","V121","V122","V123","V124","V125","V126","V127","V128","V129","V130","V131","V132","V133","V134","V135","V136","V137","V138","V139","V140","V141","V142","V143","V144","V145","V146","V147","V148","V149","V150","V151","V152","V153","V154","V155","V156","V157","V158","V159","V160","V161","V162","V163","V164","V165","V166","V167","V168","V169","V170","V171","V172","V173","V174","V175","V176","V177","V178","V179","V180","V181","V182","V183","V184","V185","V186","V187","V188","V189","V190","V191","V192","V193","V194","V195"
"1",1,0.0609171627409114,0.184615500086947,0.189279742792539,0.200559988384836,0.218807877416504,0.0609171627409114,0.216020444336608,0.0609171627409114,0.0609171627409114,0.221154022318842,0.0609171627409114,0.477143081379663,0.190244361357044,0.234192873318328,0.251417443714155,0.229932361757926,0.209321714702033,0.0976865369427327,0.0936037122307014,0.0971502497435252,0.0941221193049024,0.0953082880215279,0.335137371380043,0.087092911412435,0.0898302359772801,0.060915825200225,0.087132159858775,0.0870480499061632,0.0915794085366638,0.0812246593239602,0.0997512646265246,0.0841273570024882,0.0825640365560076,0.0962727714627943,0.0870897933192383,0.0968042499155828,0.0966086795603012,0.0925435639722882,0.0861327565867478,0.0856548536916925,0.060915825200225,0.0836744572919325,0.0768685553002895,0.0824660074982023,0.0828342059081009,0.0797366194917149,0.0806152194589387,0.0859284177116258,0.0839179038284701,0.0896947005851388,0.0897467009558669,0.082627119789099,0.0790673286201812,0.0830114365554462,0.0676981591300077,0.0650891745893861,0.0650891745893862,0.0662067954469238,0.060915825200225,0.0662148959411072,0.0646473213582956,0.0677331402614881,0.0655429347577304,0.0658564174593316,0.0667526570410985,0.0696359791052718,0.0672558690893194,0.0667927251288145,0.060915825200225,0.0658564174593317,0.067420785985649,0.060915825200225,0.0668674213908879,0.0674408649252633,0.0671073397117838,0.0636024779551485,0.0654982850560817,0.0635910410771871,0.0661431007013323,0.0642369557155443,0.0663457275812522,0.060915825200225,0.0636024779551485,0.0655732760104787,0.0632061261183281,0.0658414106526187,0.0687109580466635,0.0688358016513355,0.060915825200225,0.060915825200225,0.0684675936794172,0.072815730265659,0.0783603359627005,0.0755517021498739,0.0702129461889318,0.0735292260046764,0.0785690178762171,0.0697407535616467,0.0693311426775692,0.0717385032817842,0.0745941106967886,0.0707620093209214,0.0697407535616467,0.0693311426775692,0.0668890932622551,0.0678093529641234,0.066132650076879,0.0670809521590176,0.0670265831093911,0.065833808205924,0.0670987517319042,0.0681349517076207,0.0665658752350994,0.0671964645122969,0.060915825200225,0.0643661283506243,0.065929836854881,0.0658303384121922,0.060915825200225,0.0609158252002259,0.0665776317270931,0.0666522181814139,0.0658303384121922,0.0651741962393206,0.0609158252002259,0.0668681857325525,0.0662323746500054,0.0666426083550125,0.0676477766136774,0.0657421779044877,0.060915825200225,0.0672352608565578,0.0635454078888247,0.0672352608565578,0.0661804686117062,0.0641641357496531,0.0671275317305357,0.0664099590641445,0.0652791317960042,0.0655708891828457,0.0660758138080547,0.0651647368303162,0.0648613216486529,0.0656516610680468,0.060915825200225,0.060915825200225,0.060915825200225,0.060915825200225,0.0609158252002243,0.060915825200225,0.060915825200225,0.0609158252002242,0.060915825200225,0.060915825200225,0.060915825200225,0.060915825200225,0.060915825200225,0.060915825200225,0.060915825200225,0.060915825200225,0.0609158252002249,0.0609158252002248,0.0609158252002249,0.0609158252002249,0.0609158252002249,0.0609158252002249,0.0609158252002248,0.0609158252002247,0.0609158252002246,0.0609158252002246,0.0609158252002246,0.0609158252002246,0.0609158252002246,0.0609158252002246,0.0609158252002247,0.0609158252002246,0.0609158252002246,0.0609158252002246,0.0609158252002246,0.0609158252002246,0.0609158252002246,0.0609158252002249,0.0609158252002249,0.060915825200225,0.060915825200225,0.060915825200225,0.060915825200225,0.0632061261183282,0.060915825200225,0.060915825200225,0.060915825200225,0.060915825200225,0.060915825200225,0.060915825200225
"2",0.0609171627409114,1,0.0692121463477595,0.0609171627409114,0.0609171627409114,0.0609171627409114,0.0692121463477595,0.0609171627409114,0.0609171627409114,0.0692121463477595,0.0609171627409114,0.0692121463477595,0.0609171627409114,0.0609171627409114,0.0609171627409114,0.0609171627409114,0.0609171627409114,0.0609171627409114,0.060915825200225,0.0692108088070731,0.0692108088070731,0.0692108088070731,0.0692108088070731,0.060915825200225,0.060915825200225,0.0692108088070731,0.060915825200225,0.0692108088070731,0.060915825200225,0.060915825200225,0.0692108088070731,0.060915825200225,0.0692108088070731,0.060915825200225,0.060915825200225,0.060915825200225,0.060915825200225,0.060915825200225,0.060915825200225,0.0692108088070731,0.0692108088070731,0.060915825200225,0.0692108088070731,0.060915825200225,0.060915825200225,0.0692108088070731,0.060915825200225,0.060915825200225,0.0692108088070731,0.0692108088070731,0.0692108088070731,0.060915825200225,0.0692108088070731,0.060915825200225,0.0692108088070731,0.060915825200225,0.060915825200225,0.060915825200225,0.060915825200225,0.060915825200225,0.060915825200225,0.060915825200225,0.060915825200225,0.060915825200225,0.060915825200225,0.060915825200225,0.060915825200225,0.060915825200225,0.060915825200225,0.060915825200225,0.060915825200225,0.060915825200225,0.060915825200225,0.060915825200225,0.060915825200225,0.060915825200225,0.060915825200225,0.0692108088070731,0.060915825200225,0.0692108088070731,0.060915825200225,0.060915825200225,0.060915825200225,0.060915825200225,0.060915825200225,0.060915825200225,0.0692108088070731,0.060915825200225,0.060915825200225,0.060915825200225,0.060915825200225,0.060915825200225,0.060915825200225,0.060915825200225,0.060915825200225,0.060915825200225,0.060915825200225,0.060915825200225,0.060915825200225,0.060915825200225,0.060915825200225,0.0692108088070731,0.060915825200225,0.060915825200225,0.060915825200225,0.060915825200225,0.060915825200225,0.060915825200225,0.060915825200225,0.060915825200225,0.060915825200225,0.060915825200225,0.060915825200225,0.060915825200225,0.060915825200225,0.060915825200225,0.060915825200225,0.060915825200225,0.060915825200225,0.060915825200225,0.060915825200225,0.060915825200225,0.060915825200225,0.060915825200225,0.060915825200225,0.060915825200225,0.060915825200225,0.060915825200225,0.060915825200225,0.060915825200225,0.060915825200225,0.060915825200225,0.060915825200225,0.060915825200225,0.060915825200225,0.060915825200225,0.060915825200225,0.060915825200225,0.060915825200225,0.060915825200225,0.060915825200225,0.060915825200225,0.060915825200225,0.060915825200225,0.060915825200225,0.060915825200225,0.060915825200225,0.060915825200225,0.060915825200225,0.060915825200225,0.060915825200225,0.0692108088070731,0.060915825200225,0.060915825200225,0.0692108088070731,0.060915825200225,0.060915825200225,0.060915825200225,0.060915825200225,0.060915825200225,0.060915825200225,0.060915825200225,0.060915825200225,0.060915825200225,0.060915825200225,0.060915825200225,0.060915825200225,0.060915825200225,0.060915825200225,0.060915825200225,0.060915825200225,0.060915825200225,0.060915825200225,0.060915825200225,0.060915825200225,0.0692108088070731,0.060915825200225,0.060915825200225,0.060915825200225,0.060915825200225,0.060915825200225,0.060915825200225,0.060915825200225,0.060915825200225,0.060915825200225,0.060915825200225,0.060915825200225,0.0692108088070731,0.060915825200225,0.060915825200225,0.060915825200225,0.060915825200225,0.0692108088070731,0.060915825200225,0.060915825200225
"3",0.184615500086947,0.0692121463477595,1,0.248975048023009,0.25574486845141,0.230552633743192,0.0692121463477595,0.177337037456602,0.0609171627409114,0.0692121463477595,0.181309361818657,0.0692121463477595,0.191864167584464,0.250199342268615,0.207416058195432,0.203280455842616,0.188248957182787,0.172606031159921,0.0887317660487542,0.239994076993164,0.257252444487055,0.252930628790691,0.239668875635391,0.0957250747680199,0.0841529748875217,0.217004538669143,0.060915825200225,0.217319537987811,0.0873862008698025,0.0911328306351238,0.183860741787235,0.101131351978428,0.201386285928067,0.0818946673295924,0.0875435323243923,0.080613646120355,0.087971802049043,0.0877773026084721,0.0846982677007966,0.20911282678213,0.207285647009142,0.060915825200225,0.196550309169502,0.0762967304977789,0.0815810675382485,0.192055285275524,0.079049463254161,0.0798699303451403,0.209483429576857,0.198667465866975,0.229977275810065,0.0879742042001703,0.191063271660922,0.0783865463022005,0.192284091607851,0.0677859225248165,0.0651431777266407,0.0651431777266407,0.0662752605970462,0.060915825200225,0.0662834659116168,0.0646956069151465,0.0678213563121059,0.0656028095511458,0.0659203487186171,0.0668281856397471,0.0697488178887765,0.0673379092514086,0.0668687722084812,0.060915825200225,0.0659203487186171,0.067504960172225,0.060915825200225,0.066944435040117,0.0675252989332993,0.0671874579038645,0.0636372432393247,0.096230731415576,0.0636256583681731,0.100032809203372,0.0642799311413562,0.0664159905130651,0.060915825200225,0.0636372432393247,0.0656335434196769,0.0632357626101008,0.098253930168005,0.0688118270585212,0.0689382861393229,0.060915825200225,0.060915825200225,0.0685653135565868,0.072969715026252,0.0785860679159089,0.07574109038413,0.0703332509259678,0.0736924433994752,0.0787974501731943,0.0698549481265203,0.0694400368779799,0.0718785487261974,0.149863171764876,0.0708894189343801,0.0698549481265203,0.0694400368779799,0.0669663873454796,0.067898555207043,0.066200155785981,0.0671607288961897,0.067105656311111,0.065897446901491,0.067178758795533,0.0682283671979816,0.0666389868773501,0.0672777359792141,0.060915825200225,0.0644107752702146,0.0659947181610772,0.0658939322086316,0.060915825200225,0.0609158252002257,0.0666508954983394,0.0667264471013104,0.0658939322086316,0.065229299556647,0.0609158252002257,0.066945209272362,0.0663011707949919,0.0667167129237642,0.067734888058771,0.0658046309040383,0.060915825200225,0.067317034348134,0.0635794346863947,0.067317034348134,0.0662485930926049,0.0642061688851727,0.0672079112073204,0.0664810531512865,0.0653355929793372,0.065631125706496,0.0661425840558903,0.0652197177428985,0.0649123763690637,0.0657129427798172,0.060915825200225,0.060915825200225,0.060915825200225,0.060915825200225,0.0609158252002242,0.060915825200225,0.0692108088070731,0.0609158252002242,0.060915825200225,0.0692108088070731,0.060915825200225,0.060915825200225,0.060915825200225,0.060915825200225,0.060915825200225,0.060915825200225,0.0609158252002253,0.0609158252002255,0.0609158252002253,0.0609158252002253,0.0609158252002253,0.0609158252002252,0.0609158252002254,0.0609158252002256,0.0609158252002257,0.0609158252002258,0.0609158252002258,0.0609158252002257,0.0609158252002257,0.0609158252002257,0.069210808807077,0.0609158252002257,0.0609158252002257,0.0609158252002257,0.0609158252002257,0.0609158252002257,0.0609158252002257,0.0609158252002252,0.0609158252002252,0.060915825200225,0.060915825200225,0.060915825200225,0.0692108088070731,0.0632357626101009,0.060915825200225,0.060915825200225,0.060915825200225,0.0692108088070731,0.060915825200225,0.060915825200225
"4",0.189279742792539,0.0609171627409114,0.248975048023009,1,0.252818120267157,0.433300842352872,0.0609171627409114,0.329179878597231,0.0692121463477595,0.0609171627409114,0.185501159599776,0.0609171627409114,0.19672341498115,0.436222573948602,0.396597008759546,0.386072398822148,0.354327148153983,0.319109198613911,0.0898453441040634,0.0920695796093011,0.0951977726308068,0.0945905572443929,0.0918648322410439,0.0973103296098095,0.0855667387595472,0.0878243148101032,0.060915825200225,0.0881088144598789,0.0893001621725951,0.0932491652119704,0.0819644975622645,0.320649247590262,0.0851986310208158,0.0833344051938727,0.229889438695065,0.188009776184747,0.0889842759097577,0.0887464313747907,0.212556208586559,0.0865647435816746,0.0862419855633819,0.060915825200225,0.0842775592190209,0.164849549771561,0.197651757892905,0.0834559368620372,0.0802850040255728,0.0811591480759449,0.0866550051755803,0.0846770800758204,0.0904062886815164,0.237093022878922,0.0832763937539607,0.177829082374526,0.0834866919237743,0.06828267030769,0.095597736429839,0.0654488397712532,0.0666627787827486,0.060915825200225,0.0666715773890337,0.0649689070007089,0.0683206661627992,0.0984667357883143,0.0662822047221996,0.106115473374912,0.0703874943626117,0.0678022630826758,0.0672992047173962,0.0692108088070731,0.0662822047221996,0.110339866891618,0.0692108088070731,0.0673803384094996,0.0680032021226926,0.067640933232282,0.0861977670463715,0.0658932079594304,0.0638215949837022,0.0665935947334539,0.0902093934837128,0.103542571563139,0.060915825200225,0.0861977670463715,0.0659746617408608,0.0634035075066158,0.0662659046075554,0.0693827536744561,0.069518356478417,0.0692108088070731,0.0692108088070731,0.0691184158201511,0.0738412809973257,0.179507599221852,0.161749388675097,0.127993919386366,0.0746162668132104,0.180827036928755,0.0705012984305509,0.122418521004372,0.0726712170609367,0.075772924781591,0.071610567462653,0.125008376715883,0.122418521004373,0.0674038779935428,0.0684034469844672,0.0665822434593314,0.067612271562714,0.0675532169111169,0.0662576469711988,0.0676316051280902,0.0687571062904471,0.0670528045774227,0.0677377389347747,0.0692108088070731,0.0646634803799815,0.0663619515056069,0.0662538781457118,0.060915825200225,0.0609158252002258,0.0670655742606058,0.0671465886815683,0.0662538781457119,0.0655411887078187,0.0609158252002258,0.067381168623215,0.0666905624379067,0.0671361506666694,0.0682279457544942,0.066158119840152,0.0692108088070731,0.0677798788031246,0.0637720290623083,0.0677798788031246,0.0666341830634537,0.06444407976957,0.0676628654279083,0.0668834513292539,0.06565516775992,0.0659720692130293,0.0665205089600793,0.0655309140735015,0.0652013501402437,0.0660598021340967,0.060915825200225,0.0692108088070731,0.0692108088070731,0.060915825200225,0.0609158252002241,0.0692108088070731,0.060915825200225,0.0609158252002241,0.0692108088070731,0.060915825200225,0.060915825200225,0.060915825200225,0.0692108088070731,0.0692108088070731,0.0692108088070731,0.060915825200225,0.0692108088070744,0.0609158252002255,0.0609158252002253,0.0609158252002253,0.0609158252002253,0.0609158252002253,0.0609158252002254,0.0609158252002255,0.0609158252002256,0.0609158252002256,0.0609158252002257,0.0609158252002256,0.0609158252002256,0.0609158252002256,0.0609158252002256,0.0692108088070766,0.0609158252002256,0.0609158252002256,0.0609158252002256,0.0609158252002256,0.0609158252002256,0.0609158252002252,0.0609158252002252,0.060915825200225,0.060915825200225,0.0692108088070731,0.060915825200225,0.0634035075066159,0.0692108088070731,0.060915825200225,0.060915825200225,0.060915825200225,0.060915825200225,0.0692108088070731
"5",0.200559988384836,0.0609171627409114,0.25574486845141,0.252818120267157,1,0.252418334126347,0.0609171627409114,0.192343345300929,0.0609171627409114,0.0609171627409114,0.196827694971206,0.0609171627409114,0.208742995798064,0.254768126342226,0.226299496520831,0.221630822626926,0.204661791421199,0.187002520989285,0.0923171896920281,0.0940364388936807,0.0973834161989868,0.096545270930695,0.093973371424263,0.100211923049896,0.0871482007669847,0.0895779950080003,0.060915825200225,0.0896390839592665,0.0907981836349681,0.0950277470898714,0.0831502992242196,0.106315059454744,0.0865490910579935,0.0845988015161274,0.090975794824843,0.0831526590278313,0.091459267729743,0.0912396976688172,0.0877637808215172,0.0880475269266364,0.0876931753788976,0.060915825200225,0.0856112326849094,0.0782793009169895,0.0842447792881478,0.0847394965276351,0.0813868558655128,0.082313079656312,0.0881193992600812,0.0860218205009777,0.0920938445988574,0.0914619795137347,0.0845471117579978,0.0806384901370385,0.0847838697629299,0.0686714654411363,0.0656880756964488,0.0656880756964488,0.0669660819678207,0.060915825200225,0.0669753449323562,0.0651828138300911,0.0687114665784718,0.0662069532182235,0.0665654226006718,0.0675902780321223,0.0708873744092572,0.0681657040803376,0.0676360961349587,0.060915825200225,0.0665654226006718,0.0683542875577692,0.060915825200225,0.0677215117665067,0.0683772479477587,0.0679958598306592,0.063988029021972,0.0661558960118936,0.0639749508822247,0.0668932466375115,0.064713558213167,0.0671249517113205,0.060915825200225,0.063988029021972,0.0662416486259124,0.0635347982776549,0.06654826222561,0.0698296071833868,0.0699723666072429,0.060915825200225,0.060915825200225,0.0695513185442017,0.074523439267003,0.0808637297199875,0.0776520398140857,0.07154713979062,0.0753393259989937,0.0811023587616677,0.0710071846395543,0.0705387920937795,0.0732916236366863,0.0765570281433557,0.0721749968329518,0.0710071846395544,0.0705387920937795,0.0677462936836771,0.0687986162690569,0.0668812962846691,0.0679656855030291,0.0679035141629699,0.0665395687814169,0.0679860394232548,0.0691709404193572,0.067376691897043,0.0680977745839695,0.060915825200225,0.0648612679097136,0.0666493781275568,0.0665356010511088,0.060915825200225,0.060915825200226,0.0673901355173871,0.0674754255830999,0.0665356010511088,0.0657852984720311,0.060915825200226,0.0677223857958648,0.0669953319426526,0.0674644366879616,0.0686138527262306,0.0664347889725097,0.060915825200225,0.0681421384404037,0.0639227690528347,0.0681421384404037,0.0669359770710778,0.0646302881377535,0.0680189495273326,0.0671984008040084,0.0659052929215143,0.0662389192739467,0.0668163036643998,0.065774481580104,0.0654275244681461,0.0663312824176204,0.060915825200225,0.060915825200225,0.060915825200225,0.060915825200225,0.060915825200224,0.060915825200225,0.060915825200225,0.060915825200224,0.060915825200225,0.060915825200225,0.060915825200225,0.060915825200225,0.060915825200225,0.060915825200225,0.060915825200225,0.060915825200225,0.0609158252002253,0.0609158252002255,0.0609158252002253,0.0609158252002253,0.0609158252002254,0.0609158252002253,0.0609158252002254,0.0609158252002256,0.0609158252002257,0.0609158252002257,0.0609158252002257,0.0609158252002256,0.0609158252002257,0.0609158252002256,0.0609158252002257,0.0609158252002257,0.0609158252002257,0.0609158252002257,0.0609158252002257,0.0609158252002256,0.0609158252002257,0.0609158252002252,0.0609158252002252,0.060915825200225,0.060915825200225,0.060915825200225,0.060915825200225,0.063534798277655,0.060915825200225,0.060915825200225,0.060915825200225,0.060915825200225,0.060915825200225,0.060915825200225
"6",0.218807877416504,0.0609171627409114,0.230552633743192,0.433300842352872,0.252418334126347,1,0.0609171627409114,0.393219164425473,0.0692121463477595,0.0609171627409114,0.215765890592129,0.0609171627409114,0.228325485626138,0.467805829226601,0.47608457040441,0.468943473134855,0.420943417961694,0.378379907820129,0.0962013074027056,0.0959642813017307,0.0995739045892699,0.0980733490508477,0.0963901350736517,0.104423197099928,0.0887552405104139,0.0914210558381585,0.060915825200225,0.0907166632258677,0.0916008434842456,0.0961761435532848,0.0839886146027197,0.339174747804299,0.0874593075026903,0.0854962815211912,0.267623900689676,0.216199747780477,0.0954766778611589,0.0953503944804534,0.246978780539088,0.0891917629448484,0.0887810486720079,0.060915825200225,0.0865986505226728,0.174246372902648,0.210522215145452,0.0856817760874995,0.0821928864444503,0.0831631189416722,0.0891910723823724,0.0869880336441435,0.0933532984040098,0.255235376015277,0.0854733936902941,0.188568376034773,0.0857659346475646,0.0688797870513735,0.0977365185092875,0.0658162614911669,0.0671285958535894,0.060915825200225,0.0671381076274594,0.065297427957955,0.068920862645631,0.100838063486623,0.0667171745116803,0.109106766501348,0.0711552167953479,0.0683604406069706,0.0678166070430033,0.0692108088070731,0.0667171745116804,0.113673566579335,0.0692108088070731,0.06790431699473,0.0685776666821435,0.068186034228766,0.0875746382905696,0.0662966477687228,0.0640571210149533,0.067053804118287,0.0919114255369405,0.106325319141345,0.060915825200225,0.0875746382905696,0.0663847037544916,0.0636051456212281,0.0666995531976303,0.0700690372443948,0.0702156312804982,0.0692108088070731,0.0692108088070731,0.0697832735888828,0.0748889487524646,0.188447662352067,0.169250067007525,0.132758561381776,0.0757267507399984,0.189874046565317,0.0712782452074229,0.126731251268501,0.0736240457421699,0.0769771611668004,0.0724774256062845,0.129531026719943,0.126731251268501,0.0679297645705347,0.0690103532343639,0.0670415327710884,0.0681550493988015,0.0680912080955583,0.0666906262417946,0.068175950038744,0.069392678256818,0.0675502350362297,0.0682906864795435,0.0692108088070731,0.0649672451021579,0.0668033851393702,0.0666865519356345,0.060915825200225,0.0609158252002261,0.0675640397610797,0.06765162077419,0.0666865519356345,0.0659160957346012,0.0609158252002261,0.067905214501093,0.0671586315020301,0.0676403367100833,0.0688206268209609,0.066583031978138,0.0692108088070731,0.0683362419784111,0.0640035375472221,0.0683362419784111,0.0670976823194716,0.0647300610612358,0.0682097441299153,0.0673671549268871,0.0660393133141111,0.0663819010903328,0.0669747944061884,0.0659049882938254,0.0655487116850882,0.0664767451689415,0.060915825200225,0.0692108088070731,0.0692108088070731,0.060915825200225,0.060915825200224,0.0692108088070731,0.060915825200225,0.060915825200224,0.0692108088070731,0.060915825200225,0.060915825200225,0.060915825200225,0.0692108088070731,0.0692108088070731,0.0692108088070731,0.060915825200225,0.0692108088070738,0.0609158252002252,0.0609158252002252,0.0609158252002252,0.0609158252002252,0.0609158252002251,0.0609158252002252,0.0609158252002252,0.0609158252002253,0.0609158252002253,0.0609158252002253,0.0609158252002253,0.0609158252002253,0.0609158252002253,0.0609158252002253,0.0692108088070745,0.0609158252002253,0.0609158252002253,0.0609158252002253,0.0609158252002253,0.0609158252002253,0.0609158252002251,0.0609158252002251,0.060915825200225,0.060915825200225,0.0692108088070731,0.060915825200225,0.0636051456212282,0.0692108088070731,0.060915825200225,0.060915825200225,0.060915825200225,0.060915825200225,0.0692108088070731
"7",0.0609171627409114,0.0692121463477595,0.0692121463477595,0.0609171627409114,0.0609171627409114,0.0609171627409114,1,0.0609171627409114,0.0609171627409114,0.0692121463477595,0.0609171627409114,0.0692121463477595,0.0609171627409114,0.0609171627409114,0.0609171627409114,0.0609171627409114,0.0609171627409114,0.0609171627409114,0.060915825200225,0.0692108088070731,0.0692108088070731,0.0692108088070731,0.0692108088070731,0.060915825200225,0.060915825200225,0.0692108088070731,0.060915825200225,0.0692108088070731,0.060915825200225,0.060915825200225,0.0692108088070731,0.060915825200225,0.0692108088070731,0.060915825200225,0.060915825200225,0.060915825200225,0.060915825200225,0.060915825200225,0.060915825200225,0.0692108088070731,0.0692108088070731,0.060915825200225,0.0692108088070731,0.060915825200225,0.060915825200225,0.0692108088070731,0.060915825200225,0.060915825200225,0.0692108088070731,0.0692108088070731,0.0692108088070731,0.060915825200225,0.0692108088070731,0.060915825200225,0.0692108088070731,0.060915825200225,0.060915825200225,0.060915825200225,0.060915825200225,0.060915825200225,0.060915825200225,0.060915825200225,0.060915825200225,0.060915825200225,0.060915825200225,0.060915825200225,0.060915825200225,0.060915825200225,0.060915825200225,0.060915825200225,0.060915825200225,0.060915825200225,0.060915825200225,0.060915825200225,0.060915825200225,0.060915825200225,0.060915825200225,0.0692108088070731,0.060915825200225,0.0692108088070731,0.060915825200225,0.060915825200225,0.060915825200225,0.060915825200225,0.060915825200225,0.060915825200225,0.0692108088070731,0.060915825200225,0.060915825200225,0.060915825200225,0.060915825200225,0.060915825200225,0.060915825200225,0.060915825200225,0.060915825200225,0.060915825200225,0.060915825200225,0.060915825200225,0.060915825200225,0.060915825200225,0.060915825200225,0.0692108088070731,0.060915825200225,0.060915825200225,0.060915825200225,0.060915825200225,0.060915825200225,0.060915825200225,0.060915825200225,0.060915825200225,0.060915825200225,0.060915825200225,0.060915825200225,0.060915825200225,0.060915825200225,0.060915825200225,0.060915825200225,0.060915825200225,0.060915825200225,0.060915825200225,0.060915825200225,0.060915825200225,0.060915825200225,0.060915825200225,0.060915825200225,0.060915825200225,0.060915825200225,0.060915825200225,0.060915825200225,0.060915825200225,0.060915825200225,0.060915825200225,0.060915825200225,0.060915825200225,0.060915825200225,0.060915825200225,0.060915825200225,0.060915825200225,0.060915825200225,0.060915825200225,0.060915825200225,0.060915825200225,0.060915825200225,0.060915825200225,0.060915825200225,0.060915825200225,0.060915825200225,0.060915825200225,0.060915825200225,0.060915825200225,0.060915825200225,0.0692108088070731,0.060915825200225,0.060915825200225,0.0692108088070731,0.060915825200225,0.060915825200225,0.060915825200225,0.060915825200225,0.060915825200225,0.060915825200225,0.060915825200225,0.060915825200225,0.060915825200225,0.060915825200225,0.060915825200225,0.060915825200225,0.060915825200225,0.060915825200225,0.060915825200225,0.060915825200225,0.060915825200225,0.060915825200225,0.060915825200225,0.060915825200225,0.0692108088070731,0.060915825200225,0.060915825200225,0.060915825200225,0.060915825200225,0.060915825200225,0.060915825200225,0.060915825200225,0.060915825200225,0.060915825200225,0.060915825200225,0.060915825200225,0.0692108088070731,0.060915825200225,0.060915825200225,0.060915825200225,0.060915825200225,0.0692108088070731,0.060915825200225,0.060915825200225
"8",0.216020444336608,0.0609171627409114,0.177337037456602,0.329179878597231,0.192343345300929,0.393219164425473,0.0609171627409114,1,0.0692121463477595,0.0609171627409114,0.254035402575771,0.0609171627409114,0.220784266421465,0.332950149501177,0.415932474138769,0.480146512187996,0.488889663049589,0.444486585724733,0.100102201592379,0.0911064677970302,0.0943703119583623,0.0916798163893354,0.0925954898249107,0.102776038468544,0.0850791880243276,0.0875910046153816,0.060915825200225,0.0852322699055501,0.0852138960655812,0.0893818299061956,0.0797521033103531,0.279682114505468,0.082454859307241,0.0809935129199247,0.307343251949218,0.247724069110454,0.101678064996428,0.102735483688055,0.288044276463545,0.0842816234093512,0.0838464212873363,0.060915825200225,0.0820137299334712,0.155311036716232,0.185486429683668,0.081236700401916,0.0783655565996011,0.0791787500786985,0.0841061898207756,0.0822463911154156,0.0875922868944651,0.224585598535161,0.0810462663712342,0.167168835802777,0.0813939467733426,0.067222124503587,0.0917990213808237,0.0647962578975866,0.0658354358130772,0.060915825200225,0.0658429677543462,0.0643854172117308,0.0672546503991519,0.0942549938346708,0.0655096499579509,0.10080260381022,0.0690239338639885,0.0668108776666791,0.0663802405931103,0.0692108088070731,0.0655096499579509,0.104418845159525,0.0692108088070731,0.0664496941160943,0.0669828891192877,0.0666727731852752,0.0837522904519296,0.0651766539497169,0.0634032745349068,0.0657762116383445,0.0871863950975552,0.0986001021060961,0.060915825200225,0.0837522904519296,0.065246381481326,0.063045375769963,0.0654956964405187,0.0681638376614289,0.0682799188136287,0.0692108088070731,0.0692108088070731,0.0679375544150543,0.0719805064443449,0.163629051950407,0.148427349027876,0.119531384832223,0.072643923747076,0.16475854075742,0.0691213544699464,0.114758631988987,0.0709788872601078,0.0736340669133597,0.0700709309063096,0.116975646875422,0.114758631988987,0.066469844894384,0.0673255139276235,0.0657664945164231,0.0666482377071714,0.0665976846817183,0.0654886275900626,0.066664787973681,0.0676282597302558,0.0661693127117183,0.0667556425445854,0.0692108088070731,0.0641239604201978,0.065577916234398,0.0654854013322551,0.060915825200225,0.0609158252002258,0.0661802440456863,0.0662495954680423,0.0654854013322551,0.0648753120959353,0.0609158252002257,0.0664504048105776,0.065859219677488,0.0662406601307133,0.0671752782068811,0.0654034285845142,0.0692108088070731,0.066791715872929,0.0633608442230176,0.066791715872929,0.065810956790913,0.063936145161914,0.0666915479780099,0.0660243398969829,0.0649728824949843,0.0652441621790043,0.0657136474395609,0.064866516618592,0.0645843973704744,0.0653192648927085,0.060915825200225,0.0692108088070731,0.0692108088070731,0.060915825200225,0.0609158252002238,0.0692108088070731,0.060915825200225,0.0609158252002238,0.0692108088070731,0.060915825200225,0.060915825200225,0.060915825200225,0.0692108088070731,0.0692108088070731,0.0692108088070731,0.060915825200225,0.0692108088070713,0.0609158252002246,0.0609158252002247,0.0609158252002247,0.0609158252002247,0.0609158252002247,0.0609158252002247,0.0609158252002246,0.0609158252002246,0.0609158252002246,0.0609158252002246,0.0609158252002246,0.0609158252002246,0.0609158252002246,0.0609158252002246,0.0692108088070706,0.0609158252002246,0.0609158252002246,0.0609158252002246,0.0609158252002246,0.0609158252002246,0.0609158252002247,0.0609158252002247,0.060915825200225,0.060915825200225,0.0692108088070731,0.060915825200225,0.063045375769963,0.0692108088070731,0.060915825200225,0.060915825200225,0.060915825200225,0.060915825200225,0.0692108088070731
"9",0.0609171627409114,0.0609171627409114,0.0609171627409114,0.0692121463477595,0.0609171627409114,0.0692121463477595,0.0609171627409114,0.0692121463477595,1,0.0609171627409114,0.0609171627409114,0.0609171627409114,0.0609171627409114,0.0692121463477595,0.0692121463477595,0.0692121463477595,0.0692121463477595,0.0692121463477595,0.060915825200225,0.060915825200225,0.060915825200225,0.060915825200225,0.060915825200225,0.060915825200225,0.060915825200225,0.060915825200225,0.060915825200225,0.060915825200225,0.060915825200225,0.060915825200225,0.060915825200225,0.0692108088070731,0.060915825200225,0.060915825200225,0.0692108088070731,0.0692108088070731,0.060915825200225,0.060915825200225,0.0692108088070731,0.060915825200225,0.060915825200225,0.060915825200225,0.060915825200225,0.0692108088070731,0.0692108088070731,0.060915825200225,0.060915825200225,0.060915825200225,0.060915825200225,0.060915825200225,0.060915825200225,0.0692108088070731,0.060915825200225,0.0692108088070731,0.060915825200225,0.060915825200225,0.0692108088070731,0.060915825200225,0.060915825200225,0.060915825200225,0.060915825200225,0.060915825200225,0.060915825200225,0.0692108088070731,0.060915825200225,0.0692108088070731,0.060915825200225,0.060915825200225,0.060915825200225,0.0692108088070731,0.060915825200225,0.0692108088070731,0.0692108088070731,0.060915825200225,0.060915825200225,0.060915825200225,0.0692108088070731,0.060915825200225,0.060915825200225,0.060915825200225,0.0692108088070731,0.0692108088070731,0.060915825200225,0.0692108088070731,0.060915825200225,0.060915825200225,0.060915825200225,0.060915825200225,0.060915825200225,0.0692108088070731,0.0692108088070731,0.060915825200225,0.060915825200225,0.0692108088070731,0.0692108088070731,0.0692108088070731,0.060915825200225,0.0692108088070731,0.060915825200225,0.0692108088070731,0.060915825200225,0.060915825200225,0.060915825200225,0.0692108088070731,0.0692108088070731,0.060915825200225,0.060915825200225,0.060915825200225,0.060915825200225,0.060915825200225,0.060915825200225,0.060915825200225,0.060915825200225,0.060915825200225,0.060915825200225,0.0692108088070731,0.060915825200225,0.060915825200225,0.060915825200225,0.060915825200225,0.060915825200225,0.060915825200225,0.060915825200225,0.060915825200225,0.060915825200225,0.060915825200225,0.060915825200225,0.060915825200225,0.060915825200225,0.060915825200225,0.060915825200225,0.0692108088070731,0.060915825200225,0.060915825200225,0.060915825200225,0.060915825200225,0.060915825200225,0.060915825200225,0.060915825200225,0.060915825200225,0.060915825200225,0.060915825200225,0.060915825200225,0.060915825200225,0.060915825200225,0.060915825200225,0.0692108088070731,0.0692108088070731,0.060915825200225,0.060915825200225,0.0692108088070731,0.060915825200225,0.060915825200225,0.0692108088070731,0.060915825200225,0.060915825200225,0.060915825200225,0.0692108088070731,0.0692108088070731,0.0692108088070731,0.060915825200225,0.0692108088070731,0.060915825200225,0.060915825200225,0.060915825200225,0.060915825200225,0.060915825200225,0.060915825200225,0.060915825200225,0.060915825200225,0.060915825200225,0.060915825200225,0.060915825200225,0.060915825200225,0.060915825200225,0.060915825200225,0.0692108088070731,0.060915825200225,0.060915825200225,0.060915825200225,0.060915825200225,0.060915825200225,0.060915825200225,0.060915825200225,0.060915825200225,0.060915825200225,0.0692108088070731,0.060915825200225,0.060915825200225,0.0692108088070731,0.060915825200225,0.060915825200225,0.060915825200225,0.060915825200225,0.0692108088070731
"10",0.0609171627409114,0.0692121463477595,0.0692121463477595,0.0609171627409114,0.0609171627409114,0.0609171627409114,0.0692121463477595,0.0609171627409114,0.0609171627409114,1,0.0609171627409114,0.0692121463477595,0.0609171627409114,0.0609171627409114,0.0609171627409114,0.0609171627409114,0.0609171627409114,0.0609171627409114,0.060915825200225,0.0692108088070731,0.0692108088070731,0.0692108088070731,0.0692108088070731,0.060915825200225,0.060915825200225,0.0692108088070731,0.060915825200225,0.0692108088070731,0.060915825200225,0.060915825200225,0.0692108088070731,0.060915825200225,0.0692108088070731,0.060915825200225,0.060915825200225,0.060915825200225,0.060915825200225,0.060915825200225,0.060915825200225,0.0692108088070731,0.0692108088070731,0.060915825200225,0.0692108088070731,0.060915825200225,0.060915825200225,0.0692108088070731,0.060915825200225,0.060915825200225,0.0692108088070731,0.0692108088070731,0.0692108088070731,0.060915825200225,0.0692108088070731,0.060915825200225,0.0692108088070731,0.060915825200225,0.060915825200225,0.060915825200225,0.060915825200225,0.060915825200225,0.060915825200225,0.060915825200225,0.060915825200225,0.060915825200225,0.060915825200225,0.060915825200225,0.060915825200225,0.060915825200225,0.060915825200225,0.060915825200225,0.060915825200225,0.060915825200225,0.060915825200225,0.060915825200225,0.060915825200225,0.060915825200225,0.060915825200225,0.0692108088070731,0.060915825200225,0.0692108088070731,0.060915825200225,0.060915825200225,0.060915825200225,0.060915825200225,0.060915825200225,0.060915825200225,0.0692108088070731,0.060915825200225,0.060915825200225,0.060915825200225,0.060915825200225,0.060915825200225,0.060915825200225,0.060915825200225,0.060915825200225,0.060915825200225,0.060915825200225,0.060915825200225,0.060915825200225,0.060915825200225,0.060915825200225,0.0692108088070731,0.060915825200225,0.060915825200225,0.060915825200225,0.060915825200225,0.060915825200225,0.060915825200225,0.060915825200225,0.060915825200225,0.060915825200225,0.060915825200225,0.060915825200225,0.060915825200225,0.060915825200225,0.060915825200225,0.060915825200225,0.060915825200225,0.060915825200225,0.060915825200225,0.060915825200225,0.060915825200225,0.060915825200225,0.060915825200225,0.060915825200225,0.060915825200225,0.060915825200225,0.060915825200225,0.060915825200225,0.060915825200225,0.060915825200225,0.060915825200225,0.060915825200225,0.060915825200225,0.060915825200225,0.060915825200225,0.060915825200225,0.060915825200225,0.060915825200225,0.060915825200225,0.060915825200225,0.060915825200225,0.060915825200225,0.060915825200225,0.060915825200225,0.060915825200225,0.060915825200225,0.060915825200225,0.060915825200225,0.060915825200225,0.060915825200225,0.0692108088070731,0.060915825200225,0.060915825200225,0.0692108088070731,0.060915825200225,0.060915825200225,0.060915825200225,0.060915825200225,0.060915825200225,0.060915825200225,0.060915825200225,0.060915825200225,0.060915825200225,0.060915825200225,0.060915825200225,0.060915825200225,0.060915825200225,0.060915825200225,0.060915825200225,0.060915825200225,0.060915825200225,0.060915825200225,0.060915825200225,0.060915825200225,0.0692108088070731,0.060915825200225,0.060915825200225,0.060915825200225,0.060915825200225,0.060915825200225,0.060915825200225,0.060915825200225,0.060915825200225,0.060915825200225,0.060915825200225,0.060915825200225,0.0692108088070731,0.060915825200225,0.060915825200225,0.060915825200225,0.060915825200225,0.0692108088070731,0.060915825200225,0.060915825200225
"11",0.221154022318842,0.0609171627409114,0.181309361818657,0.185501159599776,0.196827694971206,0.215765890592129,0.0609171627409114,0.254035402575771,0.0609171627409114,0.0609171627409114,1,0.0609171627409114,0.226086390078302,0.187125876847991,0.226847172610591,0.25599060635976,0.266999562275308,0.26119868788429,0.313550228092458,0.0922931454111256,0.0956894602576511,0.0928553827489656,0.0938710626444148,0.104540011867981,0.0860338969820457,0.0886502747492596,0.0692108088070731,0.0861514173969646,0.0861112137690351,0.0904491099438453,0.0804643804056264,0.0983912915921085,0.083265607839334,0.081753034705208,0.106839077877881,0.0968108404528429,0.106027177518162,0.109865053908643,0.106481163415022,0.085173224997397,0.0847187136276995,0.0692108088070731,0.0828152640744275,0.0762680328942855,0.0816506392049899,0.0820080379043644,0.174640863880827,0.0798722178670658,0.0849861645056308,0.0830542897025226,0.0886066012719873,0.0886342172944767,0.0818098227633114,0.0783829274234197,0.0821737584967549,0.0674550135275569,0.0649395606715268,0.0926331947250416,0.0660171149974648,0.060915825200225,0.0660249250902084,0.0645135478091324,0.067488740590987,0.0653770536093508,0.0656792980055063,0.0665434075395189,0.0693233629621188,0.0670285795151201,0.0665820391926053,0.060915825200225,0.0656792980055063,0.067187584166708,0.060915825200225,0.0666540576054559,0.0672069432795018,0.0668853748923602,0.063506161877315,0.0653340045924691,0.063495135009626,0.0659557036984638,0.0641178937099977,0.0661510664366738,0.060915825200225,0.063506161877315,0.0654063071329699,0.082064827718455,0.0656648291904487,0.0684315037626734,0.0685518717437939,0.060915825200225,0.060915825200225,0.0681968639696373,0.0723891205445522,0.0777349530012148,0.0750270082679221,0.0698796458667629,0.0730770375737768,0.0779361537010212,0.0694243812707459,0.0690294548723057,0.0713505119782726,0.0741037463175083,0.0704090251720059,0.0694243812707459,0.0690294548723057,0.0666749525436503,0.0675622210802445,0.0659456277272505,0.0668599333292019,0.0668075134014357,0.0656574992902702,0.0668770947902058,0.0678761471601035,0.0663633218318273,0.0669713045828215,0.060915825200225,0.0642424355264688,0.0657500853272967,0.0656541538880967,0.060915825200225,0.060915825200226,0.0663746568554359,0.0664465693971245,0.0656541538880967,0.065021534308711,0.060915825200226,0.0666547945455925,0.0660417771901474,0.066437304081485,0.0674064372164968,0.0655691539206989,0.060915825200225,0.0670087100842552,0.0634511377638748,0.0670087100842552,0.0659917319751405,0.0640476843284074,0.0669048430304223,0.0662129952310279,0.0651227079422261,0.0654040058727319,0.0658908290297059,0.0650124140180287,0.0647198762228082,0.0654818820985785,0.060915825200225,0.060915825200225,0.060915825200225,0.060915825200225,0.060915825200224,0.060915825200225,0.060915825200225,0.060915825200224,0.060915825200225,0.060915825200225,0.060915825200225,0.060915825200225,0.060915825200225,0.060915825200225,0.060915825200225,0.060915825200225,0.0609158252002247,0.0609158252002246,0.0609158252002247,0.0609158252002247,0.0609158252002247,0.0609158252002247,0.0609158252002247,0.0609158252002246,0.0609158252002246,0.0609158252002246,0.0609158252002246,0.0609158252002246,0.0609158252002246,0.0609158252002246,0.0609158252002246,0.0609158252002246,0.0609158252002246,0.0609158252002246,0.0609158252002246,0.0609158252002246,0.0609158252002246,0.0609158252002248,0.0609158252002248,0.060915825200225,0.060915825200225,0.060915825200225,0.060915825200225,0.0631240191913775,0.060915825200225,0.060915825200225,0.060915825200225,0.060915825200225,0.060915825200225,0.060915825200225
"12",0.0609171627409114,0.0692121463477595,0.0692121463477595,0.0609171627409114,0.0609171627409114,0.0609171627409114,0.0692121463477595,0.0609171627409114,0.0609171627409114,0.0692121463477595,0.0609171627409114,1,0.0609171627409114,0.0609171627409114,0.0609171627409114,0.0609171627409114,0.0609171627409114,0.0609171627409114,0.060915825200225,0.0692108088070731,0.0692108088070731,0.0692108088070731,0.0692108088070731,0.060915825200225,0.060915825200225,0.0692108088070731,0.060915825200225,0.0692108088070731,0.060915825200225,0.060915825200225,0.0692108088070731,0.060915825200225,0.0692108088070731,0.060915825200225,0.060915825200225,0.060915825200225,0.060915825200225,0.060915825200225,0.060915825200225,0.0692108088070731,0.0692108088070731,0.060915825200225,0.0692108088070731,0.060915825200225,0.060915825200225,0.0692108088070731,0.060915825200225,0.060915825200225,0.0692108088070731,0.0692108088070731,0.0692108088070731,0.060915825200225,0.0692108088070731,0.060915825200225,0.0692108088070731,0.060915825200225,0.060915825200225,0.060915825200225,0.060915825200225,0.060915825200225,0.060915825200225,0.060915825200225,0.060915825200225,0.060915825200225,0.060915825200225,0.060915825200225,0.060915825200225,0.060915825200225,0.060915825200225,0.060915825200225,0.060915825200225,0.060915825200225,0.060915825200225,0.060915825200225,0.060915825200225,0.060915825200225,0.060915825200225,0.0692108088070731,0.060915825200225,0.0692108088070731,0.060915825200225,0.060915825200225,0.060915825200225,0.060915825200225,0.060915825200225,0.060915825200225,0.0692108088070731,0.060915825200225,0.060915825200225,0.060915825200225,0.060915825200225,0.060915825200225,0.060915825200225,0.060915825200225,0.060915825200225,0.060915825200225,0.060915825200225,0.060915825200225,0.060915825200225,0.060915825200225,0.060915825200225,0.0692108088070731,0.060915825200225,0.060915825200225,0.060915825200225,0.060915825200225,0.060915825200225,0.060915825200225,0.060915825200225,0.060915825200225,0.060915825200225,0.060915825200225,0.060915825200225,0.060915825200225,0.060915825200225,0.060915825200225,0.060915825200225,0.060915825200225,0.060915825200225,0.060915825200225,0.060915825200225,0.060915825200225,0.060915825200225,0.060915825200225,0.060915825200225,0.060915825200225,0.060915825200225,0.060915825200225,0.060915825200225,0.060915825200225,0.060915825200225,0.060915825200225,0.060915825200225,0.060915825200225,0.060915825200225,0.060915825200225,0.060915825200225,0.060915825200225,0.060915825200225,0.060915825200225,0.060915825200225,0.060915825200225,0.060915825200225,0.060915825200225,0.060915825200225,0.060915825200225,0.060915825200225,0.060915825200225,0.060915825200225,0.060915825200225,0.060915825200225,0.0692108088070731,0.060915825200225,0.060915825200225,0.0692108088070731,0.060915825200225,0.060915825200225,0.060915825200225,0.060915825200225,0.060915825200225,0.060915825200225,0.060915825200225,0.060915825200225,0.060915825200225,0.060915825200225,0.060915825200225,0.060915825200225,0.060915825200225,0.060915825200225,0.060915825200225,0.060915825200225,0.060915825200225,0.060915825200225,0.060915825200225,0.060915825200225,0.0692108088070731,0.060915825200225,0.060915825200225,0.060915825200225,0.060915825200225,0.060915825200225,0.060915825200225,0.060915825200225,0.060915825200225,0.060915825200225,0.060915825200225,0.060915825200225,0.0692108088070731,0.060915825200225,0.060915825200225,0.060915825200225,0.060915825200225,0.0692108088070731,0.060915825200225,0.060915825200225
"13",0.477143081379663,0.0609171627409114,0.191864167584464,0.19672341498115,0.208742995798064,0.228325485626138,0.0609171627409114,0.220784266421465,0.0609171627409114,0.0609171627409114,0.226086390078302,0.0609171627409114,1,0.197899014938603,0.251167357603051,0.257211336211347,0.235166361220379,0.213906915456277,0.0988356310445476,0.095046300110538,0.0987294149109579,0.0957480278311638,0.0966812999218935,0.343581059052839,0.0882246056954354,0.0910549284403567,0.060915825200225,0.0884638469107121,0.088476673191218,0.0931787475248264,0.0822549433991898,0.101954491708233,0.085322762343559,0.0836608227772228,0.0973668405963194,0.0878984225648105,0.0979173222870788,0.0977113891594826,0.0935188818447817,0.0873735110398843,0.0868850225354895,0.060915825200225,0.0848111338179573,0.0776696117227977,0.0835378662130927,0.0839321533534662,0.0806805502173513,0.0816008360307253,0.087182714636745,0.0850785828771257,0.0911280163563171,0.0911269408653062,0.083717338946716,0.0799760426987032,0.0841062695108339,0.0680689427233734,0.0653173275377523,0.0653173275377523,0.066496047639572,0.060915825200225,0.0665045909798866,0.0648513186206604,0.0681058362392578,0.0657958943327662,0.0661265148284897,0.0670717509557061,0.0701127014302249,0.0676024731167282,0.0671140095267714,0.060915825200225,0.0661265148284898,0.0677764058592342,0.060915825200225,0.0671927893607758,0.0677975824949305,0.0674458237827155,0.0637493546458142,0.0657488036753946,0.0637372925248685,0.0664288707642456,0.0644185186877093,0.0666425750584343,0.060915825200225,0.0637493546458142,0.0658278943122652,0.0633313346399219,0.0661106876142629,0.0691371103708469,0.0692687790538516,0.060915825200225,0.060915825200225,0.0688804415105576,0.0734662864910752,0.0793140103839219,0.0763518312947421,0.0707212107426734,0.0742187883475593,0.0795341007344994,0.0702232038041323,0.0697911998917769,0.0723301685566682,0.0753418892491282,0.0713002906215781,0.0702232038041323,0.069791199891777,0.0672156460122532,0.0681862154161534,0.0664178488143271,0.0674179936481278,0.0673606522954863,0.0661026695492084,0.0674367663063363,0.0685296143259886,0.0668747579702044,0.0675398209493101,0.060915825200225,0.064554753065,0.0662039479909204,0.0660990100652311,0.060915825200225,0.0609158252002258,0.0668871571781705,0.0669658212013394,0.0660990100652311,0.0654069972385204,0.0609158252002258,0.0671935954882552,0.0665230252327848,0.0669556860150837,0.0680158058439225,0.0660060299083942,0.060915825200225,0.0675807382519436,0.063689164614522,0.0675807382519436,0.0664682815419021,0.0643417177251727,0.0674671196794758,0.0667103180139672,0.0655176695199335,0.065825376999089,0.066357905362016,0.0653970206928344,0.0650770180985631,0.0659105646046229,0.060915825200225,0.060915825200225,0.060915825200225,0.060915825200225,0.0609158252002243,0.060915825200225,0.060915825200225,0.0609158252002243,0.060915825200225,0.060915825200225,0.060915825200225,0.060915825200225,0.060915825200225,0.060915825200225,0.060915825200225,0.060915825200225,0.060915825200225,0.0609158252002248,0.060915825200225,0.060915825200225,0.0609158252002249,0.060915825200225,0.0609158252002249,0.0609158252002248,0.0609158252002246,0.0609158252002247,0.0609158252002247,0.0609158252002247,0.0609158252002247,0.0609158252002247,0.0609158252002247,0.0609158252002247,0.0609158252002247,0.0609158252002246,0.0609158252002247,0.0609158252002247,0.0609158252002247,0.060915825200225,0.060915825200225,0.060915825200225,0.060915825200225,0.060915825200225,0.060915825200225,0.063331334639922,0.060915825200225,0.060915825200225,0.060915825200225,0.060915825200225,0.060915825200225,0.060915825200225
"14",0.190244361357044,0.0609171627409114,0.250199342268615,0.436222573948602,0.254768126342226,0.467805829226601,0.0609171627409114,0.332950149501177,0.0692121463477595,0.0609171627409114,0.187125876847991,0.0609171627409114,0.197899014938603,1,0.400848114381754,0.392733130449463,0.356911038384125,0.32175251317705,0.089934591932408,0.0909008981877016,0.0939504832640027,0.0930155724713524,0.0909851775387596,0.0970439371171755,0.0846877723919863,0.0869146850849451,0.060915825200225,0.0867492735045701,0.0877003742142657,0.091558093947113,0.0809145135940931,0.305682538456894,0.0839553976472665,0.0822186680652281,0.231428091793059,0.189272033518048,0.0892104773859785,0.0890421358536217,0.214254182013743,0.0853541084601174,0.0850230467987699,0.060915825200225,0.0831441513046772,0.160164430635168,0.191467226715571,0.0823565507103515,0.0793382095533997,0.0801739049764404,0.0853971500619959,0.0835029236635087,0.0889828316337834,0.229575176902771,0.0821810015878234,0.172536933340992,0.0824074004030217,0.0678674627900623,0.094110525750607,0.0651933516077381,0.0663388710181476,0.060915825200225,0.0663471737204981,0.0647404686382116,0.0679033171362285,0.0968178235822643,0.0659797467381557,0.104035465727056,0.0698536554962673,0.0674141321071009,0.066939426939428,0.0692108088070731,0.0659797467381558,0.108021765470924,0.0692108088070731,0.0670159878030813,0.0676037458920347,0.067261895072658,0.0852403541159107,0.0656126744733063,0.0636578210151993,0.0662735862957625,0.0890258786832655,0.101607576896931,0.060915825200225,0.0852403541159106,0.0656895373855254,0.0632632976365811,0.0659643653248062,0.0689055436473099,0.0690335036540088,0.0692108088070731,0.0692108088070731,0.068656104309629,0.0731127810305922,0.173291090542445,0.15653376197584,0.124680806504798,0.0738440873701046,0.174536162568116,0.0699610453795921,0.119419646753888,0.0720086638238286,0.0749355541912859,0.0710077941829556,0.121863533934053,0.119419646753888,0.0670382006574169,0.0679814322945128,0.0662628747981363,0.0672348488219701,0.0671791225877534,0.0659565731024287,0.0672530927157746,0.0683151587798103,0.0667069143169697,0.0673532446463959,0.0692108088070731,0.0644522563646246,0.0660549988615704,0.0659530166941504,0.060915825200225,0.060915825200226,0.066718964279787,0.0667954125946174,0.0659530166941504,0.0652804956062131,0.060915825200226,0.0670167712245851,0.0663650887407634,0.0667855628834213,0.0678158226027728,0.0658626554843302,0.0692108088070731,0.0673930094423945,0.0636110487107312,0.0673930094423945,0.0663118870006668,0.0642452215337954,0.067282591133634,0.0665471060966587,0.0653880506113046,0.0656870909768305,0.06620461975689,0.0652708000672002,0.0649598108997521,0.0657698791260397,0.060915825200225,0.0692108088070731,0.0692108088070731,0.060915825200225,0.0609158252002241,0.0692108088070731,0.060915825200225,0.0609158252002241,0.0692108088070731,0.060915825200225,0.060915825200225,0.060915825200225,0.0692108088070731,0.0692108088070731,0.0692108088070731,0.060915825200225,0.0692108088070741,0.0609158252002254,0.0609158252002252,0.0609158252002252,0.0609158252002253,0.0609158252002252,0.0609158252002253,0.0609158252002255,0.0609158252002256,0.0609158252002256,0.0609158252002257,0.0609158252002256,0.0609158252002256,0.0609158252002256,0.0609158252002256,0.0692108088070765,0.0609158252002256,0.0609158252002256,0.0609158252002256,0.0609158252002256,0.0609158252002256,0.0609158252002251,0.0609158252002252,0.060915825200225,0.060915825200225,0.0692108088070731,0.060915825200225,0.0632632976365811,0.0692108088070731,0.060915825200225,0.060915825200225,0.060915825200225,0.060915825200225,0.0692108088070731
"15",0.234192873318328,0.0609171627409114,0.207416058195432,0.396597008759546,0.226299496520831,0.47608457040441,0.0609171627409114,0.415932474138769,0.0692121463477595,0.0609171627409114,0.226847172610591,0.0609171627409114,0.251167357603051,0.400848114381754,1,0.494399839375522,0.447526790314788,0.401271314894116,0.0990851357816156,0.0970993423000237,0.100918492922514,0.0985313742512521,0.0982116724091424,0.108459590797315,0.0897662714008181,0.092647593710303,0.060915825200225,0.0908701900982744,0.0913154408580945,0.0961748565798217,0.0841132866030526,0.334685139391874,0.0875244072886362,0.0856354379508938,0.282516189764731,0.227076039699178,0.0981240921163616,0.0978983442119247,0.259913700841034,0.0895134402198992,0.0890406221394532,0.060915825200225,0.0868158516447351,0.175024191385764,0.211831937011886,0.085876934752181,0.0823554859471823,0.0833436153128418,0.0894079223292278,0.0871562514701153,0.0936454601036551,0.258342852905795,0.085655249529661,0.189522808018573,0.0860146226396998,0.0688057139122978,0.0974711997017018,0.0657706823302298,0.0670708106163854,0.060915825200225,0.0670802339208527,0.0652566744892023,0.0688464074607517,0.100543897080725,0.0666632159214201,0.108735692546188,0.0710599797899665,0.0682911979306877,0.0677524225852265,0.0692108088070731,0.0666632159214202,0.113260016627476,0.0692108088070731,0.067839316743059,0.0685064035771371,0.0681184137134314,0.087403835551842,0.0662466005151186,0.0640279036924557,0.0669967145221112,0.0917002861603877,0.105980115543299,0.060915825200225,0.087403835551842,0.0663338374885161,0.0635801321405901,0.066645758503942,0.0699839028400106,0.0701291333989117,0.0692108088070731,0.0692108088070731,0.0697007970840959,0.0747589841514845,0.187338635437996,0.168319597722991,0.132167501102686,0.0755889937080274,0.188751752792592,0.0711818639096845,0.126196251250449,0.0735058460564857,0.0768277740156529,0.0723698906819817,0.128969985874439,0.126196251250449,0.067864527629907,0.0689350656938118,0.0669845573112214,0.068087717074654,0.0680244695620167,0.0666369145780925,0.0681084233168785,0.0693138346953947,0.0674885281155222,0.0682220925892894,0.0692108088070731,0.0649295626778246,0.0667486247004907,0.0666328781672226,0.060915825200225,0.060915825200226,0.0675022044420544,0.0675889708605339,0.0666328781672226,0.0658695880112304,0.060915825200226,0.0678402059016781,0.0671005669020159,0.0675777917499748,0.0687471039336391,0.066530321053139,0.0692108088070731,0.0682672243745749,0.0639748186067778,0.0682672243745749,0.0670401846103291,0.0646945846954922,0.068141903087808,0.0673071508418605,0.0659916595389292,0.066331060892053,0.0669184396826179,0.0658585838812215,0.0655056210159805,0.0664250228219577,0.060915825200225,0.0692108088070731,0.0692108088070731,0.060915825200225,0.0609158252002242,0.0692108088070731,0.060915825200225,0.0609158252002242,0.0692108088070731,0.060915825200225,0.060915825200225,0.060915825200225,0.0692108088070731,0.0692108088070731,0.0692108088070731,0.060915825200225,0.0692108088070731,0.060915825200225,0.060915825200225,0.060915825200225,0.060915825200225,0.060915825200225,0.060915825200225,0.0609158252002249,0.0609158252002249,0.0609158252002249,0.0609158252002249,0.0609158252002249,0.0609158252002249,0.0609158252002249,0.0609158252002249,0.0692108088070723,0.0609158252002249,0.0609158252002249,0.0609158252002249,0.0609158252002249,0.0609158252002249,0.060915825200225,0.060915825200225,0.060915825200225,0.060915825200225,0.0692108088070731,0.060915825200225,0.0635801321405902,0.0692108088070731,0.060915825200225,0.060915825200225,0.060915825200225,0.060915825200225,0.0692108088070731
"16",0.251417443714155,0.0609171627409114,0.203280455842616,0.386072398822148,0.221630822626926,0.468943473134855,0.0609171627409114,0.480146512187996,0.0692121463477595,0.0609171627409114,0.25599060635976,0.0609171627409114,0.257211336211347,0.392733130449463,0.494399839375522,1,0.504070690127743,0.454219068887396,0.103274766267268,0.0970120413439153,0.100892362440894,0.0978742588000122,0.0986328395508085,0.110341348292903,0.0897798216960434,0.092752346830073,0.060915825200225,0.0901812188325624,0.0902701082241713,0.0952210977909587,0.0835842605012024,0.323989651151506,0.0868564748261444,0.0850766438546684,0.315120109997877,0.252297503949812,0.103438483653461,0.103806885794393,0.291911817951669,0.0889930403752814,0.0884842795085602,0.060915825200225,0.0862863853507813,0.172775143901474,0.209005557803163,0.0853555475293994,0.0819037113698306,0.0828791797544564,0.0888081391090182,0.0865791608235816,0.0929902529159456,0.255669979899075,0.085129416797591,0.187020536501215,0.0855315074160236,0.0685344092273443,0.0964994272562174,0.0656037413843917,0.0668591629696107,0.060915825200225,0.0668682622407814,0.0651074084105852,0.0685737034721141,0.0994664657058438,0.0664655839793456,0.10737657500702,0.0707111590694821,0.0680375855860687,0.0675173367725644,0.0692108088070731,0.0664655839793457,0.111745323976378,0.0692108088070731,0.0676012429551572,0.0682453910901028,0.0678707427919855,0.0867782432818524,0.0660632944673219,0.0639208905892676,0.066787614771542,0.0909269545215286,0.10471575231283,0.060915825200225,0.0867782432818524,0.0661475316772945,0.0634885162786361,0.0664487268592001,0.0696720845068281,0.0698123211130302,0.0692108088070731,0.0692108088070731,0.0693987137320671,0.0742829680738076,0.18327664749902,0.16491160557834,0.130002648568984,0.075084436609119,0.184641172868016,0.0708288520359523,0.124236728363217,0.0730729208573337,0.076280619750504,0.071976026872191,0.126915084303709,0.124236728363217,0.0676255869309546,0.0686593130697795,0.0667758756030852,0.067841101699391,0.0677800290395452,0.0664401870439161,0.0678610959289715,0.0690250575778117,0.0672625166774904,0.067970856526968,0.0692108088070731,0.0647915447891592,0.0665480558599703,0.0664362894305906,0.060915825200225,0.060915825200226,0.0672757227247073,0.0673595055604407,0.0664362894305906,0.0656992460573931,0.060915825200226,0.0676021015388333,0.066887896044396,0.0673487108589879,0.0684778146334872,0.0663372588840598,0.0692108088070731,0.068014436393686,0.0638696309073405,0.068014436393686,0.066829590080934,0.064564646848231,0.0678934244518877,0.067087376311076,0.0658171199875628,0.0661448505579236,0.066712031520162,0.0656886203195434,0.065347794568329,0.0662355814775162,0.060915825200225,0.0692108088070731,0.0692108088070731,0.060915825200225,0.060915825200224,0.0692108088070731,0.060915825200225,0.060915825200224,0.0692108088070731,0.060915825200225,0.060915825200225,0.060915825200225,0.0692108088070731,0.0692108088070731,0.0692108088070731,0.060915825200225,0.0692108088070721,0.0609158252002248,0.0609158252002249,0.0609158252002249,0.0609158252002248,0.0609158252002249,0.0609158252002248,0.0609158252002247,0.0609158252002247,0.0609158252002247,0.0609158252002247,0.0609158252002247,0.0609158252002247,0.0609158252002247,0.0609158252002247,0.0692108088070711,0.0609158252002247,0.0609158252002247,0.0609158252002247,0.0609158252002247,0.0609158252002247,0.0609158252002249,0.0609158252002249,0.060915825200225,0.060915825200225,0.0692108088070731,0.060915825200225,0.0634885162786362,0.0692108088070731,0.060915825200225,0.060915825200225,0.060915825200225,0.060915825200225,0.0692108088070731
"17",0.229932361757926,0.0609171627409114,0.188248957182787,0.354327148153983,0.204661791421199,0.420943417961694,0.0609171627409114,0.488889663049589,0.0692121463477595,0.0609171627409114,0.266999562275308,0.0609171627409114,0.235166361220379,0.356911038384125,0.447526790314788,0.504070690127743,1,0.503185314002591,0.107536587180503,0.0945536930667308,0.0982067024488237,0.0950597932664999,0.0963325121769632,0.10802354788477,0.087857693431031,0.0906793145264066,0.060915825200225,0.0878642574433124,0.0877605315721603,0.0924285738490996,0.0817920145796897,0.301357959096018,0.0847727551848848,0.0831690557882749,0.350572124076582,0.27231796095826,0.109351175405716,0.108497006144225,0.310265847571782,0.0868437984177023,0.0863502143303973,0.060915825200225,0.0843133028575853,0.164674932156321,0.198181333662664,0.0834489129325144,0.0802642577769917,0.0811678950672417,0.0866296720027745,0.0845615624234921,0.0905032266447899,0.241807187259275,0.0832355677339097,0.177835536780869,0.0836331600793241,0.0678830759762389,0.0941664498276836,0.0652029588139988,0.0663510510293903,0.060915825200225,0.0663593723793812,0.0647490586818214,0.0679190108502773,0.0968798281755543,0.0659911201661766,0.104113680945412,0.069873729616448,0.0674287271250747,0.0669529557826959,0.0692108088070731,0.0659911201661766,0.108108933808494,0.0692108088070731,0.0670296885999361,0.0676187667773366,0.0672761481704539,0.0852763560322903,0.0656232234671504,0.0636639794621258,0.0662856196793201,0.0890703827833504,0.101680339143978,0.060915825200225,0.0852763560322903,0.0657002590113489,0.0632685699948873,0.065975704206597,0.0689234883344437,0.0690517357357862,0.0692108088070731,0.0692108088070731,0.0686734887628943,0.073140175056779,0.173524851982847,0.156729886918745,0.124805390588781,0.073873123890148,0.174772720405928,0.0699813606944873,0.119532414418267,0.07203357803324,0.0749670421156874,0.0710304604667752,0.121981790501592,0.119532414418267,0.0670519513437298,0.0679973014530515,0.0662748841239666,0.0672490411746336,0.0671931897808327,0.0659678944831036,0.0672673260437201,0.0683317774788247,0.0667199209433048,0.0673677029128135,0.0692108088070731,0.0644601990914224,0.0660665413037839,0.0659643300872302,0.060915825200225,0.060915825200226,0.0667319979700059,0.0668086179856416,0.0659643300872302,0.0652902985354895,0.060915825200226,0.0670304737809833,0.0663773276362878,0.066798746152266,0.0678313198065144,0.0658737659286269,0.0692108088070731,0.0674075570194465,0.0636171021083537,0.0674075570194465,0.0663240064065512,0.0642526992660768,0.0672968907142118,0.0665597537981413,0.0653980951061546,0.0656978071080886,0.0662164982435054,0.065280581220564,0.0649688935800285,0.0657807811971961,0.060915825200225,0.0692108088070731,0.0692108088070731,0.060915825200225,0.0609158252002239,0.0692108088070731,0.060915825200225,0.0609158252002239,0.0692108088070731,0.060915825200225,0.060915825200225,0.060915825200225,0.0692108088070731,0.0692108088070731,0.0692108088070731,0.060915825200225,0.0692108088070715,0.0609158252002247,0.0609158252002247,0.0609158252002247,0.0609158252002247,0.0609158252002248,0.0609158252002247,0.0609158252002246,0.0609158252002246,0.0609158252002246,0.0609158252002246,0.0609158252002246,0.0609158252002246,0.0609158252002246,0.0609158252002246,0.0692108088070705,0.0609158252002246,0.0609158252002246,0.0609158252002246,0.0609158252002246,0.0609158252002246,0.0609158252002248,0.0609158252002248,0.060915825200225,0.060915825200225,0.0692108088070731,0.060915825200225,0.0632685699948874,0.0692108088070731,0.060915825200225,0.060915825200225,0.060915825200225,0.060915825200225,0.0692108088070731
"18",0.209321714702033,0.0609171627409114,0.172606031159921,0.319109198613911,0.187002520989285,0.378379907820129,0.0609171627409114,0.444486585724733,0.0692121463477595,0.0609171627409114,0.26119868788429,0.0609171627409114,0.213906915456277,0.32175251317705,0.401271314894116,0.454219068887396,0.503185314002591,1,0.10174298814231,0.0902700935265652,0.0934539493832108,0.090743630401391,0.0917936120740732,0.101912235342369,0.0844221112399945,0.0868788881692375,0.060915825200225,0.0844672410626815,0.084396726623609,0.088464503454779,0.0791601782903402,0.272361372414608,0.0817686948050474,0.0803633299525281,0.348329287551581,0.276070312509542,0.105857778235228,0.109376056026201,0.309135975153173,0.0835674257427796,0.0831387846931669,0.060915825200225,0.0813600518959715,0.152630342376931,0.181897389592146,0.0806054100171407,0.0778228625531167,0.0786120051333077,0.0833850507442992,0.081579331947872,0.0867678740050763,0.219952767819924,0.0804195135622672,0.164127302548327,0.080764020892282,0.067010037086804,0.0910393562548822,0.0646657549025345,0.065669984181896,0.060915825200225,0.0656772628161317,0.0642687312170431,0.0670414691026089,0.0934127317959646,0.0653551548445488,0.0997401388253774,0.0687512497209165,0.0666126209095436,0.0661964666094859,0.0692108088070731,0.0653551548445489,0.103234762209956,0.0692108088070731,0.0662635843381209,0.0667788474377638,0.0664791610257552,0.0832632452718801,0.065033357839056,0.0633196190218405,0.0656127517778715,0.0865818573999104,0.0976117095485865,0.060915825200225,0.08326324527188,0.0651007403611205,0.062973756765295,0.0653416705984475,0.0679200794498757,0.0680322566719695,0.0692108088070731,0.0692108088070731,0.0677014063448654,0.071608389684625,0.160453668048986,0.145763214236026,0.117839051426083,0.0722494955721796,0.161545170970483,0.0688453939703831,0.113226811234208,0.0706404559972484,0.0732063391920445,0.0697630351617256,0.115369265599866,0.113226811234208,0.0662830574247395,0.0671099494167777,0.0656033614528858,0.0664554507013462,0.0664065978268157,0.0653348394807982,0.0664714443651477,0.067402513562604,0.0659926324525336,0.0665592434021613,0.0692108088070731,0.0640160674898493,0.0654211252549851,0.0653317217254025,0.060915825200225,0.0609158252002258,0.0660031961543498,0.0660702152161072,0.0653317217254025,0.0647421504258177,0.0609158252002258,0.0662642711312082,0.0656929681701637,0.0660615803834833,0.0669647662798705,0.0652525058065843,0.0692108088070731,0.0665941035468841,0.063278615685553,0.0665941035468841,0.0656463284147545,0.0638345686544065,0.0664973044026468,0.0658525352246205,0.0648364394306777,0.0650985956962486,0.0655522916782855,0.0647336507495425,0.0644610194657094,0.0651711726274333,0.060915825200225,0.0692108088070731,0.0692108088070731,0.060915825200225,0.0609158252002241,0.0692108088070731,0.060915825200225,0.0609158252002241,0.0692108088070731,0.060915825200225,0.060915825200225,0.060915825200225,0.0692108088070731,0.0692108088070731,0.0692108088070731,0.060915825200225,0.0692108088070715,0.0609158252002247,0.0609158252002247,0.0609158252002247,0.0609158252002247,0.0609158252002248,0.0609158252002247,0.0609158252002247,0.0609158252002246,0.0609158252002246,0.0609158252002246,0.0609158252002246,0.0609158252002246,0.0609158252002246,0.0609158252002247,0.0692108088070708,0.0609158252002246,0.0609158252002246,0.0609158252002247,0.0609158252002247,0.0609158252002246,0.0609158252002248,0.0609158252002248,0.060915825200225,0.060915825200225,0.0692108088070731,0.060915825200225,0.062973756765295,0.0692108088070731,0.060915825200225,0.060915825200225,0.060915825200225,0.060915825200225,0.0692108088070731
"19",0.0976865369427327,0.060915825200225,0.0887317660487542,0.0898453441040634,0.0923171896920281,0.0962013074027056,0.060915825200225,0.100102201592379,0.060915825200225,0.060915825200225,0.313550228092458,0.060915825200225,0.0988356310445476,0.089934591932408,0.0990851357816156,0.103274766267268,0.107536587180503,0.10174298814231,1,0.190536409029792,0.204680392348052,0.191942844027463,0.19788161564747,0.244357576552927,0.164814065879979,0.175781061585673,0.0692121463477595,0.0857477425430934,0.0855695777478411,0.0899195131082392,0.0801534915345505,0.0974761038668417,0.0828857032771018,0.0814236315813613,0.102627196891714,0.0912981963011214,0.106416432432329,0.102347584492021,0.0964838810418476,0.0848402056203683,0.0843742164329908,0.0692108088070731,0.082491486000566,0.0760351636494515,0.0813501926288864,0.0816917596555763,0.173050773125882,0.0795895775574429,0.0846233763406161,0.0827107521928853,0.0882027356034286,0.0883062141193341,0.0814928931378763,0.0781217487725755,0.0818714236023638,0.0673144378052267,0.0648530607128118,0.0921296736985326,0.0659074503935162,0.060915825200225,0.0659150925893628,0.0644362060307382,0.0673474398235799,0.0652811486782341,0.0655768955976105,0.0664224290001776,0.0691426225346017,0.0668971710267529,0.06646023017213,0.060915825200225,0.0655768955976106,0.0670527574874841,0.060915825200225,0.0665307003744228,0.0670717004291678,0.0667570449348866,0.063450476304239,0.0652390251044411,0.0634396864858308,0.0658473592794196,0.0640490574766337,0.0660385222214674,0.060915825200225,0.063450476304239,0.0653097733263709,0.0817884993879563,0.0655627378248455,0.0682699360130029,0.0683877163922616,0.060915825200225,0.060915825200225,0.0680403403717396,0.072142474217852,0.0773733850326478,0.0747236541430094,0.0696869467882288,0.0728156028011034,0.0775702604351401,0.0692414692095346,0.0688550327124321,0.071126193063189,0.0738202399487823,0.0702049458006135,0.0692414692095346,0.0688550327124322,0.066551146125213,0.0674193406713991,0.0658374999156597,0.0667321502998697,0.066680857265663,0.0655555654986593,0.0667489428336222,0.067726518148339,0.0662462146718029,0.0668411273581182,0.060915825200225,0.0641709219645228,0.0656461611741331,0.0655522920140241,0.060915825200225,0.060915825200226,0.0662573060215712,0.0663276726286597,0.0655522920140241,0.0649332721277319,0.060915825200226,0.0665314214722427,0.065931582412517,0.0663186064934648,0.0672669057598573,0.0654691193272025,0.060915825200225,0.0668777287375233,0.063396635067649,0.0668777287375233,0.065882613040856,0.0639803574160839,0.066776094558076,0.0660991197060987,0.0650322707884674,0.0653075215373061,0.0657838792491036,0.0649243478998308,0.0646380989144463,0.065383723624689,0.060915825200225,0.060915825200225,0.060915825200225,0.060915825200225,0.060915825200224,0.060915825200225,0.060915825200225,0.060915825200224,0.060915825200225,0.060915825200225,0.060915825200225,0.060915825200225,0.060915825200225,0.060915825200225,0.060915825200225,0.060915825200225,0.0609158252002248,0.0609158252002247,0.0609158252002248,0.0609158252002248,0.0609158252002248,0.0609158252002248,0.0609158252002248,0.0609158252002247,0.0609158252002246,0.0609158252002246,0.0609158252002246,0.0609158252002246,0.0609158252002246,0.0609158252002246,0.0609158252002246,0.0609158252002246,0.0609158252002246,0.0609158252002246,0.0609158252002246,0.0609158252002246,0.0609158252002246,0.0609158252002249,0.0609158252002249,0.060915825200225,0.060915825200225,0.060915825200225,0.060915825200225,0.0630765487027156,0.060915825200225,0.060915825200225,0.060915825200225,0.060915825200225,0.060915825200225,0.060915825200225
"20",0.0936037122307014,0.0692108088070731,0.239994076993164,0.0920695796093011,0.0940364388936807,0.0959642813017307,0.0692108088070731,0.0911064677970302,0.060915825200225,0.0692108088070731,0.0922931454111256,0.0692108088070731,0.095046300110538,0.0909008981877016,0.0970993423000237,0.0970120413439153,0.0945536930667308,0.0902700935265652,0.190536409029792,1,0.479619201714339,0.475932393420037,0.484652490846525,0.228785094446047,0.244399113071762,0.483467511288937,0.0609171627409114,0.270491239351017,0.0908247654764464,0.0992987244234701,0.22552806990543,0.101942885129978,0.242723280736961,0.0896142040733984,0.0901137180335025,0.0824382090012482,0.0907359116391904,0.0902654181621551,0.0867935645350847,0.275611595405912,0.26720004681318,0.060915825200225,0.249790956762541,0.0824307724565559,0.0905392313102227,0.242104018121171,0.0863591117706346,0.0876739147934621,0.266048251523157,0.248105859686478,0.298096517286246,0.103847078025985,0.239659118619599,0.0855420002753766,0.247418570435233,0.0686783644681956,0.0656923208502058,0.0656923208502058,0.0669714639716087,0.060915825200225,0.0669807351760111,0.0651866095283319,0.0687184011885288,0.0662116599392983,0.0665704481980601,0.0675962152893007,0.0708962445973629,0.0681721532075557,0.0676420741496144,0.060915825200225,0.0665704481980602,0.0683609044393535,0.060915825200225,0.0677275657626076,0.0683838852537499,0.0680021578729845,0.0639907618998052,0.0997406834735138,0.0639776721264031,0.104036660187265,0.064716936485238,0.0671304750376332,0.060915825200225,0.0639907618998052,0.0662463862102748,0.0635371279842382,0.102026700544396,0.0698375364350273,0.0699804228504788,0.060915825200225,0.060915825200225,0.0695590002442806,0.0745355439153293,0.0808814743714655,0.0776669275079328,0.0715565968727896,0.0753521564190768,0.0811203156855262,0.0710161614048084,0.0705473522006085,0.07330263252385,0.160340105079713,0.0721850124251335,0.0710161614048084,0.0705473522006085,0.0677523697245238,0.0688056284030909,0.0668866028673827,0.067971956703792,0.067909730059239,0.0665445713805495,0.0679923287298402,0.0691782837542085,0.06738243915875,0.068104163284528,0.060915825200225,0.0648647775768938,0.0666544784075548,0.0665406001207482,0.060915825200225,0.0609158252002262,0.0673958947378617,0.0674812606733226,0.0665406001207482,0.0657896301102741,0.0609158252002262,0.0677284405694583,0.0670007399657457,0.0674702620030166,0.0686207005039197,0.0664396983648002,0.060915825200225,0.0681485666048152,0.0639254438786854,0.0681485666048152,0.0669413322950657,0.0646335923369584,0.0680252681090896,0.0672039894669361,0.0659097313007781,0.0662436544304154,0.0668215524329508,0.0657788035961849,0.0654315378486496,0.0663360997356912,0.060915825200225,0.060915825200225,0.060915825200225,0.060915825200225,0.060915825200224,0.060915825200225,0.0692108088070731,0.060915825200224,0.060915825200225,0.0692108088070731,0.060915825200225,0.060915825200225,0.060915825200225,0.060915825200225,0.060915825200225,0.060915825200225,0.0609158252002252,0.0609158252002251,0.0609158252002252,0.0609158252002252,0.0609158252002252,0.0609158252002252,0.0609158252002252,0.060915825200225,0.0609158252002249,0.0609158252002249,0.060915825200225,0.0609158252002249,0.060915825200225,0.060915825200225,0.0692108088070726,0.060915825200225,0.0609158252002249,0.0609158252002249,0.060915825200225,0.060915825200225,0.060915825200225,0.0609158252002252,0.0609158252002252,0.060915825200225,0.060915825200225,0.060915825200225,0.0692108088070731,0.0635371279842383,0.060915825200225,0.060915825200225,0.060915825200225,0.0692108088070731,0.060915825200225,0.060915825200225
"21",0.0971502497435252,0.0692108088070731,0.257252444487055,0.0951977726308068,0.0973834161989868,0.0995739045892699,0.0692108088070731,0.0943703119583623,0.060915825200225,0.0692108088070731,0.0956894602576511,0.0692108088070731,0.0987294149109579,0.0939504832640027,0.100918492922514,0.100892362440894,0.0982067024488237,0.0934539493832108,0.204680392348052,0.479619201714339,1,0.473631195063234,0.475903120164799,0.247248224640986,0.211220167066041,0.423332395913125,0.0609171627409114,0.267687006889873,0.0925560149945783,0.0998924307207049,0.223125743698564,0.106011751331811,0.24287849538993,0.0891311884098874,0.0932832227517979,0.0847725025565865,0.0939769648041483,0.0934486420250982,0.0895973984061377,0.264734921172753,0.259680487675444,0.060915825200225,0.243850573840259,0.0818586414551465,0.0894106060033121,0.237027010098354,0.0856472445397788,0.0868498318781412,0.260573712086691,0.244302681200612,0.290778829801685,0.0999701090065622,0.23512651340241,0.084801225052918,0.239727023415191,0.0691276913999773,0.0659688035913535,0.0659688035913535,0.0673219886511232,0.060915825200225,0.0673317965100512,0.0654338196682365,0.0691700456063915,0.0665182041115576,0.0668977604749182,0.0679829030828445,0.0714739513336256,0.0685921785996318,0.0680314164380714,0.060915825200225,0.0668977604749183,0.0687918555103764,0.060915825200225,0.0681218566487893,0.0688161665465554,0.0684123432527317,0.06416875157882,0.101507875166592,0.0641549041167909,0.106052520256652,0.0649369600641336,0.0674902039159221,0.060915825200225,0.06416875157882,0.0665549404784901,0.0636888595113265,0.103926216081645,0.0703539608931833,0.0705051181479094,0.060915825200225,0.060915825200225,0.0700593019096677,0.0753239079043191,0.0820371662879184,0.0786365485486841,0.0721725274494181,0.0761877892176785,0.0822898326959496,0.071600809407234,0.0711048636444877,0.0740196306525758,0.165615034542365,0.0728373182164014,0.071600809407234,0.0711048636444877,0.0681480963635847,0.0692623218822636,0.0672322154455507,0.0683803939186383,0.06831456534612,0.0668703858033401,0.0684019451593278,0.0696565480209483,0.0677567527317569,0.0685202531469466,0.060915825200225,0.0650933587916107,0.0669866546902369,0.0668661846710808,0.060915825200225,0.060915825200226,0.0677709871737986,0.0678612944322641,0.0668661846710808,0.0660717455019954,0.060915825200226,0.0681227820929719,0.0673529592573151,0.0678496591147718,0.069066689613985,0.0667594423164772,0.060915825200225,0.0685672267096476,0.0640996526884502,0.0685672267096476,0.0672901128321928,0.0648487916220067,0.0684367912020674,0.067567973655481,0.0661987986314936,0.0665520505722469,0.0671633996308605,0.0660602923058128,0.0656929254228801,0.0666498469828689,0.060915825200225,0.060915825200225,0.060915825200225,0.060915825200225,0.0609158252002239,0.060915825200225,0.0692108088070731,0.0609158252002239,0.060915825200225,0.0692108088070731,0.060915825200225,0.060915825200225,0.060915825200225,0.060915825200225,0.060915825200225,0.060915825200225,0.0609158252002252,0.0609158252002251,0.0609158252002252,0.0609158252002252,0.0609158252002252,0.0609158252002252,0.0609158252002252,0.060915825200225,0.0609158252002249,0.0609158252002249,0.060915825200225,0.0609158252002249,0.060915825200225,0.060915825200225,0.0692108088070726,0.060915825200225,0.0609158252002249,0.0609158252002249,0.060915825200225,0.060915825200225,0.060915825200225,0.0609158252002252,0.0609158252002252,0.060915825200225,0.060915825200225,0.060915825200225,0.0692108088070731,0.0636888595113266,0.060915825200225,0.060915825200225,0.060915825200225,0.0692108088070731,0.060915825200225,0.060915825200225
"22",0.0941221193049024,0.0692108088070731,0.252930628790691,0.0945905572443929,0.096545270930695,0.0980733490508477,0.0692108088070731,0.0916798163893354,0.060915825200225,0.0692108088070731,0.0928553827489656,0.0692108088070731,0.0957480278311638,0.0930155724713524,0.0985313742512521,0.0978742588000122,0.0950597932664999,0.090743630401391,0.191942844027463,0.475932393420037,0.473631195063234,1,0.434733794703913,0.229436005032163,0.207043611345277,0.406843776752323,0.0609171627409114,0.300995339451293,0.0946321693660878,0.105621313858915,0.249071354163298,0.105670934894733,0.270171893067308,0.0939091177524704,0.0905637320084222,0.0827861404910353,0.0911632663686598,0.0907398845455398,0.087234730182011,0.298477939476997,0.293362195264412,0.060915825200225,0.274542307825127,0.0855073973701048,0.0944221765025117,0.266415318571688,0.0899671482785705,0.0913979675093834,0.294148522249786,0.274361338675165,0.331971891106909,0.10600790818487,0.264033127544358,0.0889870826295132,0.269576116510828,0.0696665346249923,0.0663003680745022,0.0663003680745022,0.0677423459353127,0.060915825200225,0.0677527973627313,0.065730279772496,0.0697116680141917,0.0668858189565767,0.0672902809102054,0.0684466280078583,0.0721667505825962,0.0690958827420855,0.0684983246946387,0.060915825200225,0.0672902809102055,0.0693086619791381,0.060915825200225,0.068594699377939,0.0693345682479742,0.0689042470253379,0.0643822009090871,0.103627132223681,0.0643674448093724,0.108469986168745,0.065200817417089,0.0679215990876729,0.060915825200225,0.0643822009090871,0.0669249658769635,0.0638708194598846,0.106204158946095,0.0709732690201319,0.0711343448561695,0.060915825200225,0.060915825200225,0.070659275211487,0.0762693321917712,0.0834230987022425,0.0797993404751972,0.0729111656097877,0.0771898993523665,0.0836923444819834,0.0723019327827597,0.0717734442328162,0.0748794713535998,0.171940851675359,0.0736195783735411,0.0723019327827597,0.0717734442328162,0.0686226608807178,0.0698099992408963,0.0676466820244565,0.0688702012515557,0.068800053163905,0.0672611099774657,0.068893166633654,0.070230093565787,0.0682056382059618,0.0690192377114209,0.060915825200225,0.0653674786589142,0.0673850081535474,0.0672566331768505,0.060915825200225,0.0609158252002262,0.0682208066784017,0.0683170396854376,0.0672566331768506,0.0664100647896879,0.0609158252002262,0.0685956855475786,0.0677753487593847,0.0683046408859488,0.069601530046176,0.0671428866415647,0.060915825200225,0.0690692935681341,0.0643085679130672,0.0690692935681341,0.0677083785005844,0.0651068635704576,0.068930299191248,0.0680044718934839,0.0665454548448472,0.0669218863419118,0.0675733506788726,0.0663978600618779,0.0660063874335339,0.0670260999215442,0.060915825200225,0.060915825200225,0.060915825200225,0.060915825200225,0.0609158252002239,0.060915825200225,0.0692108088070731,0.0609158252002239,0.060915825200225,0.0692108088070731,0.060915825200225,0.060915825200225,0.060915825200225,0.060915825200225,0.060915825200225,0.060915825200225,0.0609158252002254,0.0609158252002253,0.0609158252002254,0.0609158252002254,0.0609158252002254,0.0609158252002254,0.0609158252002254,0.0609158252002253,0.0609158252002252,0.0609158252002252,0.0609158252002253,0.0609158252002252,0.0609158252002253,0.0609158252002252,0.0692108088070743,0.0609158252002253,0.0609158252002252,0.0609158252002252,0.0609158252002253,0.0609158252002252,0.0609158252002253,0.0609158252002253,0.0609158252002253,0.060915825200225,0.060915825200225,0.060915825200225,0.0692108088070731,0.0638708194598847,0.060915825200225,0.060915825200225,0.060915825200225,0.0692108088070731,0.060915825200225,0.060915825200225
"23",0.0953082880215279,0.0692108088070731,0.239668875635391,0.0918648322410439,0.093973371424263,0.0963901350736517,0.0692108088070731,0.0925954898249107,0.060915825200225,0.0692108088070731,0.0938710626444148,0.0692108088070731,0.0966812999218935,0.0909851775387596,0.0982116724091424,0.0986328395508085,0.0963325121769632,0.0917936120740732,0.19788161564747,0.484652490846525,0.475903120164799,0.434733794703913,1,0.239354200936927,0.221370187010018,0.466786315828199,0.0609171627409114,0.250990484452406,0.0894391365380302,0.0963069726541738,0.210242378278617,0.101304912237217,0.22756996749643,0.0867815129607732,0.0916480737413981,0.0835545791057321,0.0923320690436467,0.0917877870811553,0.0881152473688063,0.250828059047057,0.245081224658994,0.060915825200225,0.230171980382816,0.0801755769729157,0.0872297783682241,0.223687582931674,0.0836705320203282,0.0848005982433699,0.245256456034366,0.229949935189853,0.273182615039905,0.0977944396592458,0.221792736987164,0.0829082330592325,0.226989263444082,0.0683187395886124,0.065471034153462,0.065471034153462,0.0666909168092976,0.060915825200225,0.066699758495001,0.0649887515534218,0.0683569214776551,0.0659663131700793,0.0663084793957798,0.0672867244901668,0.0704338692070452,0.0678359802110957,0.0673304587896186,0.060915825200225,0.0663084793957798,0.0680159869281589,0.060915825200225,0.0674119897255747,0.0680379030815823,0.0676738604633157,0.0638483054558326,0.0983262877298539,0.0638358221087584,0.102423239349491,0.064540837641681,0.066842561170498,0.060915825200225,0.0638483054558326,0.0659994306336042,0.0634156876068681,0.100506397624559,0.0694242091438239,0.0695604758813354,0.060915825200225,0.060915825200225,0.0691585770480645,0.0739045661471286,0.0799565007344714,0.0768908782098444,0.0710636285154885,0.0746833464205725,0.0801842769478165,0.0705482304783513,0.0701011403853581,0.0727287733859572,0.15611824402791,0.0716629306734213,0.0705482304783513,0.0701011403853582,0.0674356445632792,0.0684401076077923,0.0666099871717392,0.0676450584615166,0.0675857146686674,0.0662838014060058,0.0676644866871973,0.0687954984876917,0.0670828522341801,0.0677711401423924,0.060915825200225,0.0646818295139064,0.0663886166325077,0.0662800141277315,0.060915825200225,0.0609158252002258,0.0670956844398246,0.0671770955206688,0.0662800141277315,0.065563835245555,0.0609158252002258,0.0674128240041527,0.0667188364977848,0.0671666063995383,0.0682637470950362,0.0661837869738151,0.060915825200225,0.0678134863344436,0.063786013504491,0.0678134863344436,0.0666621810806751,0.064461354682151,0.0676959000425662,0.0669126698047547,0.0656783723577746,0.065996825412332,0.0665479504102618,0.0655535103049447,0.0652223327726608,0.0660849878881586,0.060915825200225,0.060915825200225,0.060915825200225,0.060915825200225,0.0609158252002241,0.060915825200225,0.0692108088070731,0.0609158252002241,0.060915825200225,0.0692108088070731,0.060915825200225,0.060915825200225,0.060915825200225,0.060915825200225,0.060915825200225,0.060915825200225,0.0609158252002251,0.060915825200225,0.0609158252002251,0.0609158252002251,0.0609158252002251,0.0609158252002251,0.060915825200225,0.0609158252002249,0.0609158252002248,0.0609158252002248,0.0609158252002248,0.0609158252002248,0.0609158252002248,0.0609158252002248,0.0692108088070717,0.0609158252002248,0.0609158252002248,0.0609158252002248,0.0609158252002248,0.0609158252002248,0.0609158252002248,0.0609158252002251,0.0609158252002252,0.060915825200225,0.060915825200225,0.060915825200225,0.0692108088070731,0.0634156876068682,0.060915825200225,0.060915825200225,0.060915825200225,0.0692108088070731,0.060915825200225,0.060915825200225
"24",0.335137371380043,0.060915825200225,0.0957250747680199,0.0973103296098095,0.100211923049896,0.104423197099928,0.060915825200225,0.102776038468544,0.060915825200225,0.060915825200225,0.104540011867981,0.060915825200225,0.343581059052839,0.0970439371171755,0.108459590797315,0.110341348292903,0.10802354788477,0.101912235342369,0.244357576552927,0.228785094446047,0.247248224640986,0.229436005032163,0.239354200936927,1,0.195644346339384,0.210050401575771,0.0609171627409114,0.0927687266218542,0.0923613869569348,0.0980462687256424,0.0855950963275687,0.107405886447584,0.0890685878443896,0.0872270643891409,0.10176786793714,0.0909715639154419,0.102752086128186,0.101902163220078,0.0969733018169198,0.0916755532221459,0.0910536246717747,0.060915825200225,0.0886260200525239,0.0803264042076089,0.0871681024772344,0.0875931963227034,0.083819586776822,0.0848959625433307,0.0913551555708083,0.0888867241840367,0.0959682624348536,0.0961994315188652,0.0873331717187509,0.0830100731603784,0.0878450652266283,0.0690771778153795,0.0659377212471917,0.0659377212471917,0.0672825824709016,0.060915825200225,0.0672923299988281,0.0654060281662538,0.0691192714887144,0.0664837422445224,0.0668609638459661,0.0679394314251483,0.0714090052197147,0.0685449591104913,0.0679876463605747,0.060915825200225,0.0668609638459662,0.0687434077503072,0.060915825200225,0.0680775302471728,0.0687675692422106,0.0683662299832724,0.0641487418797065,0.0664300141380786,0.0641349795974559,0.0672059369851607,0.0649122248905216,0.0674497629945339,0.060915825200225,0.0641487418797065,0.0665202526353449,0.0636718017683165,0.0668429057788642,0.0702959041672002,0.0704461316095562,0.060915825200225,0.060915825200225,0.0700030577170514,0.0752352795844152,0.0819072427572752,0.0785275432097984,0.0721032841900273,0.0760938469118009,0.0821583549405217,0.0715350829523048,0.0710421878966247,0.0739390253225371,0.0773752493842808,0.072763985635067,0.0715350829523048,0.0710421878966248,0.0681036085538279,0.0692109801462945,0.0671933614865057,0.0683344771788535,0.0682690535370885,0.0668337575639789,0.0683558958515745,0.0696027812849946,0.067714672190844,0.0684734760922481,0.060915825200225,0.0650676615638011,0.0669493112470339,0.0668295822741096,0.060915825200225,0.0609158252002261,0.0677288190726801,0.067818570824854,0.0668295822741096,0.0660400299321106,0.0609158252002261,0.0680784499986784,0.06731336256786,0.0678070070795939,0.0690165512691688,0.0667234965228686,0.060915825200225,0.0685201607068615,0.0640800680367696,0.0685201607068615,0.0672509027294325,0.0648245987982036,0.0683905275461397,0.0675270543497377,0.066166301520745,0.0665173805057584,0.0671249689779669,0.066028647187879,0.0656635400858132,0.0666145753421291,0.060915825200225,0.060915825200225,0.060915825200225,0.060915825200225,0.060915825200224,0.060915825200225,0.060915825200225,0.060915825200224,0.060915825200225,0.060915825200225,0.060915825200225,0.060915825200225,0.060915825200225,0.060915825200225,0.060915825200225,0.060915825200225,0.060915825200225,0.0609158252002248,0.060915825200225,0.060915825200225,0.060915825200225,0.060915825200225,0.0609158252002249,0.0609158252002248,0.0609158252002246,0.0609158252002247,0.0609158252002247,0.0609158252002247,0.0609158252002247,0.0609158252002247,0.0609158252002247,0.0609158252002247,0.0609158252002247,0.0609158252002246,0.0609158252002247,0.0609158252002247,0.0609158252002247,0.060915825200225,0.060915825200225,0.060915825200225,0.060915825200225,0.060915825200225,0.060915825200225,0.0636718017683165,0.060915825200225,0.060915825200225,0.060915825200225,0.060915825200225,0.060915825200225,0.060915825200225
"25",0.087092911412435,0.060915825200225,0.0841529748875217,0.0855667387595472,0.0871482007669847,0.0887552405104139,0.060915825200225,0.0850791880243276,0.060915825200225,0.060915825200225,0.0860338969820457,0.060915825200225,0.0882246056954354,0.0846877723919863,0.0897662714008181,0.0897798216960434,0.087857693431031,0.0844221112399945,0.164814065879979,0.244399113071762,0.211220167066041,0.207043611345277,0.221370187010018,0.195644346339384,1,0.247566905913195,0.0609171627409114,0.0877681853799209,0.0843883125019445,0.0908412326757181,0.0817658079177971,0.0933192277716416,0.084110041236606,0.198891670041013,0.0842999724772613,0.0781503932038096,0.0848030129479358,0.0844182197516995,0.0816346977634053,0.088317500143067,0.0872470327742398,0.060915825200225,0.0849472533623026,0.0775959858565959,0.0838490895302399,0.083934551352475,0.0806380416463948,0.0816497521122657,0.0871273437882449,0.0847587754452466,0.091374401518405,0.0939470832191192,0.0836171358554306,0.0799995326243733,0.0846016876134286,0.0670078532932898,0.0646644111566465,0.0646644111566465,0.0656682805815382,0.060915825200225,0.0656755566075558,0.0642675297402073,0.0670392740457787,0.0650719876224599,0.0653535640598067,0.0661585843915637,0.0687484419830871,0.0666105795257266,0.0661945743499656,0.060915825200225,0.0653535640598067,0.0667587111830384,0.060915825200225,0.0662616680277039,0.0667767464885063,0.0664771674658133,0.063329030481586,0.0650318823667166,0.0633187576488769,0.0656110686861139,0.0638989311058804,0.0657930722055015,0.060915825200225,0.063329030481586,0.0650992407429987,0.0629730193282506,0.0653400846456362,0.0679175695527321,0.0680297065773575,0.060915825200225,0.060915825200225,0.0676989748068136,0.0716045581222483,0.076584833941906,0.0740620628327256,0.0692666853663854,0.0722454342765893,0.0767722762136696,0.0688425524970015,0.0684746318020225,0.070636971283217,0.0732019350221121,0.0697598648617594,0.0688425524970015,0.0684746318020225,0.0662811341363569,0.0671077298207832,0.0656016817260469,0.0664534656377372,0.0664046302690946,0.065333255975842,0.0664694535703858,0.0674001891294796,0.0659908132347318,0.0665572211455843,0.060915825200225,0.0640149565522692,0.0654195108304749,0.0653301393376596,0.060915825200225,0.0609158252002258,0.0660013731511621,0.0660683681973791,0.0653301393376596,0.0647407793044377,0.0609158252002258,0.0662623545746863,0.0656912563337475,0.066059736458952,0.0669625987086495,0.0652509518049909,0.060915825200225,0.0665920687985593,0.0632777690056812,0.0665920687985593,0.0656446332911795,0.0638335227549292,0.0664953043412261,0.0658507662091129,0.0648350345218741,0.065097096846643,0.0655506302517362,0.0647322826739275,0.0644597490845036,0.0651696477706862,0.060915825200225,0.060915825200225,0.060915825200225,0.060915825200225,0.0609158252002243,0.060915825200225,0.060915825200225,0.0609158252002243,0.060915825200225,0.060915825200225,0.060915825200225,0.060915825200225,0.060915825200225,0.060915825200225,0.060915825200225,0.060915825200225,0.0609158252002251,0.060915825200225,0.0609158252002251,0.0609158252002251,0.0609158252002251,0.0609158252002251,0.060915825200225,0.0609158252002249,0.0609158252002248,0.0609158252002248,0.0609158252002248,0.0609158252002248,0.0609158252002248,0.0609158252002248,0.0609158252002248,0.0609158252002248,0.0609158252002248,0.0609158252002248,0.0609158252002248,0.0609158252002248,0.0609158252002248,0.0609158252002251,0.0609158252002251,0.060915825200225,0.060915825200225,0.060915825200225,0.060915825200225,0.0629730193282506,0.060915825200225,0.060915825200225,0.060915825200225,0.060915825200225,0.060915825200225,0.060915825200225
"26",0.0898302359772801,0.0692108088070731,0.217004538669143,0.0878243148101032,0.0895779950080003,0.0914210558381585,0.0692108088070731,0.0875910046153816,0.060915825200225,0.0692108088070731,0.0886502747492596,0.0692108088070731,0.0910549284403567,0.0869146850849451,0.092647593710303,0.092752346830073,0.0906793145264066,0.0868788881692375,0.175781061585673,0.483467511288937,0.423332395913125,0.406843776752323,0.466786315828199,0.210050401575771,0.247566905913195,1,0.0609171627409114,0.236615148870331,0.0863273508539503,0.0930966180194849,0.199169353863898,0.0962215486357633,0.214108447755791,0.0847656336729338,0.0867473012309236,0.0799515604618509,0.0873080821308972,0.0868744312182637,0.0837964006023485,0.239175818458675,0.232836100822792,0.060915825200225,0.218645463395229,0.0787491750998356,0.0853976510465963,0.212414649004885,0.0819976368599689,0.0830708103069777,0.232309289690617,0.217705029457806,0.258602936474425,0.0959500368091338,0.210492324047115,0.0813094095871352,0.216303390767453,0.0675111095508012,0.0649740780377852,0.0649740780377852,0.0660608760969648,0.060915825200225,0.0660687531881066,0.0645444106503587,0.067545125939762,0.0654153239817595,0.0657201611628024,0.0665916834070903,0.0693954865056087,0.0670810174005226,0.0666306464594269,0.060915825200225,0.0657201611628025,0.067241386063695,0.060915825200225,0.0667032826777847,0.0672609112474423,0.0669365843057498,0.063528382920536,0.095149898795763,0.0635172614595435,0.0987998884463854,0.0641453624569684,0.0661959766303233,0.060915825200225,0.063528382920536,0.0654448284549247,0.063142962047166,0.0970921669237906,0.0684959765470967,0.0686173770975102,0.060915825200225,0.060915825200225,0.0682593239110862,0.0724875435001393,0.0778792348504032,0.0751480601804431,0.0699565414487971,0.073181361783117,0.0780821615379878,0.0694973713935576,0.0690990571433968,0.0714400252944122,0.146636970638664,0.070490462001719,0.0694973713935576,0.0690990571433968,0.0667243568619159,0.0676192367768587,0.0659887755776175,0.066910924493713,0.0668580548848336,0.0656981754486336,0.0669282331732504,0.0679358558522076,0.0664100528452761,0.0670232511387542,0.060915825200225,0.0642709726477205,0.0657915557292612,0.0656948013481342,0.060915825200225,0.0609158252002259,0.0664214851056847,0.0664940145446713,0.0656948013481342,0.0650567548807537,0.0609158252002258,0.0667040259397166,0.0660857498527442,0.0664846697470938,0.0674621165308561,0.0656090722137651,0.060915825200225,0.067060977520972,0.0634728867861359,0.067060977520972,0.066035275327951,0.064074550788533,0.066956219450032,0.066258436677015,0.0651587964260358,0.0654425074534671,0.0659335067928299,0.0650475563522208,0.0647525090395894,0.0655210517357081,0.060915825200225,0.060915825200225,0.060915825200225,0.060915825200225,0.0609158252002242,0.060915825200225,0.0692108088070731,0.0609158252002242,0.060915825200225,0.0692108088070731,0.060915825200225,0.060915825200225,0.060915825200225,0.060915825200225,0.060915825200225,0.060915825200225,0.0609158252002251,0.060915825200225,0.0609158252002251,0.0609158252002251,0.0609158252002251,0.0609158252002251,0.060915825200225,0.0609158252002249,0.0609158252002248,0.0609158252002248,0.0609158252002248,0.0609158252002248,0.0609158252002248,0.0609158252002248,0.0692108088070717,0.0609158252002248,0.0609158252002248,0.0609158252002248,0.0609158252002248,0.0609158252002248,0.0609158252002248,0.0609158252002251,0.0609158252002252,0.060915825200225,0.060915825200225,0.060915825200225,0.0692108088070731,0.0631429620471661,0.060915825200225,0.060915825200225,0.060915825200225,0.0692108088070731,0.060915825200225,0.060915825200225
"27",0.060915825200225,0.060915825200225,0.060915825200225,0.060915825200225,0.060915825200225,0.060915825200225,0.060915825200225,0.060915825200225,0.060915825200225,0.060915825200225,0.0692108088070731,0.060915825200225,0.060915825200225,0.060915825200225,0.060915825200225,0.060915825200225,0.060915825200225,0.060915825200225,0.0692121463477595,0.0609171627409114,0.0609171627409114,0.0609171627409114,0.0609171627409114,0.0609171627409114,0.0609171627409114,0.0609171627409114,1,0.060915825200225,0.060915825200225,0.060915825200225,0.060915825200225,0.060915825200225,0.060915825200225,0.060915825200225,0.060915825200225,0.060915825200225,0.060915825200225,0.060915825200225,0.060915825200225,0.060915825200225,0.060915825200225,0.0692108088070731,0.060915825200225,0.060915825200225,0.060915825200225,0.060915825200225,0.0692108088070731,0.060915825200225,0.060915825200225,0.060915825200225,0.060915825200225,0.060915825200225,0.060915825200225,0.060915825200225,0.060915825200225,0.060915825200225,0.060915825200225,0.0692108088070731,0.060915825200225,0.060915825200225,0.060915825200225,0.060915825200225,0.060915825200225,0.060915825200225,0.060915825200225,0.060915825200225,0.060915825200225,0.060915825200225,0.060915825200225,0.060915825200225,0.060915825200225,0.060915825200225,0.060915825200225,0.060915825200225,0.060915825200225,0.060915825200225,0.060915825200225,0.060915825200225,0.060915825200225,0.060915825200225,0.060915825200225,0.060915825200225,0.060915825200225,0.060915825200225,0.060915825200225,0.0692108088070731,0.060915825200225,0.060915825200225,0.060915825200225,0.060915825200225,0.060915825200225,0.060915825200225,0.060915825200225,0.060915825200225,0.060915825200225,0.060915825200225,0.060915825200225,0.060915825200225,0.060915825200225,0.060915825200225,0.060915825200225,0.060915825200225,0.060915825200225,0.060915825200225,0.060915825200225,0.060915825200225,0.060915825200225,0.060915825200225,0.060915825200225,0.060915825200225,0.060915825200225,0.060915825200225,0.060915825200225,0.060915825200225,0.060915825200225,0.060915825200225,0.060915825200225,0.060915825200225,0.060915825200225,0.060915825200225,0.060915825200225,0.060915825200225,0.060915825200225,0.060915825200225,0.060915825200225,0.060915825200225,0.060915825200225,0.060915825200225,0.060915825200225,0.060915825200225,0.060915825200225,0.060915825200225,0.060915825200225,0.060915825200225,0.060915825200225,0.060915825200225,0.060915825200225,0.060915825200225,0.060915825200225,0.060915825200225,0.060915825200225,0.060915825200225,0.060915825200225,0.060915825200225,0.060915825200225,0.060915825200225,0.060915825200225,0.060915825200225,0.060915825200225,0.060915825200225,0.060915825200225,0.060915825200225,0.060915825200225,0.060915825200225,0.060915825200225,0.060915825200225,0.060915825200225,0.060915825200225,0.060915825200225,0.060915825200225,0.060915825200225,0.060915825200225,0.060915825200225,0.060915825200225,0.060915825200225,0.060915825200225,0.060915825200225,0.060915825200225,0.060915825200225,0.060915825200225,0.060915825200225,0.060915825200225,0.060915825200225,0.060915825200225,0.060915825200225,0.060915825200225,0.060915825200225,0.060915825200225,0.060915825200225,0.060915825200225,0.060915825200225,0.060915825200225,0.060915825200225,0.060915825200225,0.060915825200225,0.060915825200225,0.060915825200225,0.060915825200225,0.060915825200225,0.060915825200225,0.060915825200225,0.060915825200225,0.060915825200225,0.060915825200225,0.060915825200225
"28",0.087132159858775,0.0692108088070731,0.217319537987811,0.0881088144598789,0.0896390839592665,0.0907166632258677,0.0692108088070731,0.0852322699055501,0.060915825200225,0.0692108088070731,0.0861514173969646,0.0692108088070731,0.0884638469107121,0.0867492735045701,0.0908701900982744,0.0901812188325624,0.0878642574433124,0.0844672410626815,0.0857477425430934,0.270491239351017,0.267687006889873,0.300995339451293,0.250990484452406,0.0927687266218542,0.0877681853799209,0.236615148870331,0.060915825200225,1,0.188402558381284,0.247709304027292,0.467347262094887,0.211666033250009,0.450218333712458,0.254314947600527,0.0843189115456537,0.0781843927655763,0.0847825052689004,0.084464584192923,0.0817037832135728,0.299822781820402,0.314478535627716,0.060915825200225,0.307455437874785,0.0915092250821946,0.0979986145187562,0.306640525182029,0.096475812560894,0.097076413632318,0.342380889614307,0.342659492987049,0.338354564841149,0.0995339609422622,0.311581530853164,0.0944650071580796,0.28315657888456,0.0688734285556807,0.0658123489406511,0.0658123489406511,0.0671236355240224,0.060915825200225,0.0671331397036104,0.0652939296485979,0.0689144713548301,0.0663447384507478,0.0667125426644543,0.0677640861562665,0.0711470415769612,0.0683544967619494,0.0678110973993807,0.060915825200225,0.0667125426644543,0.0685479911049279,0.060915825200225,0.0678987373227269,0.0685715494019539,0.0681802296312983,0.0640680316823691,0.100507865697947,0.0640546129773357,0.104911795588951,0.0648124542376959,0.0672866423635206,0.060915825200225,0.0640680316823691,0.06638033735478,0.0636029984446553,0.102851327867465,0.070061729241111,0.0702082062352742,0.060915825200225,0.060915825200225,0.0697761937417613,0.0748777924903445,0.0813831892101526,0.078087864313947,0.071823987779913,0.0757149255695602,0.0816280323441554,0.0712699717620926,0.0707893818974072,0.0736138993895009,0.162630084222738,0.0724681947250021,0.0712699717620927,0.0707893818974072,0.067924164580968,0.0690038904935068,0.067036641953436,0.0681492695398889,0.0680854792080915,0.0666860155909357,0.0681701534925804,0.0693859102643719,0.0675449380663101,0.068284798326818,0.060915825200225,0.0649640104136351,0.0667986844608368,0.0666819445377366,0.060915825200225,0.0609158252002255,0.0675587317693488,0.0676462428570245,0.0666819445377366,0.0659121034755661,0.0609158252002255,0.0678996341125131,0.067153647191743,0.0676349678022117,0.0688143155593053,0.0665785072314653,0.060915825200225,0.0683303174537832,0.0640010722911064,0.0683303174537832,0.0670927466715365,0.0647270157424928,0.0682039206022585,0.0673620041297028,0.0660352226770999,0.0663775369282922,0.066969956873021,0.0659010049030666,0.0655450127486406,0.0664723052825721,0.060915825200225,0.060915825200225,0.060915825200225,0.060915825200225,0.060915825200224,0.060915825200225,0.0692108088070731,0.060915825200224,0.060915825200225,0.0692108088070731,0.060915825200225,0.060915825200225,0.060915825200225,0.060915825200225,0.060915825200225,0.060915825200225,0.0609158252002248,0.0609158252002248,0.0609158252002248,0.0609158252002248,0.0609158252002248,0.0609158252002248,0.0609158252002248,0.0609158252002248,0.0609158252002247,0.0609158252002247,0.0609158252002247,0.0609158252002247,0.0609158252002247,0.0609158252002247,0.0692108088070714,0.0609158252002247,0.0609158252002247,0.0609158252002247,0.0609158252002248,0.0609158252002247,0.0609158252002247,0.0609158252002248,0.0609158252002248,0.060915825200225,0.060915825200225,0.060915825200225,0.0692108088070731,0.0636029984446554,0.060915825200225,0.060915825200225,0.060915825200225,0.0692108088070731,0.060915825200225,0.060915825200225
"29",0.0870480499061632,0.060915825200225,0.0873862008698025,0.0893001621725951,0.0907981836349681,0.0916008434842456,0.060915825200225,0.0852138960655812,0.060915825200225,0.060915825200225,0.0861112137690351,0.060915825200225,0.088476673191218,0.0877003742142657,0.0913154408580945,0.0902701082241713,0.0877605315721603,0.084396726623609,0.0855695777478411,0.0908247654764464,0.0925560149945783,0.0946321693660878,0.0894391365380302,0.0923613869569348,0.0843883125019445,0.0863273508539503,0.060915825200225,0.188402558381284,1,0.220183270782687,0.15936197264814,0.219254038972967,0.177767621347439,0.165512499870869,0.0842355989066495,0.078133154263966,0.0846771870206391,0.0843947113953676,0.081656494624189,0.0882810363906579,0.0883788093388482,0.060915825200225,0.0864492102257498,0.0790466787413943,0.0848619610880279,0.0856798824971049,0.0822433874252749,0.0831098116144526,0.0892416740059341,0.0873770745971347,0.0928559295555233,0.090479148066025,0.0855914951269959,0.0813949809113355,0.0852624910079205,0.076002496771628,0.0701990531036036,0.0701990531036037,0.072685096845121,0.060915825200225,0.0727031156416849,0.069216191650711,0.0760803090479468,0.0712084004319531,0.0719057135709599,0.07389931523661,0.0803129972326724,0.0750186636763754,0.0739884429743645,0.060915825200225,0.07190571357096,0.0753855059871874,0.060915825200225,0.0741545978681193,0.0754301697225025,0.0746882738782936,0.0668920345935693,0.0711090813197565,0.0668665943213292,0.072543413802455,0.0683033714120681,0.0729941384675241,0.060915825200225,0.0668920345935693,0.0712758917292016,0.0660103867639679,0.0718723323239512,0.0782553738463371,0.0785330768437093,0.060915825200225,0.060915825200225,0.0777140324262839,0.0873860582072815,0.0997195183421199,0.0934719734206949,0.0815964068950077,0.0889731631763931,0.100183711866754,0.0805460582746008,0.0796349169264861,0.084989866884085,0.0913419002184845,0.0828177468098597,0.0805460582746008,0.0796349169264861,0.0742028049320929,0.076249837122812,0.0725201673594887,0.0746295772192531,0.07450863832066,0.0718554213877398,0.0746691707150958,0.0769741012711237,0.0734838364660538,0.0748865237150187,0.060915825200225,0.0685907039352953,0.0720690281937844,0.0718477031540193,0.060915825200225,0.0609158252002259,0.073509987690011,0.0736758983266238,0.0718477031540194,0.070388175863157,0.0609158252002258,0.0741562980751221,0.072741995405399,0.0736545221607955,0.0758904255458947,0.0716515982970345,0.060915825200225,0.0749728225776359,0.0667650875343203,0.0749728225776359,0.0726265352466246,0.0681413901648058,0.0747331891476404,0.0731370154324357,0.0706215952577518,0.0712705824529235,0.0723937403610575,0.0703671342868495,0.0696922154104094,0.0714502520057425,0.060915825200225,0.060915825200225,0.060915825200225,0.060915825200225,0.0609158252002239,0.060915825200225,0.060915825200225,0.0609158252002239,0.060915825200225,0.060915825200225,0.060915825200225,0.060915825200225,0.060915825200225,0.060915825200225,0.060915825200225,0.060915825200225,0.060915825200225,0.060915825200225,0.060915825200225,0.0609158252002249,0.060915825200225,0.0609158252002249,0.060915825200225,0.060915825200225,0.060915825200225,0.060915825200225,0.060915825200225,0.060915825200225,0.060915825200225,0.060915825200225,0.0609158252002251,0.060915825200225,0.060915825200225,0.060915825200225,0.0609158252002251,0.060915825200225,0.060915825200225,0.0609158252002249,0.060915825200225,0.060915825200225,0.060915825200225,0.060915825200225,0.060915825200225,0.066010386763968,0.060915825200225,0.060915825200225,0.060915825200225,0.060915825200225,0.060915825200225,0.060915825200225
"30",0.0915794085366638,0.060915825200225,0.0911328306351238,0.0932491652119704,0.0950277470898714,0.0961761435532848,0.060915825200225,0.0893818299061956,0.060915825200225,0.060915825200225,0.0904491099438453,0.060915825200225,0.0931787475248264,0.091558093947113,0.0961748565798217,0.0952210977909587,0.0924285738490996,0.088464503454779,0.0899195131082392,0.0992987244234701,0.0998924307207049,0.105621313858915,0.0963069726541738,0.0980462687256424,0.0908412326757181,0.0930966180194849,0.060915825200225,0.247709304027292,0.220183270782687,1,0.204904263960547,0.240568153199814,0.235393123880439,0.213621445108226,0.0882855361970867,0.0811154908616077,0.088819308468576,0.088461657047182,0.0852381856495991,0.0993353040741588,0.0999724759867395,0.060915825200225,0.0974535041688839,0.0870543328388841,0.0949934767814765,0.0964958929782637,0.0916109611137108,0.0927516166402464,0.101665122112195,0.0993293960998908,0.10628904202929,0.101063525547269,0.0964897260872065,0.0903157341344994,0.0953978131360169,0.0708571718885856,0.0670329986627588,0.0670329986627588,0.068671174624891,0.060915825200225,0.0686830480923223,0.0663853431210056,0.0709084462078973,0.0676981070448561,0.0681576008193715,0.0694712825829678,0.0736975717263357,0.0702088760841006,0.0695300132139344,0.060915825200225,0.0681576008193716,0.070450606446857,0.060915825200225,0.0696395008099867,0.0704800375692266,0.0699911660670512,0.0648538422227513,0.0676326608182009,0.0648370783815689,0.0685778127298998,0.0657838411652175,0.0688748172835711,0.060915825200225,0.0648538422227513,0.0677425803656417,0.0642728812937861,0.068135604281047,0.0723417029158546,0.0725246950198589,0.060915825200225,0.060915825200225,0.071984986544848,0.0783583579682672,0.0864854788171074,0.0823686655279027,0.0745432732010512,0.0794041791524894,0.0867913586619124,0.0738511470597954,0.0732507514071931,0.0767793901646134,0.0809650559858944,0.075348073879611,0.0738511470597955,0.0732507514071931,0.0696712668051256,0.0710201565581682,0.0685624945102596,0.0699524879640521,0.0698727954014257,0.0681244608370552,0.0699785780573449,0.0714974096724967,0.0691975032751741,0.0701218025927077,0.060915825200225,0.0659731786353657,0.0682652168218213,0.0681193749148964,0.060915825200225,0.0609158252002259,0.0692147355972567,0.0693240622403172,0.0681193749148965,0.067157620910316,0.0609158252002259,0.0696406211596408,0.0687086678725656,0.0693099764378689,0.0707833226698559,0.0679901518214318,0.060915825200225,0.070178669139317,0.0647701905888538,0.070178669139317,0.0686325855198984,0.0656771037892245,0.0700207629375128,0.0689689659123972,0.0673114323798961,0.0677390818235109,0.0684791855698998,0.067143755585288,0.0666990184870185,0.0678574748902296,0.060915825200225,0.060915825200225,0.060915825200225,0.060915825200225,0.0609158252002238,0.060915825200225,0.060915825200225,0.0609158252002238,0.060915825200225,0.060915825200225,0.060915825200225,0.060915825200225,0.060915825200225,0.060915825200225,0.060915825200225,0.060915825200225,0.0609158252002251,0.0609158252002251,0.0609158252002251,0.0609158252002251,0.0609158252002251,0.0609158252002251,0.0609158252002251,0.0609158252002251,0.0609158252002251,0.0609158252002251,0.0609158252002251,0.0609158252002251,0.0609158252002251,0.0609158252002251,0.0609158252002251,0.0609158252002251,0.0609158252002251,0.0609158252002251,0.0609158252002251,0.0609158252002251,0.0609158252002251,0.0609158252002251,0.0609158252002251,0.060915825200225,0.060915825200225,0.060915825200225,0.060915825200225,0.0642728812937862,0.060915825200225,0.060915825200225,0.060915825200225,0.060915825200225,0.060915825200225,0.060915825200225
"31",0.0812246593239602,0.0692108088070731,0.183860741787235,0.0819644975622645,0.0831502992242196,0.0839886146027197,0.0692108088070731,0.0797521033103531,0.060915825200225,0.0692108088070731,0.0804643804056264,0.0692108088070731,0.0822549433991898,0.0809145135940931,0.0841132866030526,0.0835842605012024,0.0817920145796897,0.0791601782903402,0.0801534915345505,0.22552806990543,0.223125743698564,0.249071354163298,0.210242378278617,0.0855950963275687,0.0817658079177971,0.199169353863898,0.060915825200225,0.467347262094887,0.15936197264814,0.204904263960547,1,0.177591110262801,0.361114060562563,0.248752709380461,0.0790454466416103,0.0742930974022087,0.0794048443579676,0.0791581118213982,0.0770192407133223,0.250008699015599,0.262740404173271,0.060915825200225,0.258676135571754,0.0857124543322465,0.0902417629175493,0.259426186341681,0.0895741473401894,0.0898013261717069,0.286661858707832,0.297903811129924,0.278948136444243,0.0910064510401041,0.265657654539286,0.0877547654322971,0.237800766715431,0.0670607231762631,0.0646969433934984,0.0646969433934984,0.0657095249349797,0.060915825200225,0.0657168641062484,0.0642966176275386,0.0670924166148725,0.0651080570261996,0.0653920771346954,0.0662040838640988,0.068816417627053,0.0666600016541461,0.0662403861626376,0.060915825200225,0.0653920771346955,0.0668094188773265,0.060915825200225,0.0663080621152499,0.0668276107028358,0.066525431772915,0.0633499735696459,0.0933785403405667,0.063339611583792,0.0967792752936715,0.063924820096824,0.0658353995675003,0.060915825200225,0.063349973569646,0.0651355466639165,0.0629908727608252,0.0951881726254576,0.0679783344406923,0.0680914446504833,0.060915825200225,0.060915825200225,0.067757842612479,0.0716973206719421,0.076720817992837,0.0741761529246541,0.0693391586040274,0.0723437586928346,0.0769098869890379,0.068911344882417,0.0685402311745711,0.0707213365960359,0.141349603715858,0.0698366181752328,0.068911344882417,0.0685402311745711,0.0663276971612207,0.0671614664857607,0.0656423480989468,0.066501524247679,0.0664522650595487,0.0653715928063,0.066517650932171,0.0674564639129931,0.0660348566993016,0.0666061802013996,0.060915825200225,0.0640418524741852,0.0654585962267636,0.065368449120262,0.060915825200225,0.0609158252002254,0.066045508260343,0.0661130847254568,0.065368449120262,0.0647739743049825,0.0609158252002254,0.0663087546204548,0.0657327000830735,0.0661043780761802,0.0670150758480968,0.0652885743557682,0.060915825200225,0.0666413302809732,0.0632982672191951,0.0666413302809732,0.0656856724207686,0.0638588440971673,0.0665437260498477,0.0658935942705784,0.0648690475196833,0.0651333841616797,0.0655908535725964,0.0647654039361614,0.0644905051542664,0.0652065647215034,0.060915825200225,0.060915825200225,0.060915825200225,0.060915825200225,0.0609158252002243,0.060915825200225,0.0692108088070731,0.0609158252002243,0.060915825200225,0.0692108088070731,0.060915825200225,0.060915825200225,0.060915825200225,0.060915825200225,0.060915825200225,0.060915825200225,0.0609158252002247,0.0609158252002246,0.0609158252002247,0.0609158252002247,0.0609158252002247,0.0609158252002247,0.0609158252002246,0.0609158252002246,0.0609158252002246,0.0609158252002246,0.0609158252002246,0.0609158252002246,0.0609158252002246,0.0609158252002246,0.0692108088070705,0.0609158252002246,0.0609158252002246,0.0609158252002246,0.0609158252002246,0.0609158252002246,0.0609158252002246,0.0609158252002247,0.0609158252002247,0.060915825200225,0.060915825200225,0.060915825200225,0.0692108088070731,0.0629908727608253,0.060915825200225,0.060915825200225,0.060915825200225,0.0692108088070731,0.060915825200225,0.060915825200225
"32",0.0997512646265246,0.060915825200225,0.101131351978428,0.320649247590262,0.106315059454744,0.339174747804299,0.060915825200225,0.279682114505468,0.0692108088070731,0.060915825200225,0.0983912915921085,0.060915825200225,0.101954491708233,0.305682538456894,0.334685139391874,0.323989651151506,0.301357959096018,0.272361372414608,0.0974761038668417,0.101942885129978,0.106011751331811,0.105670934894733,0.101304912237217,0.107405886447584,0.0933192277716416,0.0962215486357633,0.060915825200225,0.211666033250009,0.219254038972967,0.240568153199814,0.177591110262801,1,0.195691844240538,0.185170523895022,0.270906320047675,0.218172738216849,0.0962051343798905,0.0958125998432852,0.248722503413979,0.0950187267910581,0.0946204021654201,0.060915825200225,0.0920179070851483,0.196596254187686,0.240146230275419,0.0909317052758282,0.0867117940223856,0.0878703789654213,0.0951949814631534,0.092577771170908,0.100167699814645,0.291895812700792,0.0906988498977061,0.213846550323468,0.0909443890559474,0.0707991694944294,0.104611456812796,0.0669973082560747,0.068625926345332,0.060915825200225,0.0686377305374871,0.0663534314349705,0.0708501446557527,0.108460500470702,0.0681153489658732,0.118722031137033,0.0736229971316406,0.0701546561461811,0.0694797540745875,0.0692108088070731,0.0681153489658732,0.124389468819075,0.0692108088070731,0.06958860286959,0.0704242355503444,0.0699382163496176,0.0920004771577958,0.0675934717063823,0.0648141999849348,0.0685331091666252,0.0973824669623327,0.115270231340787,0.060915825200225,0.0920004771577958,0.0677027499325698,0.0642532946827514,0.0680934807654817,0.072275039084121,0.0724569635279302,0.0692108088070731,0.0692108088070731,0.0719204039606758,0.0782565902005389,0.21718475672004,0.193360377854697,0.148074109455367,0.0792963095824153,0.218954911642785,0.0737756764358901,0.140594166415604,0.0766868348221007,0.0808480795416555,0.0752638694953663,0.144068711528984,0.140594166415604,0.0696201835272864,0.0709612032364023,0.0685178803205322,0.0698997639124812,0.0698205363129602,0.0680824023374735,0.0699257017841563,0.0714356718363065,0.0691491841519171,0.0700680906816308,0.0692108088070731,0.0659436717067245,0.0682223370870121,0.0680773460889264,0.060915825200225,0.0609158252002262,0.0691663159326979,0.0692750047137823,0.0680773460889264,0.0671212034000563,0.0609158252002262,0.0695897166826084,0.0686632008401357,0.0692610010943915,0.0707257511460466,0.0679488769424909,0.0692108088070731,0.0701246254426225,0.0647477024464018,0.0701246254426225,0.0685875623869468,0.0656493242975658,0.0699676405383089,0.0689219801813465,0.0672741174626992,0.0676992718025453,0.0684350574428907,0.0671074189717191,0.0666652766744638,0.0678169741095976,0.060915825200225,0.0692108088070731,0.0692108088070731,0.060915825200225,0.0609158252002238,0.0692108088070731,0.060915825200225,0.0609158252002238,0.0692108088070731,0.060915825200225,0.060915825200225,0.060915825200225,0.0692108088070731,0.0692108088070731,0.0692108088070731,0.060915825200225,0.0692108088070741,0.0609158252002252,0.0609158252002252,0.0609158252002252,0.0609158252002252,0.0609158252002252,0.0609158252002252,0.0609158252002252,0.0609158252002252,0.0609158252002252,0.0609158252002253,0.0609158252002252,0.0609158252002252,0.0609158252002252,0.0609158252002252,0.0692108088070743,0.0609158252002252,0.0609158252002252,0.0609158252002253,0.0609158252002252,0.0609158252002253,0.0609158252002252,0.0609158252002252,0.060915825200225,0.060915825200225,0.0692108088070731,0.060915825200225,0.0642532946827515,0.0692108088070731,0.060915825200225,0.060915825200225,0.060915825200225,0.060915825200225,0.0692108088070731
"33",0.0841273570024882,0.0692108088070731,0.201386285928067,0.0851986310208158,0.0865490910579935,0.0874593075026903,0.0692108088070731,0.082454859307241,0.060915825200225,0.0692108088070731,0.083265607839334,0.0692108088070731,0.085322762343559,0.0839553976472665,0.0875244072886362,0.0868564748261444,0.0847727551848848,0.0817686948050474,0.0828857032771018,0.242723280736961,0.24287849538993,0.270171893067308,0.22756996749643,0.0890685878443896,0.084110041236606,0.214108447755791,0.060915825200225,0.450218333712458,0.177767621347439,0.235393123880439,0.361114060562563,0.195691844240538,1,0.203362896752079,0.0816352217162568,0.0762058170142779,0.0820423655603144,0.081766444735797,0.0793242924039311,0.255340380894812,0.263055540341354,0.060915825200225,0.254311889752451,0.0842255414722702,0.0901077938483023,0.251780564071109,0.0881323652566937,0.0888357317539928,0.278837331825836,0.273631535461401,0.287658169388094,0.0931411197391234,0.253877854161347,0.0867658662312148,0.239242265638584,0.068209598709129,0.0654038768846752,0.0654038768846752,0.0666057748578656,0.060915825200225,0.0666144861909399,0.0649287045582875,0.0682472176840634,0.065891854021975,0.066228975704291,0.0671927985692221,0.0702935450536957,0.0677339566343766,0.0672358880955945,0.060915825200225,0.066228975704291,0.0679113095193971,0.060915825200225,0.0673162170241264,0.0679329025638212,0.0675742270117453,0.063805072013249,0.0978970393542165,0.0637927727076763,0.101933589775148,0.0644873942239622,0.0667551835321352,0.060915825200225,0.0638050720132491,0.0659244832360207,0.0633788322324398,0.100045007973364,0.0692987703695964,0.069433028131886,0.060915825200225,0.060915825200225,0.0690370544775144,0.0737130736435062,0.0796757847941333,0.0766553586233949,0.0709140198450984,0.074480372389607,0.0799002029116062,0.0704062203012175,0.0699657216401116,0.0725546155493743,0.15483697108376,0.071504486514579,0.0704062203012175,0.0699657216401116,0.0673395231194767,0.0683291774043126,0.0665260383628121,0.0675458496367406,0.067487380747126,0.0662046615411621,0.0675649914328442,0.0686793287702644,0.0669919319939916,0.0676700725002892,0.060915825200225,0.0646263074584872,0.0663079314808481,0.0662009300985845,0.060915825200225,0.0609158252002256,0.0670045750149265,0.0670847858553658,0.0662009300985845,0.0654953098138695,0.0609158252002256,0.0673170390029675,0.0666332829274688,0.067074451374941,0.0681554169677507,0.066106121617863,0.060915825200225,0.0677117943840746,0.0637436984297276,0.0677117943840746,0.0665774627789744,0.0644090830786186,0.0675959416623343,0.0668242585575177,0.065608158309889,0.0659219164234239,0.0664649162069011,0.0654851370934575,0.0651588420986774,0.0660087791232914,0.060915825200225,0.060915825200225,0.060915825200225,0.060915825200225,0.0609158252002239,0.060915825200225,0.0692108088070731,0.0609158252002239,0.060915825200225,0.0692108088070731,0.060915825200225,0.060915825200225,0.060915825200225,0.060915825200225,0.060915825200225,0.060915825200225,0.060915825200225,0.060915825200225,0.060915825200225,0.060915825200225,0.060915825200225,0.060915825200225,0.060915825200225,0.0609158252002249,0.0609158252002249,0.0609158252002249,0.0609158252002249,0.0609158252002249,0.0609158252002249,0.0609158252002249,0.0692108088070724,0.0609158252002249,0.0609158252002249,0.0609158252002249,0.0609158252002249,0.0609158252002249,0.0609158252002249,0.060915825200225,0.060915825200225,0.060915825200225,0.060915825200225,0.060915825200225,0.0692108088070731,0.0633788322324399,0.060915825200225,0.060915825200225,0.060915825200225,0.0692108088070731,0.060915825200225,0.060915825200225
"34",0.0825640365560076,0.060915825200225,0.0818946673295924,0.0833344051938727,0.0845988015161274,0.0854962815211912,0.060915825200225,0.0809935129199247,0.060915825200225,0.060915825200225,0.081753034705208,0.060915825200225,0.0836608227772228,0.0822186680652281,0.0856354379508938,0.0850766438546684,0.0831690557882749,0.0803633299525281,0.0814236315813613,0.0896142040733984,0.0891311884098874,0.0939091177524704,0.0867815129607732,0.0872270643891409,0.198891670041013,0.0847656336729338,0.060915825200225,0.254314947600527,0.165512499870869,0.213621445108226,0.248752709380461,0.185170523895022,0.203362896752079,1,0.0802412212927079,0.0751752753623491,0.0806246145237083,0.080361118156081,0.0780809914245598,0.0944266612652101,0.0970164184533837,0.060915825200225,0.0965300951103843,0.0885445864944018,0.0928295644496409,0.0969263183688459,0.0926765160474083,0.0926589466650403,0.10182917324284,0.105954190914869,0.0995555552176687,0.0931813842180422,0.0985179266474957,0.0904516688501539,0.0923228513613998,0.0674446373949826,0.0649331759628131,0.0649331759628131,0.0660090204669837,0.060915825200225,0.0660168181669725,0.0645078390812464,0.0674783109416051,0.0653699747036673,0.0656717395100375,0.0665344779082708,0.069310022204508,0.067018880031638,0.0665730482621355,0.060915825200225,0.0656717395100376,0.0671776323807594,0.060915825200225,0.066644952398938,0.0671969607752572,0.0668759026404666,0.0635020516306873,0.0653269939953103,0.0634910422600079,0.065947706613071,0.064112812790822,0.0661427593572005,0.060915825200225,0.0635020516306874,0.0653991818089204,0.0631205153140685,0.0656572936535396,0.068419578172944,0.0685397551587809,0.060915825200225,0.060915825200225,0.0681853106973086,0.0723709151607021,0.0777082650559945,0.0750046171852715,0.0698654224208302,0.0730577406296383,0.0779091464982675,0.069410880221167,0.0690165804767491,0.0713339546185558,0.0740828202314169,0.0703939617273492,0.069410880221167,0.0690165804767491,0.0666658141818478,0.0675516748348478,0.0659376466300206,0.0668505014470023,0.0667981646971616,0.0656499753841641,0.0668676356768598,0.0678651027888753,0.0663546779536546,0.0669616959809994,0.060915825200225,0.0642371569891271,0.0657424145092275,0.0656466352903463,0.060915825200225,0.0609158252002255,0.0663659949912836,0.0664377934249164,0.0656466352903463,0.065015019527382,0.0609158252002254,0.0666456881697262,0.0660336435266473,0.0664285428111236,0.0673961381629444,0.065561770197628,0.060915825200225,0.0669990421288219,0.0634471148273936,0.0669990421288218,0.0659836777214631,0.0640427148147776,0.0668953398872358,0.0662045898853246,0.0651160326224657,0.0653968842002327,0.0658829348849419,0.065005913708426,0.0647138401009294,0.0654746368550789,0.060915825200225,0.060915825200225,0.060915825200225,0.060915825200225,0.0609158252002242,0.060915825200225,0.060915825200225,0.0609158252002242,0.060915825200225,0.060915825200225,0.060915825200225,0.060915825200225,0.060915825200225,0.060915825200225,0.060915825200225,0.060915825200225,0.0609158252002246,0.0609158252002246,0.0609158252002246,0.0609158252002246,0.0609158252002246,0.0609158252002246,0.0609158252002246,0.0609158252002245,0.0609158252002245,0.0609158252002245,0.0609158252002245,0.0609158252002245,0.0609158252002245,0.0609158252002245,0.0609158252002246,0.0609158252002245,0.0609158252002245,0.0609158252002245,0.0609158252002246,0.0609158252002246,0.0609158252002245,0.0609158252002247,0.0609158252002247,0.060915825200225,0.060915825200225,0.060915825200225,0.060915825200225,0.0631205153140686,0.060915825200225,0.060915825200225,0.060915825200225,0.060915825200225,0.060915825200225,0.060915825200225
"35",0.0962727714627943,0.060915825200225,0.0875435323243923,0.229889438695065,0.090975794824843,0.267623900689676,0.060915825200225,0.307343251949218,0.0692108088070731,0.060915825200225,0.106839077877881,0.060915825200225,0.0973668405963194,0.231428091793059,0.282516189764731,0.315120109997877,0.350572124076582,0.348329287551581,0.102627196891714,0.0901137180335025,0.0932832227517979,0.0905637320084222,0.0916480737413981,0.10176786793714,0.0842999724772613,0.0867473012309236,0.060915825200225,0.0843189115456537,0.0842355989066495,0.0882855361970867,0.0790454466416103,0.270906320047675,0.0816352217162568,0.0802412212927079,1,0.387765794649719,0.25925281171079,0.262079297038581,0.430616074125488,0.0834300188584838,0.0830022862196839,0.060915825200225,0.0812338265792102,0.15211202438027,0.181205046528612,0.0804834203835213,0.0777179622121919,0.0785025198258369,0.0832456624743762,0.0814502030558345,0.0866087888360244,0.21906754978574,0.080298329563188,0.163539645847223,0.0806426177316786,0.0669682181450928,0.0908895671155562,0.0646400226020236,0.0656373607843115,0.060915825200225,0.06564458947201,0.0642457233230135,0.0669994344720339,0.0932466563746289,0.0653246918296278,0.0995306442596681,0.0686974824467534,0.0665735290676217,0.0661602304497656,0.0692108088070731,0.0653246918296278,0.103001287274948,0.0692108088070731,0.0662268876114833,0.0667386149368651,0.066440984995624,0.0831668163927468,0.0650051030194629,0.0633031240072951,0.0655805211133609,0.0864626559539995,0.0974168204251427,0.060915825200225,0.0831668163927468,0.0650720231575777,0.0629596350836457,0.0653113001134405,0.0678720157288157,0.0679834231823489,0.0692108088070731,0.0692108088070731,0.0676548431751486,0.0715350165004891,0.159827552665534,0.145237905854882,0.117505360756731,0.0721717230710785,0.160911565611641,0.0687909806712779,0.112924770104999,0.070573724847096,0.0731220007578399,0.0697023249395389,0.115052522787174,0.112924770104999,0.0662462270723125,0.0670674448691208,0.0655711952254937,0.0664174373732498,0.0663689197308298,0.0653045158714358,0.0664333212873237,0.0673580014177075,0.0659577950181754,0.0665205178407218,0.0692108088070731,0.0639947933933765,0.0653902095461309,0.0653014195103128,0.060915825200225,0.0609158252002258,0.0659682862310728,0.0660348454029726,0.0653014195103128,0.0647158938934628,0.0609158252002258,0.0662275696917446,0.0656601870547177,0.0660262698232215,0.0669232579898517,0.0652227471771056,0.0692108088070731,0.0665551387725017,0.0632624020389945,0.0665551387725017,0.0656138673448287,0.0638145400166348,0.0664590038712946,0.0658186591480092,0.0648095358800583,0.0650698932095579,0.0655204758955394,0.0647074525426074,0.0644366920752113,0.0651419721123656,0.060915825200225,0.0692108088070731,0.0692108088070731,0.060915825200225,0.0609158252002241,0.0692108088070731,0.060915825200225,0.0609158252002241,0.0692108088070731,0.060915825200225,0.060915825200225,0.060915825200225,0.0692108088070731,0.0692108088070731,0.0692108088070731,0.060915825200225,0.0692108088070714,0.0609158252002247,0.0609158252002247,0.0609158252002247,0.0609158252002247,0.0609158252002247,0.0609158252002247,0.0609158252002246,0.0609158252002246,0.0609158252002246,0.0609158252002246,0.0609158252002246,0.0609158252002246,0.0609158252002246,0.0609158252002246,0.0692108088070707,0.0609158252002246,0.0609158252002246,0.0609158252002246,0.0609158252002246,0.0609158252002246,0.0609158252002248,0.0609158252002248,0.060915825200225,0.060915825200225,0.0692108088070731,0.060915825200225,0.0629596350836458,0.0692108088070731,0.060915825200225,0.060915825200225,0.060915825200225,0.060915825200225,0.0692108088070731
"36",0.0870897933192383,0.060915825200225,0.080613646120355,0.188009776184747,0.0831526590278313,0.216199747780477,0.060915825200225,0.247724069110454,0.0692108088070731,0.060915825200225,0.0968108404528429,0.060915825200225,0.0878984225648105,0.189272033518048,0.227076039699178,0.252297503949812,0.27231796095826,0.276070312509542,0.0912981963011214,0.0824382090012482,0.0847725025565865,0.0827861404910353,0.0835545791057321,0.0909715639154419,0.0781503932038096,0.0799515604618509,0.060915825200225,0.0781843927655763,0.078133154263966,0.0811154908616077,0.0742930974022087,0.218172738216849,0.0762058170142779,0.0751752753623491,0.387765794649719,1,0.205543206661477,0.23815640037119,0.370615959011793,0.0775244381735898,0.0772102092279695,0.060915825200225,0.0759060243976983,0.130376134024249,0.151835203450054,0.0753527176682825,0.0733124900556495,0.0738910983118332,0.0773908254764981,0.076066860192169,0.0798711512042566,0.179736846152738,0.0752164259174389,0.138805924279268,0.0754689600359893,0.0653843951900848,0.0852165522670804,0.0636654544621689,0.064401803789073,0.060915825200225,0.0644071408346366,0.0633743375533267,0.0654074426595789,0.0869568256469581,0.0641709557393202,0.0915963855591313,0.0666611362466101,0.0650929904873535,0.0647878460895218,0.0692108088070731,0.0641709557393203,0.094158811919229,0.0692108088070731,0.0648370600442623,0.0652148757925164,0.0649951312657434,0.0795147327663525,0.0639349986593344,0.062678402730018,0.0643598382309613,0.0819480991867027,0.0900357185904044,0.060915825200225,0.0795147327663524,0.0639844067733846,0.0624247998476455,0.064161068439931,0.0660516821287091,0.0661339358766135,0.0692108088070731,0.0692108088070731,0.0658913404647131,0.0687561290260332,0.136114472510552,0.12534272346937,0.104867380923556,0.0692262187739394,0.1369148150798,0.066730167349518,0.101485464034052,0.0680463933771775,0.069927822650584,0.0674030261154107,0.103056414874161,0.101485464034052,0.064851338650273,0.0654576557277305,0.0643529527919239,0.064977745712685,0.0649419244296203,0.0641560595351057,0.0649894730381244,0.065672177865536,0.064638385057707,0.065053851525325,0.0692108088070731,0.0631890723262757,0.0642193284250392,0.0641537734465259,0.060915825200225,0.0609158252002256,0.0646461308732113,0.0646952724806401,0.0641537734465259,0.0637214713432778,0.0609158252002256,0.064837563634068,0.0644186567574521,0.0646889410050287,0.065351200451693,0.0640956885154244,0.0692108088070731,0.0650794126642302,0.0626483371068614,0.0650794126642302,0.0643844582400336,0.0630559886290974,0.0650084348644698,0.0645356590153629,0.0637906085878195,0.0639828342016949,0.0643155059708394,0.0637152389708179,0.063515332568496,0.0640360511069623,0.060915825200225,0.0692108088070731,0.0692108088070731,0.060915825200225,0.0609158252002244,0.0692108088070731,0.060915825200225,0.0609158252002244,0.0692108088070731,0.060915825200225,0.060915825200225,0.060915825200225,0.0692108088070731,0.0692108088070731,0.0692108088070731,0.060915825200225,0.0692108088070721,0.0609158252002248,0.0609158252002249,0.0609158252002248,0.0609158252002248,0.0609158252002249,0.0609158252002248,0.0609158252002248,0.0609158252002248,0.0609158252002248,0.0609158252002248,0.0609158252002248,0.0609158252002248,0.0609158252002248,0.0609158252002248,0.0692108088070716,0.0609158252002248,0.0609158252002248,0.0609158252002248,0.0609158252002248,0.0609158252002248,0.0609158252002249,0.0609158252002249,0.060915825200225,0.060915825200225,0.0692108088070731,0.060915825200225,0.0624247998476456,0.0692108088070731,0.060915825200225,0.060915825200225,0.060915825200225,0.060915825200225,0.0692108088070731
"37",0.0968042499155828,0.060915825200225,0.087971802049043,0.0889842759097577,0.091459267729743,0.0954766778611589,0.060915825200225,0.101678064996428,0.060915825200225,0.060915825200225,0.106027177518162,0.060915825200225,0.0979173222870788,0.0892104773859785,0.0981240921163616,0.103438483653461,0.109351175405716,0.105857778235228,0.106416432432329,0.0907359116391904,0.0939769648041483,0.0911632663686598,0.0923320690436467,0.102752086128186,0.0848030129479358,0.0873080821308972,0.060915825200225,0.0847825052689004,0.0846771870206391,0.088819308468576,0.0794048443579676,0.0962051343798905,0.0820423655603144,0.0806246145237083,0.25925281171079,0.205543206661477,1,0.258140461052371,0.225148256260739,0.0838840828515126,0.0834451238677797,0.060915825200225,0.0816402038801822,0.0754414181367021,0.0805410372911506,0.0808741379118483,0.0780532291053878,0.0788539201068985,0.083691263285898,0.0818585262458791,0.087123482605099,0.0871866480079204,0.0806848193061708,0.0774442701472159,0.0810389258278215,0.0670828275242101,0.0647105447832201,0.0647105447832201,0.0657267687699961,0.060915825200225,0.0657341343416372,0.0643087789705653,0.0671146349700494,0.0651231372685919,0.0654081790505683,0.0662231067201324,0.0688448375364926,0.0666806645317891,0.0662595396048327,0.060915825200225,0.0654081790505683,0.0668306192366825,0.060915825200225,0.0663274590005111,0.0668488765015926,0.0665456105775125,0.0633587296568452,0.0650825384398281,0.063348330396989,0.0656688527711441,0.0639356440145555,0.0658530961971249,0.060915825200225,0.0633587296568452,0.0651507257916796,0.0629983370952148,0.0653945337460414,0.0680037396080756,0.0681172566964581,0.060915825200225,0.060915825200225,0.0677824546294943,0.0717361037287536,0.0767776715095862,0.074223852804956,0.0693694589105849,0.0723848671081786,0.0769674206223481,0.0689401062629589,0.0685676575896574,0.0707566088554853,0.0733531394520387,0.0698687079369599,0.0689401062629589,0.0685676575896574,0.0663471646774169,0.067183933226245,0.065659350286313,0.0665216170524343,0.0664721806697862,0.0653876210362106,0.0665378017476283,0.0674799918144275,0.0660532708135554,0.0666266494732053,0.060915825200225,0.0640530973792798,0.065474937424259,0.0653844660417456,0.060915825200225,0.0609158252002258,0.0660639606902552,0.06613178024056,0.0653844660417456,0.0647878527893082,0.0609158252002258,0.066328153996787,0.0657500272834345,0.0661230422718365,0.0670370159940625,0.0653043039527765,0.060915825200225,0.0666619259941929,0.0633068373089765,0.066661925994193,0.0657028304538278,0.0638694306868826,0.0665639706623828,0.065911500237441,0.0648832680001541,0.0651485555105185,0.0656076705245149,0.0647792515912669,0.0645033639470102,0.0652219993145105,0.060915825200225,0.060915825200225,0.060915825200225,0.060915825200225,0.060915825200224,0.060915825200225,0.060915825200225,0.060915825200224,0.060915825200225,0.060915825200225,0.060915825200225,0.060915825200225,0.060915825200225,0.060915825200225,0.060915825200225,0.060915825200225,0.0609158252002247,0.0609158252002246,0.0609158252002247,0.0609158252002247,0.0609158252002247,0.0609158252002247,0.0609158252002247,0.0609158252002246,0.0609158252002245,0.0609158252002245,0.0609158252002245,0.0609158252002245,0.0609158252002245,0.0609158252002246,0.0609158252002246,0.0609158252002246,0.0609158252002245,0.0609158252002245,0.0609158252002246,0.0609158252002246,0.0609158252002246,0.0609158252002248,0.0609158252002248,0.060915825200225,0.060915825200225,0.060915825200225,0.060915825200225,0.0629983370952149,0.060915825200225,0.060915825200225,0.060915825200225,0.060915825200225,0.060915825200225,0.060915825200225
"38",0.0966086795603012,0.060915825200225,0.0877773026084721,0.0887464313747907,0.0912396976688172,0.0953503944804534,0.060915825200225,0.102735483688055,0.060915825200225,0.060915825200225,0.109865053908643,0.060915825200225,0.0977113891594826,0.0890421358536217,0.0978983442119247,0.103806885794393,0.108497006144225,0.109376056026201,0.102347584492021,0.0902654181621551,0.0934486420250982,0.0907398845455398,0.0917877870811553,0.101902163220078,0.0844182197516995,0.0868744312182637,0.060915825200225,0.084464584192923,0.0843947113953676,0.088461657047182,0.0791581118213982,0.0958125998432852,0.081766444735797,0.080361118156081,0.262079297038581,0.23815640037119,0.258140461052371,1,0.251249417807346,0.083564618890416,0.0831361119120033,0.060915825200225,0.0813576242561071,0.0752448056218035,0.0802719445207775,0.0806030922562326,0.0778208795360218,0.0786099146615173,0.0833824142466162,0.0815769524283515,0.0867647789138263,0.0868083618552246,0.0804172342468081,0.0772196222208047,0.0807616093707245,0.0670095140562916,0.0646654330680314,0.0646654330680314,0.0656695761602757,0.060915825200225,0.0656768541698289,0.0642684434567577,0.0670409433744706,0.0650731206442835,0.0653547738428866,0.0661600136332479,0.0687505772523219,0.066612131986934,0.0661960134029625,0.060915825200225,0.0653547738428867,0.0667603040267871,0.060915825200225,0.0662631253712759,0.0667783442489049,0.0664786835572257,0.0633296883515076,0.065033004455346,0.0633194127182958,0.0656123486681732,0.0638997443378352,0.0657944018039951,0.060915825200225,0.0633296883515076,0.0651003811943632,0.062973580145082,0.0653412907540592,0.0679194783157573,0.0680316459103372,0.060915825200225,0.060915825200225,0.0677008239781789,0.0716074720044416,0.076589105509537,0.0740656466614198,0.0692689619152444,0.0722485228696329,0.0767765988804068,0.068844713421939,0.06847669242718,0.0706396213891443,0.0732052843692142,0.0697622758575128,0.068844713421939,0.06847669242718,0.0662825967866336,0.0671094178113752,0.0656029591491041,0.0664549752677351,0.0664061265859607,0.0653344602226847,0.066470967558894,0.0674019568481344,0.065992196739902,0.0665587590606305,0.060915825200225,0.0640158014142117,0.065420738591469,0.0653313427348676,0.060915825200225,0.0609158252002259,0.0660027595350975,0.0660697728450014,0.0653313427348676,0.0647418220347343,0.0609158252002258,0.0662638121054198,0.0656925581759623,0.0660611387534546,0.0669642471346863,0.0652521336146878,0.060915825200225,0.0665936162135113,0.0632784129010845,0.0665936162135113,0.0656459224233702,0.0638343181557509,0.0664968253769776,0.0658521115357135,0.0648361029473213,0.0650982367135554,0.0655518937575235,0.0647333230879366,0.0644607152024499,0.0651708074158872,0.060915825200225,0.060915825200225,0.060915825200225,0.060915825200225,0.0609158252002242,0.060915825200225,0.060915825200225,0.0609158252002242,0.060915825200225,0.060915825200225,0.060915825200225,0.060915825200225,0.060915825200225,0.060915825200225,0.060915825200225,0.060915825200225,0.0609158252002248,0.0609158252002247,0.0609158252002248,0.0609158252002247,0.0609158252002247,0.0609158252002248,0.0609158252002247,0.0609158252002247,0.0609158252002246,0.0609158252002246,0.0609158252002246,0.0609158252002246,0.0609158252002246,0.0609158252002246,0.0609158252002247,0.0609158252002247,0.0609158252002246,0.0609158252002246,0.0609158252002247,0.0609158252002247,0.0609158252002246,0.0609158252002248,0.0609158252002248,0.060915825200225,0.060915825200225,0.060915825200225,0.060915825200225,0.0629735801450821,0.060915825200225,0.060915825200225,0.060915825200225,0.060915825200225,0.060915825200225,0.060915825200225
"39",0.0925435639722882,0.060915825200225,0.0846982677007966,0.212556208586559,0.0877637808215172,0.246978780539088,0.060915825200225,0.288044276463545,0.0692108088070731,0.060915825200225,0.106481163415022,0.060915825200225,0.0935188818447817,0.214254182013743,0.259913700841034,0.291911817951669,0.310265847571782,0.309135975153173,0.0964838810418476,0.0867935645350847,0.0895973984061377,0.087234730182011,0.0881152473688063,0.0969733018169198,0.0816346977634053,0.0837964006023485,0.060915825200225,0.0817037832135728,0.081656494624189,0.0852381856495991,0.0770192407133223,0.248722503413979,0.0793242924039311,0.0780809914245598,0.430616074125488,0.370615959011793,0.225148256260739,0.251249417807346,1,0.0809036157556623,0.0805272927234452,0.060915825200225,0.078958321006733,0.142834145324096,0.16865544619948,0.0782928106140558,0.0758372512901027,0.0765333632018552,0.0807461742196256,0.0791535904264518,0.0837302502096329,0.202192667549873,0.0781291390387553,0.1529786171962,0.0784310204293481,0.0662988397557587,0.0884919547246421,0.0642281363809725,0.0651151716413974,0.060915825200225,0.065121600855669,0.0638774455422443,0.0663266036408576,0.0905883562481156,0.0648370830325683,0.0961773519660237,0.0678368520743569,0.0659478022292315,0.0655802133274587,0.0692108088070731,0.0648370830325683,0.099264151193783,0.0692108088070731,0.0656394983862818,0.0660946300451293,0.0658299171752846,0.0816233194710616,0.0645528398856718,0.0630390951768982,0.0650646182852546,0.0845546480368929,0.0942973113651018,0.060915825200225,0.0816233194710616,0.0646123588364094,0.062733595204819,0.0648251724041909,0.0671026797563591,0.067201765845023,0.0692108088070731,0.0692108088070731,0.0669095259033127,0.0703605624897612,0.149805584395593,0.136829513301526,0.112164113139111,0.0709268510252722,0.150769708423963,0.067920009646596,0.10809012349967,0.0695055871090373,0.0717720305544654,0.068730561688712,0.109982552455136,0.108090123499671,0.0656566989547327,0.0663870922708558,0.0650563238155151,0.0658089738566431,0.065765822135047,0.0648191384811142,0.0658231010525204,0.0666455140462586,0.0654001667104046,0.0659006539015191,0.0692108088070731,0.0636542677882619,0.0648953546657544,0.0648163845692076,0.060915825200225,0.0609158252002257,0.0654094976233586,0.0654686955297742,0.0648163845692076,0.0642956165115398,0.0609158252002257,0.0656401050302999,0.0651354733876596,0.0654610683860902,0.066258852072823,0.064746413184562,0.0692108088070731,0.065931445851314,0.0630028769488207,0.065931445851314,0.0650942765131651,0.063493949950421,0.0658459432117454,0.0652764188934462,0.0643789019461513,0.0646104644549148,0.0650112139071073,0.0642881087513965,0.0640472936638215,0.0646745716248384,0.060915825200225,0.0692108088070731,0.0692108088070731,0.060915825200225,0.0609158252002243,0.0692108088070731,0.060915825200225,0.0609158252002243,0.0692108088070731,0.060915825200225,0.060915825200225,0.060915825200225,0.0692108088070731,0.0692108088070731,0.0692108088070731,0.060915825200225,0.0692108088070717,0.0609158252002247,0.0609158252002248,0.0609158252002248,0.0609158252002248,0.0609158252002248,0.0609158252002248,0.0609158252002247,0.0609158252002247,0.0609158252002247,0.0609158252002247,0.0609158252002247,0.0609158252002247,0.0609158252002247,0.0609158252002247,0.0692108088070713,0.0609158252002247,0.0609158252002247,0.0609158252002247,0.0609158252002247,0.0609158252002247,0.0609158252002248,0.0609158252002248,0.060915825200225,0.060915825200225,0.0692108088070731,0.060915825200225,0.0627335952048191,0.0692108088070731,0.060915825200225,0.060915825200225,0.060915825200225,0.060915825200225,0.0692108088070731
"40",0.0861327565867478,0.0692108088070731,0.20911282678213,0.0865647435816746,0.0880475269266364,0.0891917629448484,0.0692108088070731,0.0842816234093512,0.060915825200225,0.0692108088070731,0.085173224997397,0.0692108088070731,0.0873735110398843,0.0853541084601174,0.0895134402198992,0.0889930403752814,0.0868437984177023,0.0835674257427796,0.0848402056203683,0.275611595405912,0.264734921172753,0.298477939476997,0.250828059047057,0.0916755532221459,0.088317500143067,0.239175818458675,0.060915825200225,0.299822781820402,0.0882810363906579,0.0993353040741588,0.250008699015599,0.0950187267910581,0.255340380894812,0.0944266612652101,0.0834300188584838,0.0775244381735898,0.0838840828515126,0.083564618890416,0.0809036157556623,1,0.489413163826099,0.0609171627409114,0.435944041426202,0.172320924584596,0.232072200204075,0.408908066317411,0.194166041776942,0.204567548104544,0.447939619087044,0.400693068617173,0.484362391955829,0.242082149224279,0.396627181055048,0.192232043958767,0.47394718851383,0.0680181673253628,0.0652860840928754,0.0652860840928755,0.066456437215945,0.060915825200225,0.0664649199125607,0.0648233830744955,0.068054798957817,0.0657612538488484,0.0660895274815144,0.067028053983114,0.0700474186986714,0.0675550088875695,0.0670700125876598,0.060915825200225,0.0660895274815144,0.0677277069929821,0.060915825200225,0.0671482332141,0.0677487333093102,0.0673994715068076,0.063729241235835,0.097144144463529,0.063717264736157,0.101074752133184,0.0643936553109566,0.066601924530547,0.060915825200225,0.063729241235835,0.0657930266809967,0.0633141884861223,0.0992357377915403,0.0690787527351239,0.0692094867865134,0.060915825200225,0.060915825200225,0.0688239058026159,0.0733771988079494,0.0791834134557495,0.0762422609779382,0.0706516085934066,0.0741243591359124,0.0794019415259488,0.0701571366870294,0.0697281992936458,0.0722491454468029,0.152589638518366,0.0712265779552907,0.0701571366870294,0.0697281992936458,0.0671709276208536,0.068134607574438,0.0663787934740553,0.0673718389205134,0.0673149045973933,0.0660658514645918,0.0673904783236497,0.0684755689154415,0.0668324593245949,0.0674928014477441,0.060915825200225,0.0645289226476934,0.0661664109955392,0.0660622179569466,0.060915825200225,0.0609158252002258,0.0668447705185282,0.0669228761561998,0.0660622179569466,0.0653751172858927,0.0609158252002258,0.067149033619397,0.0664832233125092,0.0669128129131375,0.0679654076305722,0.065969897806667,0.060915825200225,0.0675334283046637,0.0636694784550086,0.0675334283046637,0.0664288682120116,0.0643173995092434,0.067420616237642,0.0666691866222438,0.065485003975692,0.0657905272366135,0.066319275521904,0.065365211557312,0.065047480456419,0.0658751101499188,0.060915825200225,0.060915825200225,0.060915825200225,0.060915825200225,0.0609158252002241,0.060915825200225,0.0692108088070731,0.0609158252002241,0.060915825200225,0.0692108088070731,0.060915825200225,0.060915825200225,0.060915825200225,0.060915825200225,0.060915825200225,0.060915825200225,0.0609158252002256,0.0609158252002257,0.0609158252002256,0.0609158252002256,0.0609158252002256,0.0609158252002256,0.0609158252002256,0.0609158252002256,0.0609158252002256,0.0609158252002256,0.0609158252002256,0.0609158252002256,0.0609158252002256,0.0609158252002256,0.0692108088070763,0.0609158252002256,0.0609158252002256,0.0609158252002256,0.0609158252002256,0.0609158252002256,0.0609158252002256,0.0609158252002255,0.0609158252002256,0.060915825200225,0.060915825200225,0.060915825200225,0.0692108088070731,0.0633141884861224,0.060915825200225,0.060915825200225,0.060915825200225,0.0692108088070731,0.060915825200225,0.060915825200225
"41",0.0856548536916925,0.0692108088070731,0.207285647009142,0.0862419855633819,0.0876931753788976,0.0887810486720079,0.0692108088070731,0.0838464212873363,0.060915825200225,0.0692108088070731,0.0847187136276995,0.0692108088070731,0.0868850225354895,0.0850230467987699,0.0890406221394532,0.0884842795085602,0.0863502143303973,0.0831387846931669,0.0843742164329908,0.26720004681318,0.259680487675444,0.293362195264412,0.245081224658994,0.0910536246717747,0.0872470327742398,0.232836100822792,0.060915825200225,0.314478535627716,0.0883788093388482,0.0999724759867395,0.262740404173271,0.0946204021654201,0.263055540341354,0.0970164184533837,0.0830022862196839,0.0772102092279695,0.0834451238677797,0.0831361119120033,0.0805272927234452,0.489413163826099,1,0.0609171627409114,0.495008107832614,0.185947141282713,0.256959471208377,0.455814682545012,0.211526741213709,0.225768475581686,0.494385288832517,0.432941684918202,0.489521794190117,0.228029037718257,0.436674555930979,0.210992312533917,0.49120584168372,0.068043543227774,0.0653016985565576,0.0653016985565576,0.066476233225111,0.060915825200225,0.0664847462294868,0.0648373443573423,0.0680803057411,0.0657785660428206,0.0661080125617712,0.067049892317339,0.0700800448973805,0.067578729974835,0.0670920008354536,0.060915825200225,0.0661080125617712,0.0677520451119524,0.060915825200225,0.0671705009357558,0.067773146553041,0.0674226368757866,0.0637392932678976,0.0972439472591628,0.0637272739774779,0.101188598566098,0.0644060812228512,0.0666222403501969,0.060915825200225,0.0637392932678976,0.0658104523958714,0.0633227575794744,0.0993430136245524,0.0691079179948179,0.069239119144873,0.060915825200225,0.060915825200225,0.0688521605217058,0.0734217219518655,0.0792486815783903,0.0762970206799849,0.0706863934974465,0.0741715518030975,0.0794679904258158,0.0701901548962776,0.0697596849558492,0.0722896381777224,0.152887542084349,0.071263417162849,0.0701901548962776,0.0697596849558492,0.067193276427177,0.0681603995053008,0.0663983120705055,0.0673949055612419,0.0673377678179257,0.0660842519529936,0.0674136115609553,0.0685025790644023,0.0668535988202003,0.0675163002745363,0.060915825200225,0.0645418318551933,0.0661851707722995,0.0660806054632175,0.060915825200225,0.0609158252002256,0.0668659540007017,0.0669443387013929,0.0660806054632175,0.0653910498555711,0.0609158252002255,0.0671713042008146,0.0665031150255093,0.0669342395034485,0.0679905950282841,0.0659879554629979,0.060915825200225,0.067557072286834,0.0636793169611009,0.067557072286834,0.0664485657200999,0.0643295529673829,0.0674438571544638,0.0666897427620931,0.0655013291586616,0.065807944021243,0.0663385814671303,0.0653811087348906,0.0650622424150421,0.0658928291401751,0.060915825200225,0.060915825200225,0.060915825200225,0.060915825200225,0.0609158252002241,0.060915825200225,0.0692108088070731,0.0609158252002241,0.060915825200225,0.0692108088070731,0.060915825200225,0.060915825200225,0.060915825200225,0.060915825200225,0.060915825200225,0.060915825200225,0.0609158252002255,0.0609158252002255,0.0609158252002255,0.0609158252002255,0.0609158252002255,0.0609158252002255,0.0609158252002255,0.0609158252002255,0.0609158252002255,0.0609158252002255,0.0609158252002255,0.0609158252002255,0.0609158252002255,0.0609158252002255,0.0692108088070756,0.0609158252002255,0.0609158252002255,0.0609158252002255,0.0609158252002255,0.0609158252002255,0.0609158252002255,0.0609158252002254,0.0609158252002255,0.060915825200225,0.060915825200225,0.060915825200225,0.0692108088070731,0.0633227575794745,0.060915825200225,0.060915825200225,0.060915825200225,0.0692108088070731,0.060915825200225,0.060915825200225
"42",0.060915825200225,0.060915825200225,0.060915825200225,0.060915825200225,0.060915825200225,0.060915825200225,0.060915825200225,0.060915825200225,0.060915825200225,0.060915825200225,0.0692108088070731,0.060915825200225,0.060915825200225,0.060915825200225,0.060915825200225,0.060915825200225,0.060915825200225,0.060915825200225,0.0692108088070731,0.060915825200225,0.060915825200225,0.060915825200225,0.060915825200225,0.060915825200225,0.060915825200225,0.060915825200225,0.0692108088070731,0.060915825200225,0.060915825200225,0.060915825200225,0.060915825200225,0.060915825200225,0.060915825200225,0.060915825200225,0.060915825200225,0.060915825200225,0.060915825200225,0.060915825200225,0.060915825200225,0.0609171627409114,0.0609171627409114,1,0.0609171627409114,0.0609171627409114,0.0609171627409114,0.0609171627409114,0.0692121463477595,0.0609171627409114,0.0609171627409114,0.0609171627409114,0.0609171627409114,0.0609171627409114,0.0609171627409114,0.0609171627409114,0.0609171627409114,0.060915825200225,0.060915825200225,0.0692108088070731,0.060915825200225,0.060915825200225,0.060915825200225,0.060915825200225,0.060915825200225,0.060915825200225,0.060915825200225,0.060915825200225,0.060915825200225,0.060915825200225,0.060915825200225,0.060915825200225,0.060915825200225,0.060915825200225,0.060915825200225,0.060915825200225,0.060915825200225,0.060915825200225,0.060915825200225,0.060915825200225,0.060915825200225,0.060915825200225,0.060915825200225,0.060915825200225,0.060915825200225,0.060915825200225,0.060915825200225,0.0692108088070731,0.060915825200225,0.060915825200225,0.060915825200225,0.060915825200225,0.060915825200225,0.060915825200225,0.060915825200225,0.060915825200225,0.060915825200225,0.060915825200225,0.060915825200225,0.060915825200225,0.060915825200225,0.060915825200225,0.060915825200225,0.060915825200225,0.060915825200225,0.060915825200225,0.060915825200225,0.060915825200225,0.060915825200225,0.060915825200225,0.060915825200225,0.060915825200225,0.060915825200225,0.060915825200225,0.060915825200225,0.060915825200225,0.060915825200225,0.060915825200225,0.060915825200225,0.060915825200225,0.060915825200225,0.060915825200225,0.060915825200225,0.060915825200225,0.060915825200225,0.060915825200225,0.060915825200225,0.060915825200225,0.060915825200225,0.060915825200225,0.060915825200225,0.060915825200225,0.060915825200225,0.060915825200225,0.060915825200225,0.060915825200225,0.060915825200225,0.060915825200225,0.060915825200225,0.060915825200225,0.060915825200225,0.060915825200225,0.060915825200225,0.060915825200225,0.060915825200225,0.060915825200225,0.060915825200225,0.060915825200225,0.060915825200225,0.060915825200225,0.060915825200225,0.060915825200225,0.060915825200225,0.060915825200225,0.060915825200225,0.060915825200225,0.060915825200225,0.060915825200225,0.060915825200225,0.060915825200225,0.060915825200225,0.060915825200225,0.060915825200225,0.060915825200225,0.060915825200225,0.060915825200225,0.060915825200225,0.060915825200225,0.060915825200225,0.060915825200225,0.060915825200225,0.060915825200225,0.060915825200225,0.060915825200225,0.060915825200225,0.060915825200225,0.060915825200225,0.060915825200225,0.060915825200225,0.060915825200225,0.060915825200225,0.060915825200225,0.060915825200225,0.060915825200225,0.060915825200225,0.060915825200225,0.060915825200225,0.060915825200225,0.060915825200225,0.060915825200225,0.060915825200225,0.060915825200225,0.060915825200225,0.060915825200225,0.060915825200225,0.060915825200225,0.060915825200225
"43",0.0836744572919325,0.0692108088070731,0.196550309169502,0.0842775592190209,0.0856112326849094,0.0865986505226728,0.0692108088070731,0.0820137299334712,0.060915825200225,0.0692108088070731,0.0828152640744275,0.0692108088070731,0.0848111338179573,0.0831441513046772,0.0868158516447351,0.0862863853507813,0.0843133028575853,0.0813600518959715,0.082491486000566,0.249790956762541,0.243850573840259,0.274542307825127,0.230171980382816,0.0886260200525239,0.0849472533623026,0.218645463395229,0.060915825200225,0.307455437874785,0.0864492102257498,0.0974535041688839,0.258676135571754,0.0920179070851483,0.254311889752451,0.0965300951103843,0.0812338265792102,0.0759060243976983,0.0816402038801822,0.0813576242561071,0.078958321006733,0.435944041426202,0.495008107832614,0.0609171627409114,1,0.192997098137809,0.250104188289007,0.500564773458668,0.224571115597296,0.252443102519442,0.499469643417667,0.43583093238059,0.452590528727154,0.211483891958685,0.457394339807173,0.231855528428255,0.441758427546443,0.0675427368217781,0.0649935391338295,0.0649935391338296,0.0660855488646957,0.060915825200225,0.0660934637299323,0.0645618113034912,0.0675769163341911,0.065436901044955,0.0657432000535122,0.0666189016278664,0.0694361501876643,0.067110582191664,0.066658051525068,0.060915825200225,0.0657432000535122,0.0672717198926667,0.060915825200225,0.066731036065839,0.0672913387082036,0.0669654564770763,0.0635409112766417,0.0952742880691229,0.0635297364833828,0.0989417810153739,0.0641608494996066,0.0662212972641584,0.060915825200225,0.0635409112766417,0.0654665470049641,0.0631536421417328,0.0972258702217063,0.068532326685764,0.0686543094048757,0.060915825200225,0.060915825200225,0.0682945391969331,0.0725430349468894,0.0779605818136556,0.0752163099674734,0.0699998956345185,0.0732401803917727,0.0781644816233979,0.0695385236581805,0.0691382993171041,0.0714904934335404,0.147008262924305,0.0705363765698454,0.0695385236581805,0.0691382993171041,0.0667522113098936,0.0676513825651425,0.066013102591846,0.0669396736150261,0.0668865504732649,0.0657211089082348,0.0669570652972467,0.0679695199673381,0.0664364000681253,0.0670525389154233,0.060915825200225,0.0642870620461222,0.0658149369881205,0.065717718627449,0.060915825200225,0.0609158252002254,0.066447887151219,0.066520764400565,0.065717718627449,0.0650766124483946,0.0609158252002254,0.0667317828920368,0.0661105419010054,0.0665113747905992,0.0674935088588898,0.065631578384412,0.060915825200225,0.0670904462121325,0.0634851490140224,0.0670904462121325,0.0660598253288055,0.0640896982582725,0.0669851857804572,0.0662840568340725,0.0651791433274842,0.0654642148732901,0.0659575687690798,0.0650673698088971,0.064770907615449,0.0655431358096927,0.060915825200225,0.060915825200225,0.060915825200225,0.060915825200225,0.0609158252002243,0.060915825200225,0.0692108088070731,0.0609158252002243,0.060915825200225,0.0692108088070731,0.060915825200225,0.060915825200225,0.060915825200225,0.060915825200225,0.060915825200225,0.060915825200225,0.0609158252002251,0.0609158252002251,0.0609158252002251,0.0609158252002251,0.0609158252002251,0.0609158252002251,0.0609158252002251,0.0609158252002251,0.0609158252002251,0.0609158252002251,0.0609158252002251,0.0609158252002251,0.0609158252002251,0.0609158252002251,0.0692108088070734,0.0609158252002251,0.0609158252002251,0.0609158252002251,0.0609158252002251,0.0609158252002251,0.0609158252002251,0.0609158252002251,0.0609158252002251,0.060915825200225,0.060915825200225,0.060915825200225,0.0692108088070731,0.0631536421417328,0.060915825200225,0.060915825200225,0.060915825200225,0.0692108088070731,0.060915825200225,0.060915825200225
"44",0.0768685553002895,0.060915825200225,0.0762967304977789,0.164849549771561,0.0782793009169895,0.174246372902648,0.060915825200225,0.155311036716232,0.0692108088070731,0.060915825200225,0.0762680328942855,0.060915825200225,0.0776696117227977,0.160164430635168,0.175024191385764,0.172775143901474,0.164674932156321,0.152630342376931,0.0760351636494515,0.0824307724565559,0.0818586414551465,0.0855073973701048,0.0801755769729157,0.0803264042076089,0.0775959858565959,0.0787491750998356,0.060915825200225,0.0915092250821946,0.0790466787413943,0.0870543328388841,0.0857124543322465,0.196596254187686,0.0842255414722702,0.0885445864944018,0.15211202438027,0.130376134024249,0.0754414181367021,0.0752448056218035,0.142834145324096,0.172320924584596,0.185947141282713,0.0609171627409114,0.192997098137809,1,0.313313317317009,0.2069438990192,0.20062013586143,0.185321064829558,0.205945242005441,0.199158716165965,0.183894761971341,0.291302453863058,0.238508133649063,0.323566878772395,0.16912283977795,0.0656214905054928,0.0860657919125603,0.0638113454784437,0.0645867643457844,0.060915825200225,0.0645923845666153,0.0635047823629897,0.0656457608375717,0.0878984014686283,0.064343667860561,0.092784129153316,0.0669659734401079,0.0653146243262571,0.0649932894452479,0.0692108088070731,0.064343667860561,0.0954825138373136,0.0692108088070731,0.0650451146152426,0.0654429766745538,0.0652115728478254,0.0800614428115388,0.0640951912679732,0.0627719223294216,0.0645425721609761,0.0826239198377982,0.0911406556428918,0.060915825200225,0.0800614428115389,0.0641472208990661,0.0625048636758469,0.064333255956573,0.0663241826425447,0.0664108006453107,0.0692108088070731,0.0692108088070731,0.066155333501328,0.0691721232507378,0.139664275978703,0.128320994827204,0.106759262718288,0.0696671552234055,0.140507083469463,0.0670386672250711,0.103197906622635,0.0684247301414632,0.0704059851013887,0.0677472268218086,0.104852209650529,0.103197906622636,0.0650601508216943,0.0656986381323681,0.0645353213913416,0.0651932648445882,0.0651555429404241,0.0643279812871129,0.0652056144035229,0.065924542478361,0.0648358982454913,0.0652734087122867,0.0692108088070731,0.0633096872535508,0.064394607125119,0.0643255739022585,0.060915825200225,0.0609158252002253,0.0648440550418181,0.0648958040258661,0.0643255739022585,0.0638703345274104,0.0609158252002253,0.0650456449247335,0.0646045115062345,0.0648891366120888,0.0655865345063424,0.0642644070758099,0.0692108088070731,0.0653003260851337,0.0627402614714532,0.0653003260851337,0.0645684984691167,0.0631695423441211,0.0652255823146356,0.0647277217204502,0.0639431400857164,0.0641455648891882,0.0644958877006598,0.0638637714750422,0.0636532583525351,0.0642016053999868,0.060915825200225,0.0692108088070731,0.0692108088070731,0.060915825200225,0.0609158252002245,0.0692108088070731,0.060915825200225,0.0609158252002245,0.0692108088070731,0.060915825200225,0.060915825200225,0.060915825200225,0.0692108088070731,0.0692108088070731,0.0692108088070731,0.060915825200225,0.0692108088070703,0.0609158252002245,0.0609158252002246,0.0609158252002245,0.0609158252002245,0.0609158252002246,0.0609158252002245,0.0609158252002245,0.0609158252002244,0.0609158252002244,0.0609158252002244,0.0609158252002244,0.0609158252002244,0.0609158252002244,0.0609158252002245,0.0692108088070696,0.0609158252002244,0.0609158252002244,0.0609158252002245,0.0609158252002244,0.0609158252002244,0.0609158252002246,0.0609158252002246,0.060915825200225,0.060915825200225,0.0692108088070731,0.060915825200225,0.062504863675847,0.0692108088070731,0.060915825200225,0.060915825200225,0.060915825200225,0.060915825200225,0.0692108088070731
"45",0.0824660074982023,0.060915825200225,0.0815810675382485,0.197651757892905,0.0842447792881478,0.210522215145452,0.060915825200225,0.185486429683668,0.0692108088070731,0.060915825200225,0.0816506392049899,0.060915825200225,0.0835378662130927,0.191467226715571,0.211831937011886,0.209005557803163,0.198181333662664,0.181897389592146,0.0813501926288864,0.0905392313102227,0.0894106060033121,0.0944221765025117,0.0872297783682241,0.0871681024772344,0.0838490895302399,0.0853976510465963,0.060915825200225,0.0979986145187562,0.0848619610880279,0.0949934767814765,0.0902417629175493,0.240146230275419,0.0901077938483023,0.0928295644496409,0.181205046528612,0.151835203450054,0.0805410372911506,0.0802719445207775,0.16865544619948,0.232072200204075,0.256959471208377,0.0609171627409114,0.250104188289007,0.313313317317009,1,0.226208722213608,0.198552712134896,0.215619211912598,0.235881899573867,0.210749165594437,0.229250937248177,0.383805710305242,0.214758308584465,0.37091296693896,0.251008991927596,0.0671307836182937,0.0914718521117437,0.0647400534358495,0.0657641798248881,0.060915825200225,0.0657716026729868,0.0643351633955554,0.0671628384064857,0.093892252086805,0.0654431126751376,0.100345026016211,0.0689064954444368,0.0667254933096679,0.0663010936139412,0.0692108088070731,0.0654431126751376,0.103908889469956,0.0692108088070731,0.0663695411671842,0.0668950133362266,0.0665893891433438,0.0835416706029478,0.0651149398046473,0.0633672461427514,0.0657058134572928,0.0869260354339164,0.0981744255026022,0.060915825200225,0.0835416706029478,0.0651836573977553,0.063014531208841,0.0654293612614394,0.0680588569361287,0.068173256760707,0.0692108088070731,0.0692108088070731,0.0678358511923046,0.0718202448183555,0.16226149143643,0.147279971054581,0.118802538048788,0.0724740531379359,0.163374620647649,0.069002505003445,0.114098914095414,0.0708331331572494,0.0734498550005443,0.0699383277075198,0.116283817581376,0.114098914095415,0.0663894000801753,0.0672326755425972,0.0656962370788523,0.0665652090388408,0.0665153882269849,0.0654223947967129,0.0665815195901193,0.0675310363536042,0.0660932208269066,0.0666710582169904,0.0692108088070731,0.0640774935626894,0.0655103901780064,0.0654192152682519,0.060915825200225,0.0609158252002255,0.06610399383066,0.0661723407621078,0.0654192152682519,0.0648179626075961,0.0609158252002255,0.0663702415679184,0.065787619202124,0.0661635348448371,0.0670846158466635,0.0653384298195889,0.0692108088070731,0.0667066090566942,0.0633254303945014,0.0667066090566942,0.0657400553586128,0.063892398633895,0.0666078920006523,0.0659503478086771,0.0649141197900817,0.0651814702399648,0.0656441554427904,0.0648092945245687,0.0645312615116014,0.0652554851606501,0.060915825200225,0.0692108088070731,0.0692108088070731,0.060915825200225,0.0609158252002242,0.0692108088070731,0.060915825200225,0.0609158252002242,0.0692108088070731,0.060915825200225,0.060915825200225,0.060915825200225,0.0692108088070731,0.0692108088070731,0.0692108088070731,0.060915825200225,0.0692108088070757,0.0609158252002255,0.0609158252002255,0.0609158252002255,0.0609158252002255,0.0609158252002255,0.0609158252002255,0.0609158252002255,0.0609158252002255,0.0609158252002255,0.0609158252002256,0.0609158252002255,0.0609158252002255,0.0609158252002255,0.0609158252002255,0.0692108088070759,0.0609158252002255,0.0609158252002255,0.0609158252002255,0.0609158252002255,0.0609158252002255,0.0609158252002254,0.0609158252002255,0.060915825200225,0.060915825200225,0.0692108088070731,0.060915825200225,0.0630145312088411,0.0692108088070731,0.060915825200225,0.060915825200225,0.060915825200225,0.060915825200225,0.0692108088070731
"46",0.0828342059081009,0.0692108088070731,0.192055285275524,0.0834559368620372,0.0847394965276351,0.0856817760874995,0.0692108088070731,0.081236700401916,0.060915825200225,0.0692108088070731,0.0820080379043644,0.0692108088070731,0.0839321533534662,0.0823565507103515,0.085876934752181,0.0853555475293994,0.0834489129325144,0.0806054100171407,0.0816917596555763,0.242104018121171,0.237027010098354,0.266415318571688,0.223687582931674,0.0875931963227034,0.083934551352475,0.212414649004885,0.060915825200225,0.306640525182029,0.0856798824971049,0.0964958929782637,0.259426186341681,0.0909317052758282,0.251780564071109,0.0969263183688459,0.0804834203835213,0.0753527176682825,0.0808741379118483,0.0806030922562326,0.0782928106140558,0.408908066317411,0.455814682545012,0.0609171627409114,0.500564773458668,0.2069438990192,0.226208722213608,1,0.250784735760001,0.260224051428935,0.500034171350497,0.447167885510737,0.43663182794693,0.203831100252247,0.498383909809696,0.252834963155683,0.40482744643161,0.0673430661999379,0.0648706765210008,0.0648706765210008,0.0659297837062364,0.060915825200225,0.0659374600944638,0.064451956765807,0.0673762158744885,0.0653006798190119,0.0655977499564146,0.0664470664078212,0.0691794305140548,0.0669239325045599,0.0664850367081358,0.060915825200225,0.0655977499564146,0.0670802150834787,0.060915825200225,0.0665558222051482,0.0670992427788496,0.0667831794666173,0.0634618167301628,0.0944889884591738,0.0634509786364174,0.0980459788608019,0.0640630760484507,0.0660614419700699,0.060915825200225,0.0634618167301628,0.0653294325383068,0.0630862161179991,0.0963817689188673,0.0683028394563103,0.0684211468034282,0.060915825200225,0.060915825200225,0.0680722165681972,0.0721927040034625,0.077447018732317,0.0747854325317747,0.0697261901596245,0.0728688442693962,0.0776447749861875,0.0692787194444887,0.0688905539699888,0.0711718758477807,0.14466420479764,0.0702465067807009,0.0692787194444887,0.0688905539699888,0.0665763594334288,0.0674484384179594,0.0658595202589888,0.0667581734491053,0.0667066509218317,0.0655763244232605,0.0667750411152831,0.0677569902550298,0.066270063668949,0.0668676380877763,0.060915825200225,0.0641854857771403,0.0656673254379721,0.0655730362925426,0.060915825200225,0.0609158252002256,0.0662812046431528,0.0663518860814596,0.0655730362925426,0.064951246814351,0.0609158252002255,0.0665565465292727,0.065954023695669,0.0663427793829565,0.0672953214887546,0.0654894914780968,0.060915825200225,0.0669044032274841,0.0634077345994494,0.0669044032274841,0.0659048352273714,0.0639940686130723,0.0668023143208037,0.0661223105773357,0.065050688410596,0.0653271706743848,0.0658056596851745,0.0649422826580568,0.0646547529498897,0.0654037137018386,0.060915825200225,0.060915825200225,0.060915825200225,0.060915825200225,0.0609158252002243,0.060915825200225,0.0692108088070731,0.0609158252002243,0.060915825200225,0.0692108088070731,0.060915825200225,0.060915825200225,0.060915825200225,0.060915825200225,0.060915825200225,0.060915825200225,0.0609158252002247,0.0609158252002246,0.0609158252002247,0.0609158252002247,0.0609158252002247,0.0609158252002247,0.0609158252002246,0.0609158252002246,0.0609158252002246,0.0609158252002246,0.0609158252002246,0.0609158252002246,0.0609158252002246,0.0609158252002246,0.0692108088070708,0.0609158252002246,0.0609158252002246,0.0609158252002246,0.0609158252002246,0.0609158252002246,0.0609158252002246,0.0609158252002247,0.0609158252002247,0.060915825200225,0.060915825200225,0.060915825200225,0.0692108088070731,0.0630862161179992,0.060915825200225,0.060915825200225,0.060915825200225,0.0692108088070731,0.060915825200225,0.060915825200225
"47",0.0797366194917149,0.060915825200225,0.079049463254161,0.0802850040255728,0.0813868558655128,0.0821928864444503,0.060915825200225,0.0783655565996011,0.060915825200225,0.060915825200225,0.174640863880827,0.060915825200225,0.0806805502173513,0.0793382095533997,0.0823554859471823,0.0819037113698306,0.0802642577769917,0.0778228625531167,0.173050773125882,0.0863591117706346,0.0856472445397788,0.0899671482785705,0.0836705320203282,0.083819586776822,0.0806380416463948,0.0819976368599689,0.0692108088070731,0.096475812560894,0.0822433874252749,0.0916109611137108,0.0895741473401894,0.0867117940223856,0.0881323652566937,0.0926765160474083,0.0777179622121919,0.0733124900556495,0.0780532291053878,0.0778208795360218,0.0758372512901027,0.194166041776942,0.211526741213709,0.0692121463477595,0.224571115597296,0.20062013586143,0.198552712134896,0.250784735760001,1,0.219842891636838,0.232122233128948,0.217623873230374,0.206508450054621,0.182941183330273,0.251049659519558,0.212764559872373,0.191465640440948,0.0664511613817495,0.0643218639047669,0.0890375478057742,0.0652339993487013,0.060915825200225,0.0652406104886136,0.0639612496674997,0.0664797108935781,0.0646921958736104,0.0649480417459045,0.0656794990046637,0.0680326943958137,0.0660901906465576,0.0657122001865805,0.060915825200225,0.0649480417459045,0.0662247859750462,0.060915825200225,0.0657731628177869,0.0662411732072415,0.0659689698328962,0.063108510838456,0.064655755451834,0.0630991767412205,0.0651820154986735,0.0636263337206455,0.065347387465224,0.060915825200225,0.063108510838456,0.0647169585933276,0.0800915653163766,0.0649357940858768,0.0672777474133446,0.0673796373127697,0.060915825200225,0.060915825200225,0.0670791279408653,0.0706278175243057,0.0751529937903032,0.0728607544924821,0.0685035804959077,0.0712101301648269,0.0753233075139088,0.0681182050541319,0.0677839050962629,0.0697486491493347,0.0720792254978531,0.0689516930559659,0.0681182050541319,0.0677839050962629,0.0657908501058122,0.0665419111530695,0.0651734863226914,0.0659474338871466,0.0659030611136044,0.064929589422601,0.0659619608362521,0.0668076454156696,0.0655270588418082,0.0660417081760771,0.060915825200225,0.0637317567163315,0.0650079622748577,0.0649267575840355,0.060915825200225,0.0609158252002255,0.0655366537889419,0.0655975268016139,0.0649267575840355,0.0643912535013227,0.0609158252002255,0.0657737866278375,0.0652548755676812,0.0655896838348229,0.0664100421787663,0.0648548062390959,0.060915825200225,0.0660733714368841,0.0630619336562832,0.0660733714368841,0.0652125129569912,0.063566902410405,0.0659854493535352,0.0653998093682042,0.0644768956400987,0.0647150106070601,0.0651270999520846,0.0643835332962341,0.0641359039328803,0.064780931799268,0.060915825200225,0.060915825200225,0.060915825200225,0.060915825200225,0.0609158252002244,0.060915825200225,0.060915825200225,0.0609158252002244,0.060915825200225,0.060915825200225,0.060915825200225,0.060915825200225,0.060915825200225,0.060915825200225,0.060915825200225,0.060915825200225,0.0609158252002246,0.0609158252002246,0.0609158252002246,0.0609158252002246,0.0609158252002246,0.0609158252002246,0.0609158252002246,0.0609158252002245,0.0609158252002245,0.0609158252002245,0.0609158252002245,0.0609158252002245,0.0609158252002245,0.0609158252002245,0.0609158252002245,0.0609158252002245,0.0609158252002245,0.0609158252002245,0.0609158252002245,0.0609158252002245,0.0609158252002245,0.0609158252002247,0.0609158252002246,0.060915825200225,0.060915825200225,0.060915825200225,0.060915825200225,0.0627850321236537,0.060915825200225,0.060915825200225,0.060915825200225,0.060915825200225,0.060915825200225,0.060915825200225
"48",0.0806152194589387,0.060915825200225,0.0798699303451403,0.0811591480759449,0.082313079656312,0.0831631189416722,0.060915825200225,0.0791787500786985,0.060915825200225,0.060915825200225,0.0798722178670658,0.060915825200225,0.0816008360307253,0.0801739049764404,0.0833436153128418,0.0828791797544564,0.0811678950672417,0.0786120051333077,0.0795895775574429,0.0876739147934621,0.0868498318781412,0.0913979675093834,0.0848005982433699,0.0848959625433307,0.0816497521122657,0.0830708103069777,0.060915825200225,0.097076413632318,0.0831098116144526,0.0927516166402464,0.0898013261717069,0.0878703789654213,0.0888357317539928,0.0926589466650403,0.0785025198258369,0.0738910983118332,0.0788539201068985,0.0786099146615173,0.0765333632018552,0.204567548104544,0.225768475581686,0.0609171627409114,0.252443102519442,0.185321064829558,0.215619211912598,0.260224051428935,0.219842891636838,1,0.237455173723671,0.214035320332394,0.214138804691017,0.190123478401751,0.230227979717696,0.254744562591878,0.204497986872123,0.0666760323310073,0.0644602329453421,0.0644602329453421,0.0654094235484219,0.060915825200225,0.0654163032634051,0.0640849688903962,0.0667057416560098,0.0648456095110526,0.065111849025626,0.0658730214602526,0.0683218145285884,0.0663003972955426,0.0659070511153783,0.060915825200225,0.065111849025626,0.0664404605085986,0.060915825200225,0.0659704903305353,0.0664575134659348,0.0661742519319452,0.0631975878673343,0.0648076887108552,0.0631878745759112,0.0653553278740498,0.0637364471092401,0.0655274180145068,0.060915825200225,0.0631975878673343,0.0648713782069393,0.062860967951478,0.0650991038090188,0.0675361981090663,0.0676422272473113,0.060915825200225,0.060915825200225,0.0673295097952641,0.0710223635575511,0.0757313734063924,0.0733460127497372,0.06881183019929,0.0716283324299515,0.0759086060609252,0.0684107990252207,0.0680629182573705,0.070107479298205,0.0725327344338146,0.0692781471634621,0.0684107990252207,0.0680629182573705,0.0659888961579803,0.0667704687776352,0.0653464522035032,0.0661518410965042,0.0661056656957357,0.0650926470836324,0.0661669581974502,0.0670469983946495,0.0657143884731488,0.0662499452429441,0.060915825200225,0.063846152874452,0.065174203803518,0.065089700202691,0.060915825200225,0.0609158252002255,0.065724373211399,0.0657877191673024,0.065089700202691,0.0645324414681446,0.0609158252002255,0.0659711394826345,0.0654311478559415,0.0657795575829371,0.0666332426758773,0.0650148258614406,0.060915825200225,0.0662828948118056,0.0631491185046642,0.0662828948118056,0.0653870642801345,0.063674601424387,0.0661914009269085,0.0655819695375676,0.0646215627865785,0.0648693510844628,0.065298181404047,0.0645244076326295,0.06426671841958,0.064937950300296,0.060915825200225,0.060915825200225,0.060915825200225,0.060915825200225,0.0609158252002245,0.060915825200225,0.060915825200225,0.0609158252002245,0.060915825200225,0.060915825200225,0.060915825200225,0.060915825200225,0.060915825200225,0.060915825200225,0.060915825200225,0.060915825200225,0.0609158252002248,0.0609158252002248,0.0609158252002248,0.0609158252002248,0.0609158252002248,0.0609158252002248,0.0609158252002248,0.0609158252002248,0.0609158252002248,0.0609158252002248,0.0609158252002248,0.0609158252002248,0.0609158252002248,0.0609158252002248,0.0609158252002248,0.0609158252002248,0.0609158252002248,0.0609158252002248,0.0609158252002248,0.0609158252002248,0.0609158252002248,0.0609158252002248,0.0609158252002248,0.060915825200225,0.060915825200225,0.060915825200225,0.060915825200225,0.062860967951478,0.060915825200225,0.060915825200225,0.060915825200225,0.060915825200225,0.060915825200225,0.060915825200225
"49",0.0859284177116258,0.0692108088070731,0.209483429576857,0.0866550051755803,0.0881193992600812,0.0891910723823724,0.0692108088070731,0.0841061898207756,0.060915825200225,0.0692108088070731,0.0849861645056308,0.0692108088070731,0.087182714636745,0.0853971500619959,0.0894079223292278,0.0888081391090182,0.0866296720027745,0.0833850507442992,0.0846233763406161,0.266048251523157,0.260573712086691,0.294148522249786,0.245256456034366,0.0913551555708083,0.0871273437882449,0.232309289690617,0.060915825200225,0.342380889614307,0.0892416740059341,0.101665122112195,0.286661858707832,0.0951949814631534,0.278837331825836,0.10182917324284,0.0832456624743762,0.0773908254764981,0.083691263285898,0.0833824142466162,0.0807461742196256,0.447939619087044,0.494385288832517,0.0609171627409114,0.499469643417667,0.205945242005441,0.235881899573867,0.500034171350497,0.232122233128948,0.237455173723671,1,0.491476204118257,0.489497796988913,0.222936003421664,0.495448862416241,0.224861061232683,0.434953245002386,0.0682674903418923,0.0654394991369457,0.0654394991369458,0.0666509367312936,0.060915825200225,0.066659717207356,0.0649605553057554,0.0683054079035432,0.0659313494125044,0.0662711468736345,0.0672426197265008,0.0703679772407185,0.0677880730338831,0.0672860512600708,0.060915825200225,0.0662711468736345,0.0679668335919109,0.060915825200225,0.0673670177697978,0.0679885980231482,0.0676270756163796,0.0638280043424823,0.0981247257119246,0.0638156074157149,0.102193314760641,0.0645157422336796,0.0668015312817206,0.060915825200225,0.0638280043424823,0.0659642376088826,0.063398381440874,0.100289743038485,0.0693653069000535,0.0695006302837338,0.060915825200225,0.060915825200225,0.069101513734761,0.0738146470754699,0.0798246850431132,0.076780285355449,0.0709933768215626,0.0745880359719131,0.0800508843964892,0.0704815468063932,0.0700375518498936,0.0726469941481729,0.155516597114847,0.0715885301021021,0.0704815468063932,0.0700375518498936,0.0673905088486703,0.0683880181487947,0.0665705673572672,0.0675984730064442,0.0675395400416177,0.0662466397258181,0.067617766733483,0.0687409487118605,0.0670401588470339,0.0677236818430817,0.060915825200225,0.0646557580406872,0.0663507293325004,0.0662428786662934,0.060915825200225,0.0609158252002256,0.0670529022172767,0.0671337497016306,0.0662428786662934,0.0655316577812385,0.0609158252002256,0.0673678462727927,0.0666786631360377,0.0671233331950853,0.068212878552958,0.0661473176782806,0.060915825200225,0.0677657348789069,0.063766143628815,0.0677657348789069,0.0666223999357357,0.0644368095225504,0.0676489626189861,0.0668711545645999,0.065645401970507,0.0659616504231597,0.0665089600668234,0.0655214043186165,0.0651925194778552,0.0660492025636186,0.060915825200225,0.060915825200225,0.060915825200225,0.060915825200225,0.0609158252002241,0.060915825200225,0.0692108088070731,0.0609158252002241,0.060915825200225,0.0692108088070731,0.060915825200225,0.060915825200225,0.060915825200225,0.060915825200225,0.060915825200225,0.060915825200225,0.0609158252002249,0.0609158252002249,0.0609158252002249,0.0609158252002249,0.0609158252002249,0.0609158252002249,0.0609158252002249,0.0609158252002248,0.0609158252002248,0.0609158252002248,0.0609158252002248,0.0609158252002248,0.0609158252002248,0.0609158252002248,0.069210808807072,0.0609158252002248,0.0609158252002248,0.0609158252002248,0.0609158252002249,0.0609158252002248,0.0609158252002248,0.0609158252002249,0.0609158252002249,0.060915825200225,0.060915825200225,0.060915825200225,0.0692108088070731,0.0633983814408741,0.060915825200225,0.060915825200225,0.060915825200225,0.0692108088070731,0.060915825200225,0.060915825200225
"50",0.0839179038284701,0.0692108088070731,0.198667465866975,0.0846770800758204,0.0860218205009777,0.0869880336441435,0.0692108088070731,0.0822463911154156,0.060915825200225,0.0692108088070731,0.0830542897025226,0.0692108088070731,0.0850785828771257,0.0835029236635087,0.0871562514701153,0.0865791608235816,0.0845615624234921,0.081579331947872,0.0827107521928853,0.248105859686478,0.244302681200612,0.274361338675165,0.229949935189853,0.0888867241840367,0.0847587754452466,0.217705029457806,0.060915825200225,0.342659492987049,0.0873770745971347,0.0993293960998908,0.297903811129924,0.092577771170908,0.273631535461401,0.105954190914869,0.0814502030558345,0.076066860192169,0.0818585262458791,0.0815769524283515,0.0791535904264518,0.400693068617173,0.432941684918202,0.0609171627409114,0.43583093238059,0.199158716165965,0.210749165594437,0.447167885510737,0.217623873230374,0.214035320332394,0.491476204118257,1,0.444648854387289,0.20604081306716,0.475503300825673,0.203935544702408,0.384466097211091,0.0677835539002743,0.0651417202493344,0.0651417202493345,0.0662734128080538,0.060915825200225,0.0662816152936529,0.0646943037482026,0.0678189754709481,0.0656011936051646,0.0659186232936824,0.0668261472170906,0.0697457725107747,0.0673356950897779,0.0668667197926687,0.060915825200225,0.0659186232936825,0.0675026884159355,0.060915825200225,0.0669423565377979,0.0675230201647528,0.0671852956138067,0.063636304967674,0.0962214156739218,0.0636247240906738,0.100022182607689,0.0642787712882247,0.0664140942041877,0.060915825200225,0.063636304967674,0.0656319168774855,0.0632349627581587,0.0982439168819068,0.068809104729724,0.0689355202108402,0.060915825200225,0.060915825200225,0.0685626762190063,0.0729655591696578,0.0785799756920906,0.0757359790319474,0.0703300040511938,0.073688038365602,0.0787912850704663,0.0698518661576705,0.0694370979593548,0.0718747690743576,0.149835365002142,0.0708859803078548,0.0698518661576705,0.0694370979593548,0.0669643012745968,0.0678961477497855,0.066198333891105,0.067158575821574,0.0671035222240395,0.0658957293724861,0.0671765995046936,0.0682258460304314,0.0666370136853317,0.0672755425637072,0.060915825200225,0.0644095703055514,0.0659929670955615,0.0658922158913981,0.060915825200225,0.0609158252002255,0.066648918200549,0.066724443755362,0.0658922158913981,0.065227812386853,0.0609158252002255,0.0669431305031086,0.0662993140728612,0.0667147129338983,0.0677325370295386,0.0658029453754899,0.060915825200225,0.067314827383608,0.0635785163455764,0.0673148273836079,0.06624675449785,0.064205034463281,0.0672057418655145,0.0664791344105637,0.0653340691624338,0.0656294999978671,0.0661407820101965,0.065218233876656,0.0649109984658501,0.0657112888628649,0.060915825200225,0.060915825200225,0.060915825200225,0.060915825200225,0.0609158252002243,0.060915825200225,0.0692108088070731,0.0609158252002243,0.060915825200225,0.0692108088070731,0.060915825200225,0.060915825200225,0.060915825200225,0.060915825200225,0.060915825200225,0.060915825200225,0.0609158252002246,0.0609158252002246,0.0609158252002246,0.0609158252002246,0.0609158252002246,0.0609158252002246,0.0609158252002246,0.0609158252002245,0.0609158252002245,0.0609158252002245,0.0609158252002245,0.0609158252002245,0.0609158252002245,0.0609158252002245,0.0692108088070701,0.0609158252002245,0.0609158252002245,0.0609158252002245,0.0609158252002245,0.0609158252002245,0.0609158252002245,0.0609158252002247,0.0609158252002247,0.060915825200225,0.060915825200225,0.060915825200225,0.0692108088070731,0.0632349627581587,0.060915825200225,0.060915825200225,0.060915825200225,0.0692108088070731,0.060915825200225,0.060915825200225
"51",0.0896947005851388,0.0692108088070731,0.229977275810065,0.0904062886815164,0.0920938445988574,0.0933532984040098,0.0692108088070731,0.0875922868944651,0.060915825200225,0.0692108088070731,0.0886066012719873,0.0692108088070731,0.0911280163563171,0.0889828316337834,0.0936454601036551,0.0929902529159456,0.0905032266447899,0.0867678740050763,0.0882027356034286,0.298096517286246,0.290778829801685,0.331971891106909,0.273182615039905,0.0959682624348536,0.091374401518405,0.258602936474425,0.060915825200225,0.338354564841149,0.0928559295555233,0.10628904202929,0.278948136444243,0.100167699814645,0.287658169388094,0.0995555552176687,0.0866087888360244,0.0798711512042566,0.087123482605099,0.0867647789138263,0.0837302502096329,0.484362391955829,0.489521794190117,0.0609171627409114,0.452590528727154,0.183894761971341,0.229250937248177,0.43663182794693,0.206508450054621,0.214138804691017,0.489497796988913,0.444648854387289,1,0.250033674937272,0.430642624581943,0.201959207701954,0.439731403453722,0.0692055309534644,0.0660167003266604,0.0660167003266604,0.0673827121079421,0.060915825200225,0.0673926129346974,0.0654766453382478,0.0692482866316554,0.0665713085658091,0.0669544627103717,0.0680498912891135,0.071574030877531,0.0686649420746426,0.0680988644981442,0.060915825200225,0.0669544627103718,0.0688665117051657,0.060915825200225,0.0681901619836213,0.0688910531835066,0.0684834020843932,0.0641995857802887,0.101814016202408,0.0641856070593915,0.106401739581368,0.0649750760458976,0.0675525218703599,0.060915825200225,0.0641995857802887,0.066608393153515,0.0637151448583268,0.104255280357127,0.0704434241467505,0.0705960142077266,0.060915825200225,0.060915825200225,0.0701459721167885,0.0754604808460852,0.0822373736122125,0.0788045217181632,0.0722792287345461,0.0763325508140164,0.0824924350227807,0.0717020914276001,0.071201444638828,0.0741438404656169,0.166528841672554,0.0729503209944186,0.0717020914276002,0.071201444638828,0.0682166504223526,0.0693414375861861,0.067292087950093,0.0684511499053873,0.0683846973496516,0.0669268285567024,0.0684729054283815,0.0697394005595757,0.0678215972788474,0.0685923348469522,0.060915825200225,0.0651329572630811,0.0670441995460959,0.0669225876022821,0.060915825200225,0.0609158252002259,0.0678359666479064,0.0679271299208885,0.0669225876022821,0.0661206180145696,0.0609158252002259,0.0681910962000075,0.0674139762817712,0.0679153843132508,0.0691439509369374,0.066814833446339,0.060915825200225,0.0686397536679,0.0641298319076478,0.0686397536679,0.067350534140943,0.064886071862905,0.0685080817736786,0.0676310287824023,0.0662488754694462,0.0666054758541059,0.0672226198363811,0.0661090562545531,0.0657382071334254,0.0667041992682556,0.060915825200225,0.060915825200225,0.060915825200225,0.060915825200225,0.0609158252002239,0.060915825200225,0.0692108088070731,0.0609158252002239,0.060915825200225,0.0692108088070731,0.060915825200225,0.060915825200225,0.060915825200225,0.060915825200225,0.060915825200225,0.060915825200225,0.0609158252002254,0.0609158252002254,0.0609158252002254,0.0609158252002254,0.0609158252002254,0.0609158252002254,0.0609158252002254,0.0609158252002254,0.0609158252002253,0.0609158252002253,0.0609158252002253,0.0609158252002253,0.0609158252002253,0.0609158252002253,0.0692108088070746,0.0609158252002253,0.0609158252002253,0.0609158252002253,0.0609158252002253,0.0609158252002253,0.0609158252002253,0.0609158252002253,0.0609158252002253,0.060915825200225,0.060915825200225,0.060915825200225,0.0692108088070731,0.0637151448583269,0.060915825200225,0.060915825200225,0.060915825200225,0.0692108088070731,0.060915825200225,0.060915825200225
"52",0.0897467009558669,0.060915825200225,0.0879742042001703,0.237093022878922,0.0914619795137347,0.255235376015277,0.060915825200225,0.224585598535161,0.0692108088070731,0.060915825200225,0.0886342172944767,0.060915825200225,0.0911269408653062,0.229575176902771,0.258342852905795,0.255669979899075,0.241807187259275,0.219952767819924,0.0883062141193341,0.103847078025985,0.0999701090065622,0.10600790818487,0.0977944396592458,0.0961994315188652,0.0939470832191192,0.0959500368091338,0.060915825200225,0.0995339609422622,0.090479148066025,0.101063525547269,0.0910064510401041,0.291895812700792,0.0931411197391234,0.0931813842180422,0.21906754978574,0.179736846152738,0.0871866480079204,0.0868083618552246,0.202192667549873,0.242082149224279,0.228029037718257,0.0609171627409114,0.211483891958685,0.291302453863058,0.383805710305242,0.203831100252247,0.182941183330273,0.190123478401751,0.222936003421664,0.20604081306716,0.250033674937272,1,0.200886288055778,0.325547620806918,0.213474950347998,0.0685886632385528,0.0966937569382077,0.0656371253119425,0.0669014870960898,0.060915825200225,0.066910651165648,0.0651372578158903,0.0686282373083383,0.0996819244764857,0.0665051053226734,0.107648363819721,0.0707809143089909,0.0680883015808548,0.0675643479338988,0.0692108088070731,0.0665051053226735,0.112048223839991,0.0692108088070731,0.0676488516352634,0.0682975869244633,0.0679202706538077,0.086903345765926,0.0660999509975013,0.0639422904781081,0.0668294293838223,0.0910816011079315,0.104968592682651,0.060915825200225,0.0869033457659261,0.066184788083582,0.0635068371122858,0.0664881281583857,0.069734440213462,0.06987567548272,0.0692108088070731,0.0692108088070731,0.069459122690982,0.0743781591377507,0.184088941393634,0.165593117009092,0.130435563812033,0.075185335148722,0.185463183919308,0.0708994453991199,0.124628582918564,0.0731594948455824,0.0763900366359477,0.0720547895797149,0.127326012160958,0.124628582918564,0.0676733689711405,0.068714456555258,0.0668176066175501,0.0678904184789223,0.0678289109040371,0.0664795275287515,0.0679105550928555,0.069082805629515,0.0673077131955464,0.0680210973259555,0.0692108088070731,0.0648191448436141,0.0665881645080148,0.0664756021594604,0.060915825200225,0.060915825200226,0.0673210132866212,0.0674053927627399,0.0664756021594604,0.0657333100997238,0.060915825200226,0.0676497163331475,0.066930424786924,0.067394521189279,0.0685316656191833,0.0663758663894441,0.0692108088070731,0.0680649875367702,0.0638906657620288,0.0680649875367702,0.0668717036108208,0.0645906311006699,0.0679431138359858,0.0671313256068964,0.0658520234422441,0.0661820878712294,0.0667533078835291,0.0657226086931016,0.0653793558289143,0.0662734649104042,0.060915825200225,0.0692108088070731,0.0692108088070731,0.060915825200225,0.060915825200224,0.0692108088070731,0.060915825200225,0.060915825200224,0.0692108088070731,0.060915825200225,0.060915825200225,0.060915825200225,0.0692108088070731,0.0692108088070731,0.0692108088070731,0.060915825200225,0.0692108088070753,0.0609158252002254,0.0609158252002254,0.0609158252002254,0.0609158252002254,0.0609158252002254,0.0609158252002254,0.0609158252002254,0.0609158252002253,0.0609158252002253,0.0609158252002254,0.0609158252002253,0.0609158252002254,0.0609158252002253,0.0609158252002253,0.0692108088070749,0.0609158252002253,0.0609158252002253,0.0609158252002254,0.0609158252002253,0.0609158252002254,0.0609158252002253,0.0609158252002254,0.060915825200225,0.060915825200225,0.0692108088070731,0.060915825200225,0.0635068371122858,0.0692108088070731,0.060915825200225,0.060915825200225,0.060915825200225,0.060915825200225,0.0692108088070731
"53",0.082627119789099,0.0692108088070731,0.191063271660922,0.0832763937539607,0.0845471117579978,0.0854733936902941,0.0692108088070731,0.0810462663712342,0.060915825200225,0.0692108088070731,0.0818098227633114,0.0692108088070731,0.083717338946716,0.0821810015878234,0.085655249529661,0.085129416797591,0.0832355677339097,0.0804195135622672,0.0814928931378763,0.239659118619599,0.23512651340241,0.264033127544358,0.221792736987164,0.0873331717187509,0.0836171358554306,0.210492324047115,0.060915825200225,0.311581530853164,0.0855914951269959,0.0964897260872065,0.265657654539286,0.0906988498977061,0.253877854161347,0.0985179266474957,0.080298329563188,0.0752164259174389,0.0806848193061708,0.0804172342468081,0.0781291390387553,0.396627181055048,0.436674555930979,0.0609171627409114,0.457394339807173,0.238508133649063,0.214758308584465,0.498383909809696,0.251049659519558,0.230227979717696,0.495448862416241,0.475503300825673,0.430642624581943,0.200886288055778,1,0.221220463751564,0.38722802764554,0.0673201262219604,0.0648565609460275,0.0648565609460275,0.0659118879874181,0.060915825200225,0.0659195369772367,0.0644393356768757,0.0673531575793663,0.0652850294850049,0.0655810393257095,0.0664273244140955,0.0691499362218816,0.0669024884900514,0.0664651591915857,0.060915825200225,0.0655810393257095,0.0670582132683651,0.060915825200225,0.0665356920424404,0.0670771730504723,0.0667622378249917,0.0634527296289276,0.0943987660940011,0.0634419302182862,0.0979430609577642,0.064051842944674,0.0660430763392517,0.060915825200225,0.0634527296289276,0.0653136795806783,0.0630784696028369,0.0962847908801384,0.0682764738751284,0.0683943589620669,0.060915825200225,0.060915825200225,0.0680466741215414,0.0721524547967793,0.077388015932269,0.0747359294111114,0.0696947443840342,0.0728261817966148,0.0775850663585365,0.0692488707722825,0.0688620907301068,0.071135270160208,0.144394898069851,0.0702132039015992,0.0692488707722825,0.0688620907301068,0.0665561559696632,0.0674251223476025,0.0658418753230388,0.0667373210584493,0.0666859824243332,0.0655596902641329,0.0667541285208958,0.0677325729077257,0.0662509534298022,0.0668463949981562,0.060915825200225,0.0641738157710472,0.065650366479872,0.0655564138693444,0.060915825200225,0.0609158252002255,0.0662620546398673,0.0663324838034207,0.0655564138693444,0.0649368436695238,0.0609158252002255,0.066536413781322,0.065936041459973,0.0663234096083608,0.0672725519202301,0.0654731672413527,0.060915825200225,0.0668830289164744,0.0633988405270561,0.0668830289164744,0.0658870285541569,0.0639830818092317,0.0667813043834455,0.0661037276955212,0.0650359303408442,0.065311425789755,0.0657882069872901,0.0649279115079141,0.064641408044939,0.0653876956213906,0.060915825200225,0.060915825200225,0.060915825200225,0.060915825200225,0.0609158252002242,0.060915825200225,0.0692108088070731,0.0609158252002242,0.060915825200225,0.0692108088070731,0.060915825200225,0.060915825200225,0.060915825200225,0.060915825200225,0.060915825200225,0.060915825200225,0.0609158252002245,0.0609158252002244,0.0609158252002245,0.0609158252002244,0.0609158252002244,0.0609158252002245,0.0609158252002244,0.0609158252002244,0.0609158252002243,0.0609158252002243,0.0609158252002243,0.0609158252002243,0.0609158252002243,0.0609158252002244,0.0692108088070693,0.0609158252002244,0.0609158252002244,0.0609158252002243,0.0609158252002244,0.0609158252002244,0.0609158252002244,0.0609158252002245,0.0609158252002245,0.060915825200225,0.060915825200225,0.060915825200225,0.0692108088070731,0.0630784696028369,0.060915825200225,0.060915825200225,0.060915825200225,0.0692108088070731,0.060915825200225,0.060915825200225
"54",0.0790673286201812,0.060915825200225,0.0783865463022005,0.177829082374526,0.0806384901370385,0.188568376034773,0.060915825200225,0.167168835802777,0.0692108088070731,0.060915825200225,0.0783829274234197,0.060915825200225,0.0799760426987032,0.172536933340992,0.189522808018573,0.187020536501215,0.177835536780869,0.164127302548327,0.0781217487725755,0.0855420002753766,0.084801225052918,0.0889870826295132,0.0829082330592325,0.0830100731603784,0.0799995326243733,0.0813094095871352,0.060915825200225,0.0944650071580796,0.0813949809113355,0.0903157341344994,0.0877547654322971,0.213846550323468,0.0867658662312148,0.0904516688501539,0.163539645847223,0.138805924279268,0.0774442701472159,0.0772196222208047,0.1529786171962,0.192232043958767,0.210992312533917,0.0609171627409114,0.231855528428255,0.323566878772395,0.37091296693896,0.252834963155683,0.212764559872373,0.254744562591878,0.224861061232683,0.203935544702408,0.201959207701954,0.325547620806918,0.221220463751564,1,0.191416186929161,0.0662309667236029,0.0882488437645357,0.0641863723097515,0.0650622231730076,0.060915825200225,0.0650685713229866,0.0638401032407079,0.0662583805410867,0.0903188123057942,0.0647876409112067,0.0958373378285785,0.0677495866444131,0.0658843553380566,0.0655214012692558,0.0692108088070731,0.0647876409112068,0.0988852164067482,0.0692108088070731,0.065579938818173,0.0660293318401659,0.0657679566661313,0.0814668133485668,0.0645069817123105,0.063012323417336,0.0650123072310003,0.0843611815539989,0.0939810021712064,0.060915825200225,0.0814668133485668,0.0645657502040598,0.0627106754150433,0.0647758804608488,0.067024671314453,0.0671225080523652,0.0692108088070731,0.0692108088070731,0.0668339528881631,0.0702414762507869,0.148789385806729,0.135976926622225,0.111622526082996,0.0708006246012615,0.14974135344568,0.0678316957044257,0.107599904320596,0.069397281032537,0.0716351474813279,0.0686320277064045,0.109468472130969,0.107599904320596,0.0655969225091244,0.0663181064856628,0.0650041173440746,0.065747277416354,0.0657046697836056,0.0647699226179402,0.0657612264860883,0.0665732698880311,0.0653436248132244,0.0658378014913603,0.0692108088070731,0.0636197394770493,0.0648451778125073,0.0647672034293935,0.060915825200225,0.0609158252002255,0.0653528380751208,0.0654112895705125,0.0647672034293935,0.0642530016008822,0.0609158252002255,0.0655805378131742,0.0650822689398251,0.0654037585955021,0.0661914832349733,0.0646981142957601,0.0692108088070731,0.0658682051934593,0.0629765618554874,0.0658682051934593,0.0650415915060192,0.0634614430451791,0.0657837806344616,0.0652214373003435,0.064335236911084,0.0645638797083288,0.0649595762147834,0.0642455885041361,0.0640078097914425,0.0646271785676003,0.060915825200225,0.0692108088070731,0.0692108088070731,0.060915825200225,0.0609158252002246,0.0692108088070731,0.060915825200225,0.0609158252002246,0.0692108088070731,0.060915825200225,0.060915825200225,0.060915825200225,0.0692108088070731,0.0692108088070731,0.0692108088070731,0.060915825200225,0.0692108088070714,0.0609158252002247,0.0609158252002248,0.0609158252002247,0.0609158252002247,0.0609158252002247,0.0609158252002247,0.0609158252002247,0.0609158252002247,0.0609158252002247,0.0609158252002247,0.0609158252002247,0.0609158252002247,0.0609158252002247,0.0609158252002247,0.0692108088070713,0.0609158252002247,0.0609158252002247,0.0609158252002247,0.0609158252002247,0.0609158252002247,0.0609158252002248,0.0609158252002248,0.060915825200225,0.060915825200225,0.0692108088070731,0.060915825200225,0.0627106754150433,0.0692108088070731,0.060915825200225,0.060915825200225,0.060915825200225,0.060915825200225,0.0692108088070731
"55",0.0830114365554462,0.0692108088070731,0.192284091607851,0.0834866919237743,0.0847838697629299,0.0857659346475646,0.0692108088070731,0.0813939467733426,0.060915825200225,0.0692108088070731,0.0821737584967549,0.0692108088070731,0.0841062695108339,0.0824074004030217,0.0860146226396998,0.0855315074160236,0.0836331600793241,0.080764020892282,0.0818714236023638,0.247418570435233,0.239727023415191,0.269576116510828,0.226989263444082,0.0878450652266283,0.0846016876134286,0.216303390767453,0.060915825200225,0.28315657888456,0.0852624910079205,0.0953978131360169,0.237800766715431,0.0909443890559474,0.239242265638584,0.0923228513613998,0.0806426177316786,0.0754689600359893,0.0810389258278215,0.0807616093707245,0.0784310204293481,0.47394718851383,0.49120584168372,0.0609171627409114,0.441758427546443,0.16912283977795,0.251008991927596,0.40482744643161,0.191465640440948,0.204497986872123,0.434953245002386,0.384466097211091,0.439731403453722,0.213474950347998,0.38722802764554,0.191416186929161,1,0.0672347367909055,0.0648040185714374,0.0648040185714374,0.0658452747914636,0.060915825200225,0.0658528217962432,0.0643923562244896,0.0672673277366558,0.0652267742801396,0.0655188373807084,0.0663538388329938,0.0690401496810871,0.0668226674806233,0.0663911691541643,0.060915825200225,0.0655188373807084,0.0669763159589356,0.060915825200225,0.0664607615807659,0.0669950229476463,0.0666842867970736,0.0634189047313982,0.0940629315767183,0.0634082493107922,0.097559969866988,0.0640100299864655,0.0659747139908625,0.060915825200225,0.0634189047313982,0.0652550423801259,0.0630496347659849,0.0959238097335987,0.0681783333285781,0.0682946466373523,0.060915825200225,0.060915825200225,0.0679515975268804,0.072002635260663,0.0771683899356043,0.0745516640507413,0.0695776938406823,0.0726673793652523,0.0773628130612919,0.0691377651234477,0.068756142073055,0.0709990128874987,0.143392458211895,0.0700892406658115,0.0691377651234478,0.068756142073055,0.0664809526596173,0.0673383329886864,0.065776195615619,0.0666597022492247,0.0666090481202159,0.0654977729691217,0.0666762856154504,0.0676416842679798,0.066179819427421,0.0667673218910117,0.060915825200225,0.0641303765322791,0.0655872401863384,0.065494540258958,0.060915825200225,0.0609158252002255,0.0661907726235174,0.0662602627452948,0.065494540258958,0.0648832308742806,0.0609158252002254,0.0664614736966031,0.0658691062224291,0.0662513095377324,0.0671877968039183,0.0654124035697678,0.060915825200225,0.0668034673642316,0.0633657341403734,0.0668034673642316,0.0658207468124632,0.0639421856527498,0.0667030991384671,0.0660345566742123,0.0649809964093112,0.0652528186393085,0.0657232428472116,0.0648744178064165,0.0645917343337285,0.0653280715547329,0.060915825200225,0.060915825200225,0.060915825200225,0.060915825200225,0.0609158252002241,0.060915825200225,0.0692108088070731,0.0609158252002241,0.060915825200225,0.0692108088070731,0.060915825200225,0.060915825200225,0.060915825200225,0.060915825200225,0.060915825200225,0.060915825200225,0.0609158252002257,0.0609158252002257,0.0609158252002257,0.0609158252002257,0.0609158252002257,0.0609158252002257,0.0609158252002257,0.0609158252002257,0.0609158252002257,0.0609158252002257,0.0609158252002257,0.0609158252002257,0.0609158252002257,0.0609158252002257,0.0692108088070767,0.0609158252002257,0.0609158252002257,0.0609158252002257,0.0609158252002257,0.0609158252002257,0.0609158252002257,0.0609158252002256,0.0609158252002256,0.060915825200225,0.060915825200225,0.060915825200225,0.0692108088070731,0.0630496347659849,0.060915825200225,0.060915825200225,0.060915825200225,0.0692108088070731,0.060915825200225,0.060915825200225
"56",0.0676981591300077,0.060915825200225,0.0677859225248165,0.06828267030769,0.0686714654411363,0.0688797870513735,0.060915825200225,0.067222124503587,0.060915825200225,0.060915825200225,0.0674550135275569,0.060915825200225,0.0680689427233734,0.0678674627900623,0.0688057139122978,0.0685344092273443,0.0678830759762389,0.067010037086804,0.0673144378052267,0.0686783644681956,0.0691276913999773,0.0696665346249923,0.0683187395886124,0.0690771778153795,0.0670078532932898,0.0675111095508012,0.060915825200225,0.0688734285556807,0.076002496771628,0.0708571718885856,0.0670607231762631,0.0707991694944294,0.068209598709129,0.0674446373949826,0.0669682181450928,0.0653843951900848,0.0670828275242101,0.0670095140562916,0.0662988397557587,0.0680181673253628,0.068043543227774,0.060915825200225,0.0675427368217781,0.0656214905054928,0.0671307836182937,0.0673430661999379,0.0664511613817495,0.0666760323310073,0.0682674903418923,0.0677835539002743,0.0692055309534644,0.0685886632385528,0.0673201262219604,0.0662309667236029,0.0672347367909055,1,0.20963982824925,0.209639828249251,0.22252319791201,0.0609171627409114,0.22277061732411,0.174891022211815,0.106603383479021,0.0989410793026786,0.102071414869838,0.108124615045493,0.101869105263594,0.105756957234459,0.104985450509736,0.060915825200225,0.102071414869838,0.105491547600402,0.060915825200225,0.105056066729545,0.101846082367351,0.104122071305002,0.0835544180003005,0.0997028280389025,0.0834580472197547,0.105159483442449,0.0889007299239304,0.106267349966504,0.060915825200225,0.0835544180003004,0.100160990838553,0.0802146310394185,0.102788333209878,0.0948096226106054,0.097274090344694,0.060915825200225,0.060915825200225,0.0954171351369534,0.09017591351851,0.0818629053890394,0.0845075720522448,0.0818836021264161,0.079726204888802,0.079037233992124,0.0791426392956174,0.0782966379311004,0.0832687478901355,0.0865349999159403,0.096614281230232,0.0791426392956175,0.0782966379311003,0.0956360778513366,0.0908304141160445,0.0889669080268395,0.0915896137350194,0.0952828495522992,0.0860787683000066,0.0908231136109518,0.105219544968,0.0909659541798276,0.0948675999806312,0.060915825200225,0.0793521637838624,0.0912945745986442,0.0910761522030804,0.060915825200225,0.0609158252002251,0.094760589173768,0.0947200964017261,0.0910761522030804,0.0870494131059135,0.0609158252002251,0.087471611290082,0.0858306825945029,0.0883393167715916,0.0889990760419539,0.0859953918074266,0.060915825200225,0.0902191949352601,0.0748176072499282,0.0902191949352601,0.0874323794241598,0.0780886281258289,0.0884981188320396,0.0895537625755049,0.0841274535418337,0.0855256939806911,0.0884876914725114,0.0835062446407468,0.0819519360005174,0.0858222599297054,0.060915825200225,0.060915825200225,0.060915825200225,0.060915825200225,0.0609158252002248,0.060915825200225,0.060915825200225,0.0609158252002248,0.060915825200225,0.060915825200225,0.060915825200225,0.060915825200225,0.060915825200225,0.060915825200225,0.060915825200225,0.060915825200225,0.0609158252002252,0.0609158252002253,0.0609158252002252,0.0609158252002252,0.0609158252002252,0.0609158252002252,0.0609158252002253,0.0609158252002253,0.0609158252002253,0.0609158252002253,0.0609158252002254,0.0609158252002253,0.0609158252002253,0.0609158252002253,0.0609158252002253,0.0609158252002253,0.0609158252002253,0.0609158252002253,0.0609158252002253,0.0609158252002253,0.0609158252002253,0.0609158252002252,0.0609158252002252,0.060915825200225,0.060915825200225,0.060915825200225,0.060915825200225,0.0802146310394188,0.060915825200225,0.060915825200225,0.060915825200225,0.060915825200225,0.060915825200225,0.060915825200225
"57",0.0650891745893861,0.060915825200225,0.0651431777266407,0.095597736429839,0.0656880756964488,0.0977365185092875,0.060915825200225,0.0917990213808237,0.0692108088070731,0.060915825200225,0.0649395606715268,0.060915825200225,0.0653173275377523,0.094110525750607,0.0974711997017018,0.0964994272562174,0.0941664498276836,0.0910393562548822,0.0648530607128118,0.0656923208502058,0.0659688035913535,0.0663003680745022,0.065471034153462,0.0659377212471917,0.0646644111566465,0.0649740780377852,0.060915825200225,0.0658123489406511,0.0701990531036036,0.0670329986627588,0.0646969433934984,0.104611456812796,0.0654038768846752,0.0649331759628131,0.0908895671155562,0.0852165522670804,0.0647105447832201,0.0646654330680314,0.0884919547246421,0.0652860840928754,0.0653016985565576,0.060915825200225,0.0649935391338295,0.0860657919125603,0.0914718521117437,0.0648706765210008,0.0643218639047669,0.0644602329453421,0.0654394991369457,0.0651417202493344,0.0660167003266604,0.0966937569382077,0.0648565609460275,0.0882488437645357,0.0648040185714374,0.20963982824925,1,0.152430150995316,0.160357628979895,0.0609171627409114,0.160509872685829,0.131048291896105,0.0890285877697305,0.205411531531922,0.0862399476610827,0.238305570897724,0.0861154612113768,0.0885077593222837,0.0880330308362362,0.0692108088070731,0.0862399476610829,0.228874320601845,0.0692108088070731,0.0880764828633485,0.0861012946146027,0.0875017707841664,0.150298832375202,0.0847824935595306,0.0747866504160744,0.0881401179010945,0.169448515003197,0.231653127619678,0.060915825200225,0.150298832375202,0.0850644132437943,0.0727908906857015,0.0866810864707403,0.0817715748851269,0.0832880270414417,0.0692108088070731,0.0692108088070731,0.0821453934049743,0.0789203311673663,0.144240089426864,0.153712886371873,0.144314222017305,0.0724903491614373,0.134118960836747,0.0721312658227126,0.131466257491575,0.074670169533562,0.0766799807634221,0.0828820290482271,0.1344965067297,0.131466257491575,0.082280114645891,0.0793230626897603,0.0781763981227252,0.0797902182882465,0.08206276393428,0.0763992493875587,0.0793185704959544,0.0881770753457687,0.0794064640746306,0.081807249893802,0.0692108088070731,0.0722601917800725,0.0796086729069194,0.0794742718319292,0.060915825200225,0.060915825200225,0.0817414033150166,0.0817164870417667,0.0794742718319292,0.0769965128000894,0.060915825200225,0.0772563025055574,0.0762465956936766,0.0777902246301123,0.0781961919529345,0.0763479456272335,0.0692108088070731,0.0789469633674358,0.069469959252902,0.0789469633674358,0.0772321621011808,0.0714827048823127,0.0778879397365681,0.078537505242716,0.0751985538248819,0.0760589281358226,0.0778815235065553,0.074816307563531,0.0738599003619062,0.0762414130053348,0.060915825200225,0.0692108088070731,0.0692108088070731,0.060915825200225,0.0609158252002249,0.0692108088070731,0.060915825200225,0.0609158252002249,0.0692108088070731,0.060915825200225,0.060915825200225,0.060915825200225,0.0692108088070731,0.0692108088070731,0.0692108088070731,0.060915825200225,0.0692108088070735,0.0609158252002251,0.0609158252002251,0.0609158252002251,0.0609158252002251,0.0609158252002251,0.0609158252002251,0.0609158252002251,0.0609158252002251,0.0609158252002252,0.0609158252002252,0.0609158252002251,0.0609158252002252,0.0609158252002251,0.0609158252002252,0.0692108088070738,0.0609158252002252,0.0609158252002251,0.0609158252002252,0.0609158252002252,0.0609158252002252,0.0609158252002251,0.0609158252002251,0.060915825200225,0.060915825200225,0.0692108088070731,0.060915825200225,0.0727908906857017,0.0692108088070731,0.060915825200225,0.060915825200225,0.060915825200225,0.060915825200225,0.0692108088070731
"58",0.0650891745893862,0.060915825200225,0.0651431777266407,0.0654488397712532,0.0656880756964488,0.0658162614911669,0.060915825200225,0.0647962578975866,0.060915825200225,0.060915825200225,0.0926331947250416,0.060915825200225,0.0653173275377523,0.0651933516077381,0.0657706823302298,0.0656037413843917,0.0652029588139988,0.0646657549025345,0.0921296736985326,0.0656923208502058,0.0659688035913535,0.0663003680745022,0.065471034153462,0.0659377212471917,0.0646644111566465,0.0649740780377852,0.0692108088070731,0.0658123489406511,0.0701990531036037,0.0670329986627588,0.0646969433934984,0.0669973082560747,0.0654038768846752,0.0649331759628131,0.0646400226020236,0.0636654544621689,0.0647105447832201,0.0646654330680314,0.0642281363809725,0.0652860840928755,0.0653016985565576,0.0692108088070731,0.0649935391338296,0.0638113454784437,0.0647400534358495,0.0648706765210008,0.0890375478057742,0.0644602329453421,0.0654394991369458,0.0651417202493345,0.0660167003266604,0.0656371253119425,0.0648565609460275,0.0641863723097515,0.0648040185714374,0.209639828249251,0.152430150995316,1,0.160357628979895,0.0609171627409114,0.16050987268583,0.131048291896105,0.0890285877697306,0.0843137694218035,0.0862399476610828,0.0899646417733277,0.086115461211377,0.0885077593222838,0.0880330308362363,0.060915825200225,0.086239947661083,0.0883444457571249,0.060915825200225,0.0880764828633486,0.0861012946146028,0.0875017707841665,0.0748459499053487,0.0847824935595306,0.0747866504160744,0.0881401179010946,0.0781356769862831,0.0888218174648885,0.060915825200225,0.0748459499053487,0.0850644132437944,0.138336219407684,0.0866810864707403,0.081771574885127,0.0832880270414418,0.060915825200225,0.060915825200225,0.0821453934049744,0.0789203311673664,0.0738051174727304,0.0754324507945177,0.0738178527224517,0.0724903491614374,0.0720664071525995,0.0721312658227126,0.0716106988151914,0.074670169533562,0.0766799807634222,0.0828820290482272,0.0721312658227127,0.0716106988151913,0.0822801146458912,0.0793230626897605,0.0781763981227254,0.0797902182882466,0.0820627639342801,0.0763992493875588,0.0793185704959546,0.0881770753457689,0.0794064640746307,0.0818072498938021,0.060915825200225,0.0722601917800725,0.0796086729069195,0.0794742718319293,0.060915825200225,0.0609158252002249,0.0817414033150167,0.0817164870417668,0.0794742718319293,0.0769965128000894,0.0609158252002249,0.0772563025055575,0.0762465956936767,0.0777902246301124,0.0781961919529346,0.0763479456272336,0.060915825200225,0.078946963367436,0.0694699592529021,0.0789469633674359,0.0772321621011809,0.0714827048823127,0.0778879397365682,0.0785375052427161,0.075198553824882,0.0760589281358227,0.0778815235065554,0.0748163075635312,0.0738599003619063,0.0762414130053349,0.060915825200225,0.060915825200225,0.060915825200225,0.060915825200225,0.0609158252002249,0.060915825200225,0.060915825200225,0.0609158252002249,0.060915825200225,0.060915825200225,0.060915825200225,0.060915825200225,0.060915825200225,0.060915825200225,0.060915825200225,0.060915825200225,0.0609158252002251,0.0609158252002251,0.0609158252002251,0.0609158252002251,0.0609158252002251,0.0609158252002251,0.0609158252002251,0.0609158252002251,0.0609158252002251,0.0609158252002251,0.0609158252002252,0.0609158252002251,0.0609158252002251,0.0609158252002251,0.0609158252002251,0.0609158252002251,0.0609158252002251,0.0609158252002251,0.0609158252002251,0.0609158252002251,0.0609158252002251,0.0609158252002251,0.0609158252002251,0.060915825200225,0.060915825200225,0.060915825200225,0.060915825200225,0.0727908906857018,0.060915825200225,0.060915825200225,0.060915825200225,0.060915825200225,0.060915825200225,0.060915825200225
"59",0.0662067954469238,0.060915825200225,0.0662752605970462,0.0666627787827486,0.0669660819678207,0.0671285958535894,0.060915825200225,0.0658354358130772,0.060915825200225,0.060915825200225,0.0660171149974648,0.060915825200225,0.066496047639572,0.0663388710181476,0.0670708106163854,0.0668591629696107,0.0663510510293903,0.065669984181896,0.0659074503935162,0.0669714639716087,0.0673219886511232,0.0677423459353127,0.0666909168092976,0.0672825824709016,0.0656682805815382,0.0660608760969648,0.060915825200225,0.0671236355240224,0.072685096845121,0.068671174624891,0.0657095249349797,0.068625926345332,0.0666057748578656,0.0660090204669837,0.0656373607843115,0.064401803789073,0.0657267687699961,0.0656695761602757,0.0651151716413974,0.066456437215945,0.066476233225111,0.060915825200225,0.0660855488646957,0.0645867643457844,0.0657641798248881,0.0659297837062364,0.0652339993487013,0.0654094235484219,0.0666509367312936,0.0662734128080538,0.0673827121079421,0.0669014870960898,0.0659118879874181,0.0650622231730076,0.0658452747914636,0.22252319791201,0.160357628979895,0.160357628979895,1,0.0609171627409114,0.182939915087979,0.437313422390069,0.0930313186163713,0.0865105147542805,0.0885573789751731,0.0927741962985266,0.0915545996821236,0.0934974259020815,0.0916659633213577,0.060915825200225,0.0885573789751734,0.0918837421210658,0.060915825200225,0.0915172096349888,0.0903925430696424,0.0914966044327862,0.0760930209466964,0.0869007238912295,0.0760284127701414,0.0905564742505098,0.0796772553248313,0.0913626735876038,0.060915825200225,0.0760930209466964,0.0872262750703074,0.0738539859985237,0.0889487233599275,0.0877090137616353,0.0901908463840494,0.060915825200225,0.060915825200225,0.089117994259306,0.0835808328883788,0.0772663498274861,0.0792814958752836,0.0771715201263811,0.0756187517261884,0.0750437493275146,0.0750600049018742,0.0744034998612816,0.0782619040996137,0.0809639811383308,0.0892887117916195,0.0750600049018743,0.0744034998612815,0.0909585590517062,0.0856136954643249,0.0849223391989412,0.0868540771639299,0.0905182555423307,0.0822887814051615,0.0860891820328109,0.0995245851007626,0.0865914124292619,0.0899950377924767,0.060915825200225,0.0766792412734508,0.0873461733071307,0.0871992350330471,0.060915825200225,0.0609158252002251,0.0903102643271346,0.0902198342009723,0.0871992350330472,0.0836901074970405,0.0609158252002251,0.0829541658951431,0.0817744127261897,0.0839595856175203,0.0839248238197029,0.0822691319800692,0.060915825200225,0.0854033332997386,0.072783154695317,0.0854033332997386,0.0833827481998975,0.0755754789010088,0.0837861793337606,0.085310353943137,0.0807490792371515,0.081924169353844,0.0844902891857764,0.0802166690054489,0.0788962173611803,0.0821605745164617,0.060915825200225,0.060915825200225,0.060915825200225,0.060915825200225,0.0609158252002249,0.060915825200225,0.060915825200225,0.0609158252002249,0.060915825200225,0.060915825200225,0.060915825200225,0.060915825200225,0.060915825200225,0.060915825200225,0.060915825200225,0.060915825200225,0.0609158252002252,0.0609158252002253,0.0609158252002252,0.0609158252002252,0.0609158252002252,0.0609158252002252,0.0609158252002253,0.0609158252002253,0.0609158252002252,0.0609158252002252,0.0609158252002253,0.0609158252002252,0.0609158252002253,0.0609158252002252,0.0609158252002252,0.0609158252002252,0.0609158252002252,0.0609158252002252,0.0609158252002252,0.0609158252002252,0.0609158252002253,0.0609158252002252,0.0609158252002252,0.060915825200225,0.060915825200225,0.060915825200225,0.060915825200225,0.073853985998524,0.060915825200225,0.060915825200225,0.060915825200225,0.060915825200225,0.060915825200225,0.060915825200225
"60",0.060915825200225,0.060915825200225,0.060915825200225,0.060915825200225,0.060915825200225,0.060915825200225,0.060915825200225,0.060915825200225,0.060915825200225,0.060915825200225,0.060915825200225,0.060915825200225,0.060915825200225,0.060915825200225,0.060915825200225,0.060915825200225,0.060915825200225,0.060915825200225,0.060915825200225,0.060915825200225,0.060915825200225,0.060915825200225,0.060915825200225,0.060915825200225,0.060915825200225,0.060915825200225,0.060915825200225,0.060915825200225,0.060915825200225,0.060915825200225,0.060915825200225,0.060915825200225,0.060915825200225,0.060915825200225,0.060915825200225,0.060915825200225,0.060915825200225,0.060915825200225,0.060915825200225,0.060915825200225,0.060915825200225,0.060915825200225,0.060915825200225,0.060915825200225,0.060915825200225,0.060915825200225,0.060915825200225,0.060915825200225,0.060915825200225,0.060915825200225,0.060915825200225,0.060915825200225,0.060915825200225,0.060915825200225,0.060915825200225,0.0609171627409114,0.0609171627409114,0.0609171627409114,0.0609171627409114,1,0.0609171627409114,0.0609171627409114,0.060915825200225,0.060915825200225,0.060915825200225,0.060915825200225,0.060915825200225,0.060915825200225,0.060915825200225,0.060915825200225,0.060915825200225,0.060915825200225,0.060915825200225,0.060915825200225,0.060915825200225,0.060915825200225,0.060915825200225,0.060915825200225,0.060915825200225,0.060915825200225,0.060915825200225,0.060915825200225,0.060915825200225,0.060915825200225,0.060915825200225,0.060915825200225,0.060915825200225,0.060915825200225,0.060915825200225,0.060915825200225,0.060915825200225,0.060915825200225,0.060915825200225,0.060915825200225,0.060915825200225,0.060915825200225,0.060915825200225,0.060915825200225,0.060915825200225,0.060915825200225,0.060915825200225,0.060915825200225,0.060915825200225,0.060915825200225,0.060915825200225,0.060915825200225,0.060915825200225,0.060915825200225,0.060915825200225,0.060915825200225,0.060915825200225,0.060915825200225,0.060915825200225,0.060915825200225,0.060915825200225,0.060915825200225,0.060915825200225,0.060915825200225,0.060915825200225,0.060915825200225,0.060915825200225,0.060915825200225,0.060915825200225,0.060915825200225,0.060915825200225,0.060915825200225,0.060915825200225,0.060915825200225,0.060915825200225,0.060915825200225,0.060915825200225,0.060915825200225,0.060915825200225,0.060915825200225,0.060915825200225,0.060915825200225,0.060915825200225,0.060915825200225,0.060915825200225,0.060915825200225,0.060915825200225,0.060915825200225,0.060915825200225,0.060915825200225,0.060915825200225,0.060915825200225,0.060915825200225,0.060915825200225,0.060915825200225,0.060915825200225,0.060915825200225,0.060915825200225,0.060915825200225,0.060915825200225,0.060915825200225,0.060915825200225,0.060915825200225,0.060915825200225,0.060915825200225,0.060915825200225,0.060915825200225,0.060915825200225,0.060915825200225,0.060915825200225,0.060915825200225,0.060915825200225,0.060915825200225,0.060915825200225,0.060915825200225,0.060915825200225,0.060915825200225,0.060915825200225,0.060915825200225,0.060915825200225,0.060915825200225,0.060915825200225,0.060915825200225,0.060915825200225,0.060915825200225,0.060915825200225,0.060915825200225,0.060915825200225,0.060915825200225,0.060915825200225,0.060915825200225,0.060915825200225,0.060915825200225,0.060915825200225,0.060915825200225,0.060915825200225,0.060915825200225,0.060915825200225,0.060915825200225,0.060915825200225,0.060915825200225
"61",0.0662148959411072,0.060915825200225,0.0662834659116168,0.0666715773890337,0.0669753449323562,0.0671381076274594,0.060915825200225,0.0658429677543462,0.060915825200225,0.060915825200225,0.0660249250902084,0.060915825200225,0.0665045909798866,0.0663471737204981,0.0670802339208527,0.0668682622407814,0.0663593723793812,0.0656772628161317,0.0659150925893628,0.0669807351760111,0.0673317965100512,0.0677527973627313,0.066699758495001,0.0672923299988281,0.0656755566075558,0.0660687531881066,0.060915825200225,0.0671331397036104,0.0727031156416849,0.0686830480923223,0.0657168641062484,0.0686377305374871,0.0666144861909399,0.0660168181669725,0.06564458947201,0.0644071408346366,0.0657341343416372,0.0656768541698289,0.065121600855669,0.0664649199125607,0.0664847462294868,0.060915825200225,0.0660934637299323,0.0645923845666153,0.0657716026729868,0.0659374600944638,0.0652406104886136,0.0654163032634051,0.066659717207356,0.0662816152936529,0.0673926129346974,0.066910651165648,0.0659195369772367,0.0650685713229866,0.0658528217962432,0.22277061732411,0.160509872685829,0.16050987268583,0.182939915087979,0.0609171627409114,1,0.146974617300286,0.0930804875505135,0.0865497003146196,0.0885996982918823,0.0928229715774898,0.0916015077543484,0.0935473084481287,0.0917130418917085,0.060915825200225,0.0885996982918826,0.0919311541115301,0.060915825200225,0.091564060462919,0.0904376720290786,0.091543423714079,0.0761162572871273,0.086940506863139,0.0760515501952252,0.0906018541891644,0.079705979140787,0.0914092878202983,0.060915825200225,0.0761162572871273,0.0872665564622248,0.0738737943685204,0.0889916418262755,0.0877500342281986,0.0902356665451458,0.060915825200225,0.060915825200225,0.0891611718800004,0.083615533095407,0.0772913825385883,0.0793096137821207,0.0771964076528751,0.0756412619587633,0.075065379229381,0.0750816596910826,0.0744241495389481,0.0782884610078318,0.0809946749360633,0.0893321507814604,0.0750816596910827,0.074424149538948,0.0910045545836154,0.0856515079911554,0.0849590932568813,0.0868937887195348,0.0905635769680078,0.0823215034767938,0.0861277225312614,0.0995836952488854,0.0866307218442279,0.0900395581699261,0.060915825200225,0.0767033751192778,0.0873866382636732,0.0872394750265717,0.060915825200225,0.0609158252002251,0.0903552673175247,0.090264698742519,0.0872394750265717,0.0837249750038814,0.0609158252002251,0.0829879066727857,0.081806347297553,0.083994865696318,0.0839600506780651,0.0823018239683621,0.060915825200225,0.0854408237613502,0.0728013236187967,0.0854408237613502,0.0834171451385662,0.0755979228827351,0.0838211939269239,0.0853477020530243,0.0807794440193125,0.0819563332031346,0.0845263817736164,0.0802462186656598,0.0789237454052481,0.0821931003028934,0.060915825200225,0.060915825200225,0.060915825200225,0.060915825200225,0.0609158252002248,0.060915825200225,0.060915825200225,0.0609158252002248,0.060915825200225,0.060915825200225,0.060915825200225,0.060915825200225,0.060915825200225,0.060915825200225,0.060915825200225,0.060915825200225,0.0609158252002252,0.0609158252002252,0.0609158252002251,0.0609158252002252,0.0609158252002252,0.0609158252002251,0.0609158252002252,0.0609158252002252,0.0609158252002252,0.0609158252002252,0.0609158252002252,0.0609158252002252,0.0609158252002252,0.0609158252002252,0.0609158252002252,0.0609158252002252,0.0609158252002252,0.0609158252002252,0.0609158252002252,0.0609158252002252,0.0609158252002252,0.0609158252002251,0.0609158252002251,0.060915825200225,0.060915825200225,0.060915825200225,0.060915825200225,0.0738737943685207,0.060915825200225,0.060915825200225,0.060915825200225,0.060915825200225,0.060915825200225,0.060915825200225
"62",0.0646473213582956,0.060915825200225,0.0646956069151465,0.0649689070007089,0.0651828138300911,0.065297427957955,0.060915825200225,0.0643854172117308,0.060915825200225,0.060915825200225,0.0645135478091324,0.060915825200225,0.0648513186206604,0.0647404686382116,0.0652566744892023,0.0651074084105852,0.0647490586818214,0.0642687312170431,0.0644362060307382,0.0651866095283319,0.0654338196682365,0.065730279772496,0.0649887515534218,0.0654060281662538,0.0642675297402073,0.0645444106503587,0.060915825200225,0.0652939296485979,0.069216191650711,0.0663853431210056,0.0642966176275386,0.0663534314349705,0.0649287045582875,0.0645078390812464,0.0642457233230135,0.0633743375533267,0.0643087789705653,0.0642684434567577,0.0638774455422443,0.0648233830744955,0.0648373443573423,0.060915825200225,0.0645618113034912,0.0635047823629897,0.0643351633955554,0.064451956765807,0.0639612496674997,0.0640849688903962,0.0649605553057554,0.0646943037482026,0.0654766453382478,0.0651372578158903,0.0644393356768757,0.0638401032407079,0.0643923562244896,0.174891022211815,0.131048291896105,0.131048291896105,0.437313422390069,0.0609171627409114,0.146974617300286,1,0.0835655160337094,0.0789666705621996,0.0804102367930092,0.0833841786047585,0.0825240490110714,0.0838942416671528,0.0826025890467502,0.060915825200225,0.0804102367930094,0.0827561791666203,0.060915825200225,0.0824976794019585,0.0817044999335389,0.0824831474296982,0.0716196554955436,0.079241868461163,0.0715740900980165,0.081820113619323,0.07414746347556,0.0823886917040102,0.060915825200225,0.0716196554955436,0.0794714658539554,0.0700405594285972,0.0806862353339393,0.0798119209100326,0.0815622518443807,0.060915825200225,0.060915825200225,0.0808056148959579,0.0769004906146177,0.0724471544242234,0.073868351177314,0.0723802750715064,0.0712851735968179,0.0708796488742263,0.0708911132390672,0.0704281081714704,0.0731492764866018,0.0750549364352803,0.080926014706624,0.0708911132390673,0.0704281081714704,0.0821036869189118,0.0783341820810858,0.0778465979277357,0.0792089705094473,0.0817931595908391,0.075989261686679,0.0786695225235361,0.0881449405645793,0.0790237242497683,0.0814241563773675,0.060915825200225,0.0720330917454321,0.0795560249781245,0.079452395666363,0.060915825200225,0.0609158252002252,0.0816464722378151,0.0815826957180815,0.079452395666363,0.0769775573459323,0.0609158252002252,0.0764585290520654,0.075626499346329,0.0771676087966812,0.0771430927799668,0.0759754037833417,0.060915825200225,0.0781858225983525,0.0692853476796084,0.0781858225983525,0.0767607899133141,0.0712546551146913,0.0770453127240397,0.0781202482148724,0.0749033752695163,0.0757321163229291,0.0775418914393133,0.0745278889897824,0.0735966306368214,0.0758988428239157,0.060915825200225,0.060915825200225,0.060915825200225,0.060915825200225,0.0609158252002251,0.060915825200225,0.060915825200225,0.0609158252002251,0.060915825200225,0.060915825200225,0.060915825200225,0.060915825200225,0.060915825200225,0.060915825200225,0.060915825200225,0.060915825200225,0.0609158252002251,0.0609158252002251,0.0609158252002251,0.0609158252002251,0.0609158252002251,0.0609158252002251,0.0609158252002251,0.0609158252002251,0.060915825200225,0.060915825200225,0.0609158252002251,0.060915825200225,0.0609158252002251,0.060915825200225,0.0609158252002251,0.0609158252002251,0.060915825200225,0.060915825200225,0.0609158252002251,0.060915825200225,0.0609158252002251,0.0609158252002251,0.0609158252002251,0.060915825200225,0.060915825200225,0.060915825200225,0.060915825200225,0.0700405594285974,0.060915825200225,0.060915825200225,0.060915825200225,0.060915825200225,0.060915825200225,0.060915825200225
"63",0.0677331402614881,0.060915825200225,0.0678213563121059,0.0683206661627992,0.0687114665784718,0.068920862645631,0.060915825200225,0.0672546503991519,0.060915825200225,0.060915825200225,0.067488740590987,0.060915825200225,0.0681058362392578,0.0679033171362285,0.0688464074607517,0.0685737034721141,0.0679190108502773,0.0670414691026089,0.0673474398235799,0.0687184011885288,0.0691700456063915,0.0697116680141917,0.0683569214776551,0.0691192714887144,0.0670392740457787,0.067545125939762,0.060915825200225,0.0689144713548301,0.0760803090479468,0.0709084462078973,0.0670924166148725,0.0708501446557527,0.0682472176840634,0.0674783109416051,0.0669994344720339,0.0654074426595789,0.0671146349700494,0.0670409433744706,0.0663266036408576,0.068054798957817,0.0680803057411,0.060915825200225,0.0675769163341911,0.0656457608375717,0.0671628384064857,0.0673762158744885,0.0664797108935781,0.0667057416560098,0.0683054079035432,0.0678189754709481,0.0692482866316554,0.0686282373083383,0.0673531575793663,0.0662583805410867,0.0672673277366558,0.106603383479021,0.0890285877697305,0.0890285877697306,0.0930313186163713,0.060915825200225,0.0930804875505135,0.0835655160337094,1,0.190141207071486,0.19902414877059,0.223750617673859,0.239424441211375,0.236181657102539,0.232518125605564,0.0609171627409114,0.199024148770591,0.24053161666405,0.0609171627409114,0.244334119190374,0.244218566579523,0.248317746564446,0.0789922589491572,0.0917573570674368,0.0789153089352913,0.0960971207805981,0.0832611750492914,0.0974271051572885,0.060915825200225,0.0789922589491572,0.0922522533471518,0.0763255102573511,0.0940767866612969,0.0945090414763047,0.0962314888327251,0.060915825200225,0.060915825200225,0.0938578505539032,0.0905442235823134,0.081958142087051,0.0846812057132948,0.0821287047994277,0.0797844240905779,0.0791425442749208,0.0793375214607598,0.0784824746000431,0.0835077466503286,0.0865829717932161,0.0960910797072605,0.0793375214607599,0.078482474600043,0.0918246063845373,0.0891478126330542,0.0862458719576815,0.0890362996972485,0.0916918783266715,0.0838562994173564,0.0884911289302836,0.0999867538397272,0.0881073305423863,0.0915434077490234,0.060915825200225,0.0775835739536025,0.0877650638264088,0.0875138623458491,0.060915825200225,0.0609158252002251,0.0908977978636782,0.09093650142863,0.0875138623458492,0.0839627285643076,0.0609158252002251,0.0858247100338884,0.0840398940209521,0.0862535681846646,0.0876581983963054,0.0837112352989098,0.060915825200225,0.0881738632354538,0.073509595506455,0.0881738632354538,0.085165611125915,0.076472847658639,0.0868143756863082,0.0869299425937588,0.0819184835985886,0.083210163694351,0.0858427344996703,0.0813585740099423,0.0799418834571534,0.0835014430939547,0.060915825200225,0.060915825200225,0.060915825200225,0.060915825200225,0.0609158252002247,0.060915825200225,0.060915825200225,0.0609158252002247,0.060915825200225,0.060915825200225,0.060915825200225,0.060915825200225,0.060915825200225,0.060915825200225,0.060915825200225,0.060915825200225,0.0609158252002252,0.0609158252002253,0.0609158252002252,0.0609158252002252,0.0609158252002252,0.0609158252002252,0.0609158252002252,0.0609158252002253,0.0609158252002254,0.0609158252002254,0.0609158252002254,0.0609158252002253,0.0609158252002254,0.0609158252002253,0.0609158252002254,0.0609158252002254,0.0609158252002254,0.0609158252002254,0.0609158252002254,0.0609158252002254,0.0609158252002254,0.0609158252002251,0.0609158252002251,0.060915825200225,0.060915825200225,0.060915825200225,0.060915825200225,0.0763255102573514,0.060915825200225,0.060915825200225,0.060915825200225,0.060915825200225,0.060915825200225,0.060915825200225
"64",0.0655429347577304,0.060915825200225,0.0656028095511458,0.0984667357883143,0.0662069532182235,0.100838063486623,0.060915825200225,0.0942549938346708,0.0692108088070731,0.060915825200225,0.0653770536093508,0.060915825200225,0.0657958943327662,0.0968178235822643,0.100543897080725,0.0994664657058438,0.0968798281755543,0.0934127317959646,0.0652811486782341,0.0662116599392983,0.0665182041115576,0.0668858189565767,0.0659663131700793,0.0664837422445224,0.0650719876224599,0.0654153239817595,0.060915825200225,0.0663447384507478,0.0712084004319531,0.0676981070448561,0.0651080570261996,0.108460500470702,0.065891854021975,0.0653699747036673,0.0932466563746289,0.0869568256469581,0.0651231372685919,0.0650731206442835,0.0905883562481156,0.0657612538488484,0.0657785660428206,0.060915825200225,0.065436901044955,0.0878984014686283,0.093892252086805,0.0653006798190119,0.0646921958736104,0.0648456095110526,0.0659313494125044,0.0656011936051646,0.0665713085658091,0.0996819244764857,0.0652850294850049,0.0903188123057942,0.0652267742801396,0.0989410793026786,0.205411531531922,0.0843137694218035,0.0865105147542805,0.060915825200225,0.0865497003146196,0.0789666705621996,0.190141207071486,1,0.192973254583032,0.449453512048824,0.178142495467978,0.184911060317793,0.182500804580355,0.0692121463477595,0.192973254583033,0.362431716117105,0.0692121463477595,0.183223866772073,0.175852393257443,0.181274450621756,0.179936131443069,0.0915854429643402,0.0798563731340644,0.0959134785679405,0.206084934855207,0.316924940285335,0.060915825200225,0.179936131443069,0.0938906109289884,0.0771311724160595,0.0920313486334614,0.0839709988045803,0.0855440881060498,0.0692108088070731,0.0692108088070731,0.0842044889425353,0.0809091050675208,0.152387189692438,0.162944007957506,0.152594410136848,0.0737432601262774,0.141186187605065,0.0733651662625323,0.138315477963481,0.0761833951029887,0.0783819159800525,0.085168927284916,0.141679109187524,0.13831547796348,0.0840306870134853,0.0810609984257624,0.0796421051724431,0.0814535075449352,0.0838215896685838,0.0777453715406383,0.0809628885078687,0.0903578777305241,0.0809847022351862,0.0835768627584197,0.0692108088070731,0.0732263534666562,0.0811124349581673,0.080958881101706,0.060915825200225,0.0609158252002251,0.0834266899552804,0.0834104528952273,0.080958881101706,0.0782829102205695,0.0609158252002251,0.0787771281195815,0.0776382153157294,0.0793055211118569,0.0798619700104813,0.0776797040427285,0.0692108088070731,0.0805924358274694,0.070202154886285,0.0805924358274694,0.0786614905137651,0.0723871825435304,0.0794713988420785,0.0800559834169754,0.0764175061233026,0.0773551100493903,0.0793264351791764,0.076002950049505,0.0749634415186282,0.0775564585712612,0.060915825200225,0.0692108088070731,0.0692108088070731,0.060915825200225,0.0609158252002244,0.0692108088070731,0.060915825200225,0.0609158252002244,0.0692108088070731,0.060915825200225,0.060915825200225,0.060915825200225,0.0692108088070731,0.0692108088070731,0.0692108088070731,0.060915825200225,0.0692108088070744,0.0609158252002253,0.0609158252002253,0.0609158252002253,0.0609158252002253,0.0609158252002253,0.0609158252002253,0.0609158252002254,0.0609158252002254,0.0609158252002254,0.0609158252002254,0.0609158252002254,0.0609158252002254,0.0609158252002254,0.0609158252002254,0.0692108088070752,0.0609158252002254,0.0609158252002254,0.0609158252002254,0.0609158252002254,0.0609158252002254,0.0609158252002253,0.0609158252002253,0.060915825200225,0.060915825200225,0.0692108088070731,0.060915825200225,0.0771311724160597,0.0692108088070731,0.060915825200225,0.060915825200225,0.060915825200225,0.060915825200225,0.0692108088070731
"65",0.0658564174593316,0.060915825200225,0.0659203487186171,0.0662822047221996,0.0665654226006718,0.0667171745116803,0.060915825200225,0.0655096499579509,0.060915825200225,0.060915825200225,0.0656792980055063,0.060915825200225,0.0661265148284897,0.0659797467381557,0.0666632159214201,0.0664655839793456,0.0659911201661766,0.0653551548445488,0.0655768955976105,0.0665704481980601,0.0668977604749182,0.0672902809102054,0.0663084793957798,0.0668609638459661,0.0653535640598067,0.0657201611628024,0.060915825200225,0.0667125426644543,0.0719057135709599,0.0681576008193715,0.0653920771346954,0.0681153489658732,0.066228975704291,0.0656717395100375,0.0653246918296278,0.0641709557393202,0.0654081790505683,0.0653547738428866,0.0648370830325683,0.0660895274815144,0.0661080125617712,0.060915825200225,0.0657432000535122,0.064343667860561,0.0654431126751376,0.0655977499564146,0.0649480417459045,0.065111849025626,0.0662711468736345,0.0659186232936824,0.0669544627103717,0.0665051053226734,0.0655810393257095,0.0647876409112067,0.0655188373807084,0.102071414869838,0.0862399476610827,0.0862399476610828,0.0885573789751731,0.060915825200225,0.0885996982918823,0.0804102367930092,0.19902414877059,0.192973254583032,1,0.234608822974421,0.185726605447623,0.194400378930244,0.191902126905663,0.0609171627409114,0.196720741595415,0.202729018953486,0.0609171627409114,0.192496660149873,0.184036853356897,0.190177451785689,0.0780932870798002,0.0898223537152973,0.0780201639213182,0.0938926418457899,0.082149902704079,0.0965409676094845,0.060915825200225,0.0780932870798001,0.0906938393490432,0.0755591603470528,0.0915779282134428,0.0855561202277845,0.0872725427436717,0.060915825200225,0.060915825200225,0.0858668845017249,0.0822530447690087,0.0761733922552414,0.0781066628924035,0.0762041087118201,0.0746141974556394,0.0741176054952892,0.074203685556568,0.073586926756366,0.0772117348257446,0.0795693276761454,0.0868465029620278,0.0742036855565681,0.073586926756366,0.0857910511489503,0.082515278954483,0.0810503637932148,0.0829769773481924,0.0855569598611289,0.0790001208250524,0.0824421473227201,0.0926185336193594,0.0824911237484031,0.0852825556368355,0.060915825200225,0.074151148141304,0.0826602670930167,0.0824978516713463,0.060915825200225,0.0609158252002251,0.0851484133258937,0.0851272089392803,0.0824978516713464,0.0796164111027767,0.0609158252002251,0.0800740959676254,0.078864618365399,0.0806598783259292,0.0812179143552722,0.0789329878460991,0.060915825200225,0.0820324841973635,0.0708984920572117,0.0820324841973635,0.0799808036124807,0.073247364422612,0.0808174551042413,0.0814876946226856,0.0775811460639167,0.0785878129030387,0.0807094817631301,0.0771353626598788,0.0760183354540509,0.0788031345818343,0.060915825200225,0.060915825200225,0.060915825200225,0.060915825200225,0.0609158252002249,0.060915825200225,0.060915825200225,0.0609158252002249,0.060915825200225,0.060915825200225,0.060915825200225,0.060915825200225,0.060915825200225,0.060915825200225,0.060915825200225,0.060915825200225,0.0609158252002253,0.0609158252002253,0.0609158252002253,0.0609158252002253,0.0609158252002253,0.0609158252002253,0.0609158252002253,0.0609158252002254,0.0609158252002254,0.0609158252002254,0.0609158252002254,0.0609158252002254,0.0609158252002254,0.0609158252002254,0.0609158252002254,0.0609158252002254,0.0609158252002254,0.0609158252002254,0.0609158252002254,0.0609158252002254,0.0609158252002254,0.0609158252002252,0.0609158252002253,0.060915825200225,0.060915825200225,0.060915825200225,0.060915825200225,0.0755591603470531,0.060915825200225,0.060915825200225,0.060915825200225,0.060915825200225,0.060915825200225,0.060915825200225
"66",0.0667526570410985,0.060915825200225,0.0668281856397471,0.106115473374912,0.0675902780321223,0.109106766501348,0.060915825200225,0.10080260381022,0.0692108088070731,0.060915825200225,0.0665434075395189,0.060915825200225,0.0670717509557061,0.104035465727056,0.108735692546188,0.10737657500702,0.104113680945412,0.0997401388253774,0.0664224290001776,0.0675962152893007,0.0679829030828445,0.0684466280078583,0.0672867244901668,0.0679394314251483,0.0661585843915637,0.0665916834070903,0.060915825200225,0.0677640861562665,0.07389931523661,0.0694712825829678,0.0662040838640988,0.118722031137033,0.0671927985692221,0.0665344779082708,0.0995306442596681,0.0915963855591313,0.0662231067201324,0.0661600136332479,0.0961773519660237,0.067028053983114,0.067049892317339,0.060915825200225,0.0666189016278664,0.092784129153316,0.100345026016211,0.0664470664078212,0.0656794990046637,0.0658730214602526,0.0672426197265008,0.0668261472170906,0.0680498912891135,0.107648363819721,0.0664273244140955,0.0958373378285785,0.0663538388329938,0.108124615045493,0.238305570897724,0.0899646417733277,0.0927741962985266,0.060915825200225,0.0928229715774898,0.0833841786047585,0.223750617673859,0.449453512048824,0.234608822974421,1,0.209279500416653,0.215839198744643,0.212695823372663,0.0692121463477595,0.234608822974422,0.448454255611598,0.0692121463477595,0.213850698323181,0.205357430025542,0.211716733597335,0.192089998247652,0.0958413097363061,0.0819353997859033,0.100763351945306,0.221109049099168,0.33211938470926,0.060915825200225,0.192089998247652,0.097510118590976,0.0789110649064087,0.097330413856245,0.0899669322909562,0.0919010231568508,0.0692108088070731,0.0692108088070731,0.0901774191823633,0.0861506747826125,0.17412805260844,0.187469977705136,0.174447514545772,0.0770943102650861,0.160008190923694,0.0766266698809504,0.156419659331409,0.0801832240283188,0.0829426854603015,0.0914626018815702,0.160664501484878,0.156419659331409,0.0898080909332906,0.0862054491152086,0.0843470700482922,0.0866423201674046,0.089559134949691,0.0819886503314437,0.0860384380058438,0.0976915146489896,0.0860308277326496,0.0892683381305729,0.0692108088070731,0.0763207121391773,0.0861471563698337,0.0859513487486779,0.060915825200225,0.0609158252002251,0.0890430659715759,0.089027872816064,0.0859513487486779,0.0826088279105898,0.0609158252002251,0.083328010217762,0.081882317189566,0.0839650190080851,0.084716334336034,0.0819017343715124,0.0692108088070731,0.0855904339450938,0.0725380956753816,0.0855904339450938,0.0831408658999427,0.075272758700142,0.0842009861110343,0.0848754272702059,0.0803151941709989,0.0814903494088532,0.0839541026051242,0.0797965519799208,0.0784949722461717,0.0817438849521641,0.060915825200225,0.0692108088070731,0.0692108088070731,0.060915825200225,0.0609158252002248,0.0692108088070731,0.060915825200225,0.0609158252002247,0.0692108088070731,0.060915825200225,0.060915825200225,0.060915825200225,0.0692108088070731,0.0692108088070731,0.0692108088070731,0.060915825200225,0.0692108088070749,0.0609158252002254,0.0609158252002254,0.0609158252002254,0.0609158252002254,0.0609158252002254,0.0609158252002254,0.0609158252002255,0.0609158252002255,0.0609158252002255,0.0609158252002255,0.0609158252002255,0.0609158252002255,0.0609158252002255,0.0609158252002255,0.0692108088070759,0.0609158252002255,0.0609158252002255,0.0609158252002255,0.0609158252002255,0.0609158252002255,0.0609158252002253,0.0609158252002253,0.060915825200225,0.060915825200225,0.0692108088070731,0.060915825200225,0.078911064906409,0.0692108088070731,0.060915825200225,0.060915825200225,0.060915825200225,0.060915825200225,0.0692108088070731
"67",0.0696359791052718,0.060915825200225,0.0697488178887765,0.0703874943626117,0.0708873744092572,0.0711552167953479,0.060915825200225,0.0690239338639885,0.060915825200225,0.060915825200225,0.0693233629621188,0.060915825200225,0.0701127014302249,0.0698536554962673,0.0710599797899665,0.0707111590694821,0.069873729616448,0.0687512497209165,0.0691426225346017,0.0708962445973629,0.0714739513336256,0.0721667505825962,0.0704338692070452,0.0714090052197147,0.0687484419830871,0.0693954865056087,0.060915825200225,0.0711470415769612,0.0803129972326724,0.0736975717263357,0.068816417627053,0.0736229971316406,0.0702935450536957,0.069310022204508,0.0686974824467534,0.0666611362466101,0.0688448375364926,0.0687505772523219,0.0678368520743569,0.0700474186986714,0.0700800448973805,0.060915825200225,0.0694361501876643,0.0669659734401079,0.0689064954444368,0.0691794305140548,0.0680326943958137,0.0683218145285884,0.0703679772407185,0.0697457725107747,0.071574030877531,0.0707809143089909,0.0691499362218816,0.0677495866444131,0.0690401496810871,0.101869105263594,0.0861154612113768,0.086115461211377,0.0915545996821236,0.060915825200225,0.0916015077543484,0.0825240490110714,0.239424441211375,0.178142495467978,0.185726605447623,0.209279500416653,1,0.220351658859473,0.210242944925839,0.0609171627409114,0.185726605447625,0.231451463514935,0.0609171627409114,0.213417014952268,0.232418565242188,0.220304003375411,0.0771986439329097,0.088661458034041,0.0771293292027664,0.0925658417914787,0.08104398134896,0.0938869883001673,0.060915825200225,0.0771986439329096,0.0891429294140944,0.0747965005589783,0.0907108570145213,0.103020682272129,0.103850873626929,0.060915825200225,0.060915825200225,0.0998921720984757,0.0992095490383065,0.0878081531512438,0.0914090808215056,0.0882987681818626,0.0849804158055149,0.0842515091158027,0.0846628700642443,0.0835606460412711,0.0900386250039188,0.0935940352016461,0.104622367963287,0.0846628700642444,0.083560646041271,0.0931921322022908,0.0936861717660675,0.088102589100866,0.0919523915399969,0.0934268102481749,0.0859801457543417,0.0916648925411767,0.100956870438301,0.0902145560865949,0.0937261249604496,0.060915825200225,0.0788454082107893,0.0885531811055718,0.0881742816965776,0.060915825200225,0.0609158252002251,0.0919214868166693,0.0921154488317894,0.0881742816965776,0.0845349745865488,0.0609158252002251,0.0895319918367525,0.0870026346030637,0.0892740503787101,0.0924196331248149,0.0856831504592677,0.060915825200225,0.0917862237407249,0.0745147477949943,0.0917862237407249,0.0875616192943356,0.077714507332168,0.0907212362769907,0.0891489476117999,0.0835443163357265,0.0849895518214916,0.0877298296644241,0.0829454713831078,0.0813982979855536,0.0853497326252143,0.060915825200225,0.060915825200225,0.060915825200225,0.060915825200225,0.0609158252002246,0.060915825200225,0.060915825200225,0.0609158252002246,0.060915825200225,0.060915825200225,0.060915825200225,0.060915825200225,0.060915825200225,0.060915825200225,0.060915825200225,0.060915825200225,0.0609158252002254,0.0609158252002255,0.0609158252002254,0.0609158252002254,0.0609158252002254,0.0609158252002254,0.0609158252002255,0.0609158252002255,0.0609158252002255,0.0609158252002255,0.0609158252002255,0.0609158252002255,0.0609158252002255,0.0609158252002254,0.0609158252002255,0.0609158252002255,0.0609158252002255,0.0609158252002255,0.0609158252002255,0.0609158252002255,0.0609158252002255,0.0609158252002253,0.0609158252002254,0.060915825200225,0.060915825200225,0.060915825200225,0.060915825200225,0.0747965005589786,0.060915825200225,0.060915825200225,0.060915825200225,0.060915825200225,0.060915825200225,0.060915825200225
"68",0.0672558690893194,0.060915825200225,0.0673379092514086,0.0678022630826758,0.0681657040803376,0.0683604406069706,0.060915825200225,0.0668108776666791,0.060915825200225,0.060915825200225,0.0670285795151201,0.060915825200225,0.0676024731167282,0.0674141321071009,0.0682911979306877,0.0680375855860687,0.0674287271250747,0.0666126209095436,0.0668971710267529,0.0681721532075557,0.0685921785996318,0.0690958827420855,0.0678359802110957,0.0685449591104913,0.0666105795257266,0.0670810174005226,0.060915825200225,0.0683544967619494,0.0750186636763754,0.0702088760841006,0.0666600016541461,0.0701546561461811,0.0677339566343766,0.067018880031638,0.0665735290676217,0.0650929904873535,0.0666806645317891,0.066612131986934,0.0659478022292315,0.0675550088875695,0.067578729974835,0.060915825200225,0.067110582191664,0.0653146243262571,0.0667254933096679,0.0669239325045599,0.0660901906465576,0.0663003972955426,0.0677880730338831,0.0673356950897779,0.0686649420746426,0.0680883015808548,0.0669024884900514,0.0658843553380566,0.0668226674806233,0.105756957234459,0.0885077593222837,0.0885077593222838,0.0934974259020815,0.060915825200225,0.0935473084481287,0.0838942416671528,0.236181657102539,0.184911060317793,0.194400378930244,0.215839198744643,0.220351658859473,1,0.463843342433376,0.0609171627409114,0.194400378930245,0.217781333012045,0.0609171627409114,0.436411489239996,0.456279700527853,0.471729966203905,0.0784953401573469,0.0909822311668436,0.0784205054892649,0.0952124178511739,0.0826469043140456,0.096254951719035,0.060915825200225,0.0784953401573469,0.0913908190492863,0.0759019000371539,0.0933191760035113,0.253545622112137,0.266802448606992,0.060915825200225,0.060915825200225,0.093106552803877,0.0882753960726289,0.0804964557556923,0.0829709201391596,0.0805210338171689,0.0784981858575194,0.0778559131647908,0.077957554473736,0.0771665590675358,0.0818153886104576,0.084861380690716,0.0942616046178337,0.0779575544737361,0.0771665590675357,0.257328016655933,0.0888154602927162,0.08703754110865,0.0894946006845968,0.0929100828403351,0.205655483229163,0.0887859546130875,0.102139647829363,0.088901059332135,0.253246263609876,0.060915825200225,0.0780847947744769,0.233765817721587,0.0889794726167305,0.060915825200225,0.0609158252002252,0.252554570455073,0.252350376117281,0.0889794726167306,0.0852326635635512,0.0609158252002252,0.0856775440469286,0.0841388934320727,0.0864731796582076,0.0871158137026641,0.0842755988929645,0.060915825200225,0.0882315401427137,0.0738628507047441,0.0882315401427137,0.0856192260510732,0.0769092220659614,0.0866356391106499,0.0875894156326373,0.0825324354902065,0.0838355197850186,0.0865923189892012,0.0819539899704769,0.0805061279499683,0.0841125079705261,0.060915825200225,0.060915825200225,0.060915825200225,0.060915825200225,0.0609158252002246,0.060915825200225,0.060915825200225,0.0609158252002246,0.060915825200225,0.060915825200225,0.060915825200225,0.060915825200225,0.060915825200225,0.060915825200225,0.060915825200225,0.060915825200225,0.0609158252002251,0.0609158252002252,0.0609158252002251,0.0609158252002251,0.0609158252002251,0.0609158252002251,0.0609158252002251,0.0609158252002252,0.0609158252002252,0.0609158252002252,0.0609158252002252,0.0609158252002252,0.0609158252002252,0.0609158252002252,0.0609158252002252,0.0609158252002252,0.0609158252002252,0.0609158252002252,0.0609158252002252,0.0609158252002252,0.0609158252002252,0.060915825200225,0.0609158252002251,0.060915825200225,0.060915825200225,0.060915825200225,0.060915825200225,0.0759019000371542,0.060915825200225,0.060915825200225,0.060915825200225,0.060915825200225,0.060915825200225,0.060915825200225
"69",0.0667927251288145,0.060915825200225,0.0668687722084812,0.0672992047173962,0.0676360961349587,0.0678166070430033,0.060915825200225,0.0663802405931103,0.060915825200225,0.060915825200225,0.0665820391926053,0.060915825200225,0.0671140095267714,0.066939426939428,0.0677524225852265,0.0675173367725644,0.0669529557826959,0.0661964666094859,0.06646023017213,0.0676420741496144,0.0680314164380714,0.0684983246946387,0.0673304587896186,0.0679876463605747,0.0661945743499656,0.0666306464594269,0.060915825200225,0.0678110973993807,0.0739884429743645,0.0695300132139344,0.0662403861626376,0.0694797540745875,0.0672358880955945,0.0665730482621355,0.0661602304497656,0.0647878460895218,0.0662595396048327,0.0661960134029625,0.0655802133274587,0.0670700125876598,0.0670920008354536,0.060915825200225,0.066658051525068,0.0649932894452479,0.0663010936139412,0.0664850367081358,0.0657122001865805,0.0659070511153783,0.0672860512600708,0.0668667197926687,0.0680988644981442,0.0675643479338988,0.0664651591915857,0.0655214012692558,0.0663911691541643,0.104985450509736,0.0880330308362362,0.0880330308362363,0.0916659633213577,0.060915825200225,0.0917130418917085,0.0826025890467502,0.232518125605564,0.182500804580355,0.191902126905663,0.212695823372663,0.210242944925839,0.463843342433376,1,0.0609171627409114,0.191902126905664,0.213186116697609,0.0609171627409114,0.464465210313662,0.419008275114763,0.470211622919391,0.0781770592960839,0.090445036277624,0.0781035795256012,0.0945995925287574,0.0822534584997902,0.0955985299622498,0.060915825200225,0.0781770592960839,0.0908390627970278,0.0756305739614526,0.0927476786853265,0.239500504014381,0.250869140403284,0.060915825200225,0.060915825200225,0.0903913010568977,0.086322276358449,0.0790633989819417,0.0813706594695439,0.0791175346126575,0.0772056612370927,0.0766209096966958,0.0767337646539075,0.0759995717065483,0.080314562460141,0.0830945234929567,0.091677593314037,0.0767337646539076,0.0759995717065482,0.238722768591207,0.0863928109542298,0.084529379381427,0.0868392309562019,0.0897839823042026,0.192821492487174,0.0862295162169462,0.0979848674869432,0.0862258031401514,0.235537854617552,0.060915825200225,0.0764404188494285,0.217252708934053,0.0861510524657985,0.060915825200225,0.0609158252002252,0.234240986240078,0.234148477417315,0.0861510524657985,0.0827818689603757,0.0609158252002252,0.0834952222198896,0.0820406191154825,0.0841399238612678,0.0848908439968123,0.0820638707120543,0.060915825200225,0.0857762667153402,0.0726282115169315,0.0857762667153402,0.0833114337902716,0.0753840783555559,0.0843745063814664,0.0850606582464998,0.0804658041817954,0.0816498785273254,0.0841331260805268,0.0799431186129441,0.0786315132905221,0.0819052055606532,0.060915825200225,0.060915825200225,0.060915825200225,0.060915825200225,0.0609158252002247,0.060915825200225,0.060915825200225,0.0609158252002247,0.060915825200225,0.060915825200225,0.060915825200225,0.060915825200225,0.060915825200225,0.060915825200225,0.060915825200225,0.060915825200225,0.060915825200225,0.0609158252002251,0.060915825200225,0.060915825200225,0.060915825200225,0.060915825200225,0.060915825200225,0.0609158252002251,0.0609158252002251,0.0609158252002251,0.0609158252002252,0.0609158252002251,0.0609158252002251,0.0609158252002251,0.0609158252002252,0.0609158252002252,0.0609158252002251,0.0609158252002251,0.0609158252002252,0.0609158252002251,0.0609158252002251,0.060915825200225,0.060915825200225,0.060915825200225,0.060915825200225,0.060915825200225,0.060915825200225,0.0756305739614529,0.060915825200225,0.060915825200225,0.060915825200225,0.060915825200225,0.060915825200225,0.060915825200225
"70",0.060915825200225,0.060915825200225,0.060915825200225,0.0692108088070731,0.060915825200225,0.0692108088070731,0.060915825200225,0.0692108088070731,0.0692108088070731,0.060915825200225,0.060915825200225,0.060915825200225,0.060915825200225,0.0692108088070731,0.0692108088070731,0.0692108088070731,0.0692108088070731,0.0692108088070731,0.060915825200225,0.060915825200225,0.060915825200225,0.060915825200225,0.060915825200225,0.060915825200225,0.060915825200225,0.060915825200225,0.060915825200225,0.060915825200225,0.060915825200225,0.060915825200225,0.060915825200225,0.0692108088070731,0.060915825200225,0.060915825200225,0.0692108088070731,0.0692108088070731,0.060915825200225,0.060915825200225,0.0692108088070731,0.060915825200225,0.060915825200225,0.060915825200225,0.060915825200225,0.0692108088070731,0.0692108088070731,0.060915825200225,0.060915825200225,0.060915825200225,0.060915825200225,0.060915825200225,0.060915825200225,0.0692108088070731,0.060915825200225,0.0692108088070731,0.060915825200225,0.060915825200225,0.0692108088070731,0.060915825200225,0.060915825200225,0.060915825200225,0.060915825200225,0.060915825200225,0.0609171627409114,0.0692121463477595,0.0609171627409114,0.0692121463477595,0.0609171627409114,0.0609171627409114,0.0609171627409114,1,0.0609171627409114,0.0692121463477595,0.0692121463477595,0.0609171627409114,0.0609171627409114,0.0609171627409114,0.0692108088070731,0.060915825200225,0.060915825200225,0.060915825200225,0.0692108088070731,0.0692108088070731,0.060915825200225,0.0692108088070731,0.060915825200225,0.060915825200225,0.060915825200225,0.060915825200225,0.060915825200225,0.0692108088070731,0.0692108088070731,0.060915825200225,0.060915825200225,0.0692108088070731,0.0692108088070731,0.0692108088070731,0.060915825200225,0.0692108088070731,0.060915825200225,0.0692108088070731,0.060915825200225,0.060915825200225,0.060915825200225,0.0692108088070731,0.0692108088070731,0.060915825200225,0.060915825200225,0.060915825200225,0.060915825200225,0.060915825200225,0.060915825200225,0.060915825200225,0.060915825200225,0.060915825200225,0.060915825200225,0.0692108088070731,0.060915825200225,0.060915825200225,0.060915825200225,0.060915825200225,0.060915825200225,0.060915825200225,0.060915825200225,0.060915825200225,0.060915825200225,0.060915825200225,0.060915825200225,0.060915825200225,0.060915825200225,0.060915825200225,0.060915825200225,0.0692108088070731,0.060915825200225,0.060915825200225,0.060915825200225,0.060915825200225,0.060915825200225,0.060915825200225,0.060915825200225,0.060915825200225,0.060915825200225,0.060915825200225,0.060915825200225,0.060915825200225,0.060915825200225,0.060915825200225,0.0692108088070731,0.0692108088070731,0.060915825200225,0.060915825200225,0.0692108088070731,0.060915825200225,0.060915825200225,0.0692108088070731,0.060915825200225,0.060915825200225,0.060915825200225,0.0692108088070731,0.0692108088070731,0.0692108088070731,0.060915825200225,0.0692108088070731,0.060915825200225,0.060915825200225,0.060915825200225,0.060915825200225,0.060915825200225,0.060915825200225,0.060915825200225,0.060915825200225,0.060915825200225,0.060915825200225,0.060915825200225,0.060915825200225,0.060915825200225,0.060915825200225,0.0692108088070731,0.060915825200225,0.060915825200225,0.060915825200225,0.060915825200225,0.060915825200225,0.060915825200225,0.060915825200225,0.060915825200225,0.060915825200225,0.0692108088070731,0.060915825200225,0.060915825200225,0.0692108088070731,0.060915825200225,0.060915825200225,0.060915825200225,0.060915825200225,0.0692108088070731
"71",0.0658564174593317,0.060915825200225,0.0659203487186171,0.0662822047221996,0.0665654226006718,0.0667171745116804,0.060915825200225,0.0655096499579509,0.060915825200225,0.060915825200225,0.0656792980055063,0.060915825200225,0.0661265148284898,0.0659797467381558,0.0666632159214202,0.0664655839793457,0.0659911201661766,0.0653551548445489,0.0655768955976106,0.0665704481980602,0.0668977604749183,0.0672902809102055,0.0663084793957798,0.0668609638459662,0.0653535640598067,0.0657201611628025,0.060915825200225,0.0667125426644543,0.07190571357096,0.0681576008193716,0.0653920771346955,0.0681153489658732,0.066228975704291,0.0656717395100376,0.0653246918296278,0.0641709557393203,0.0654081790505683,0.0653547738428867,0.0648370830325683,0.0660895274815144,0.0661080125617712,0.060915825200225,0.0657432000535122,0.064343667860561,0.0654431126751376,0.0655977499564146,0.0649480417459045,0.065111849025626,0.0662711468736345,0.0659186232936825,0.0669544627103718,0.0665051053226735,0.0655810393257095,0.0647876409112068,0.0655188373807084,0.102071414869838,0.0862399476610829,0.086239947661083,0.0885573789751734,0.060915825200225,0.0885996982918826,0.0804102367930094,0.199024148770591,0.192973254583033,0.196720741595415,0.234608822974422,0.185726605447625,0.194400378930245,0.191902126905664,0.0609171627409114,1,0.202729018953488,0.0609171627409114,0.192496660149875,0.184036853356898,0.19017745178569,0.0780932870798003,0.0898223537152975,0.0780201639213183,0.0938926418457901,0.0821499027040791,0.0965409676094848,0.060915825200225,0.0780932870798002,0.0906938393490434,0.0755591603470529,0.091577928213443,0.0855561202277848,0.087272542743672,0.060915825200225,0.060915825200225,0.0858668845017252,0.0822530447690089,0.0761733922552416,0.0781066628924037,0.0762041087118203,0.0746141974556396,0.0741176054952894,0.0742036855565682,0.0735869267563662,0.0772117348257448,0.0795693276761457,0.0868465029620281,0.0742036855565683,0.0735869267563661,0.0857910511489507,0.0825152789544833,0.0810503637932152,0.0829769773481928,0.0855569598611293,0.0790001208250527,0.0824421473227205,0.0926185336193598,0.0824911237484034,0.0852825556368359,0.060915825200225,0.0741511481413042,0.082660267093017,0.0824978516713466,0.060915825200225,0.0609158252002252,0.085148413325894,0.0851272089392807,0.0824978516713467,0.079616411102777,0.0609158252002252,0.0800740959676257,0.0788646183653993,0.0806598783259295,0.0812179143552725,0.0789329878460994,0.060915825200225,0.0820324841973639,0.0708984920572119,0.0820324841973639,0.0799808036124811,0.0732473644226122,0.0808174551042416,0.0814876946226859,0.077581146063917,0.078587812903039,0.0807094817631304,0.0771353626598792,0.0760183354540512,0.0788031345818347,0.060915825200225,0.060915825200225,0.060915825200225,0.060915825200225,0.0609158252002249,0.060915825200225,0.060915825200225,0.0609158252002249,0.060915825200225,0.060915825200225,0.060915825200225,0.060915825200225,0.060915825200225,0.060915825200225,0.060915825200225,0.060915825200225,0.0609158252002252,0.0609158252002253,0.0609158252002252,0.0609158252002252,0.0609158252002252,0.0609158252002252,0.0609158252002253,0.0609158252002253,0.0609158252002254,0.0609158252002254,0.0609158252002254,0.0609158252002254,0.0609158252002254,0.0609158252002253,0.0609158252002254,0.0609158252002254,0.0609158252002254,0.0609158252002254,0.0609158252002254,0.0609158252002254,0.0609158252002254,0.0609158252002252,0.0609158252002252,0.060915825200225,0.060915825200225,0.060915825200225,0.060915825200225,0.0755591603470532,0.060915825200225,0.060915825200225,0.060915825200225,0.060915825200225,0.060915825200225,0.060915825200225
"72",0.067420785985649,0.060915825200225,0.067504960172225,0.110339866891618,0.0683542875577692,0.113673566579335,0.060915825200225,0.104418845159525,0.0692108088070731,0.060915825200225,0.067187584166708,0.060915825200225,0.0677764058592342,0.108021765470924,0.113260016627476,0.111745323976378,0.108108933808494,0.103234762209956,0.0670527574874841,0.0683609044393535,0.0687918555103764,0.0693086619791381,0.0680159869281589,0.0687434077503072,0.0667587111830384,0.067241386063695,0.060915825200225,0.0685479911049279,0.0753855059871874,0.070450606446857,0.0668094188773265,0.124389468819075,0.0679113095193971,0.0671776323807594,0.103001287274948,0.094158811919229,0.0668306192366825,0.0667603040267871,0.099264151193783,0.0677277069929821,0.0677520451119524,0.060915825200225,0.0672717198926667,0.0954825138373136,0.103908889469956,0.0670802150834787,0.0662247859750462,0.0664404605085986,0.0679668335919109,0.0675026884159355,0.0688665117051657,0.112048223839991,0.0670582132683651,0.0988852164067482,0.0669763159589356,0.105491547600402,0.228874320601845,0.0883444457571249,0.0918837421210658,0.060915825200225,0.0919311541115301,0.0827561791666203,0.24053161666405,0.362431716117105,0.202729018953486,0.448454255611598,0.231451463514935,0.217781333012045,0.213186116697609,0.0692121463477595,0.202729018953488,1,0.0692121463477595,0.217047701809535,0.216123377078213,0.218117137449946,0.17510104857578,0.0917039063234956,0.0790292893502307,0.0960378861777961,0.200108002694836,0.286446028881893,0.060915825200225,0.17510104857578,0.092450688987611,0.076423090961484,0.0937599413453769,0.0929565556652699,0.094578939120213,0.0692108088070731,0.0692108088070731,0.0922998482018418,0.0891928067357861,0.186085056076565,0.201220458052119,0.187056844469468,0.0789188196642643,0.170450267793561,0.0784963063123699,0.166797767408727,0.0824761007971845,0.0854046019882446,0.0944596105145271,0.171547758183866,0.166797767408726,0.0902966320030294,0.087802821627362,0.0850050170814176,0.0876719136562272,0.0901762140106297,0.082739315075687,0.0871580331138833,0.098043602240618,0.0867770441233871,0.090042080331959,0.0692108088070731,0.0767676802581088,0.0864316156934309,0.0861910369047248,0.060915825200225,0.0609158252002252,0.0894109764862356,0.0894501314211275,0.0861910369047249,0.0828165150319997,0.0609158252002252,0.0846334617893462,0.0829266279437098,0.0850302501135831,0.086391296865868,0.0825991812301981,0.0692108088070731,0.0868634222055741,0.0728939216695562,0.0868634222055741,0.083987200293262,0.0757123087989653,0.0855766026284005,0.0856603840010884,0.080890945851746,0.0821202564951536,0.0846225512315825,0.0803584972585369,0.0790107965520342,0.0823979991511395,0.060915825200225,0.0692108088070731,0.0692108088070731,0.060915825200225,0.0609158252002246,0.0692108088070731,0.060915825200225,0.0609158252002246,0.0692108088070731,0.060915825200225,0.060915825200225,0.060915825200225,0.0692108088070731,0.0692108088070731,0.0692108088070731,0.060915825200225,0.0692108088070743,0.0609158252002253,0.0609158252002253,0.0609158252002253,0.0609158252002253,0.0609158252002252,0.0609158252002253,0.0609158252002254,0.0609158252002254,0.0609158252002254,0.0609158252002254,0.0609158252002254,0.0609158252002254,0.0609158252002254,0.0609158252002254,0.0692108088070752,0.0609158252002254,0.0609158252002254,0.0609158252002254,0.0609158252002254,0.0609158252002254,0.0609158252002252,0.0609158252002252,0.060915825200225,0.060915825200225,0.0692108088070731,0.060915825200225,0.0764230909614842,0.0692108088070731,0.060915825200225,0.060915825200225,0.060915825200225,0.060915825200225,0.0692108088070731
"73",0.060915825200225,0.060915825200225,0.060915825200225,0.0692108088070731,0.060915825200225,0.0692108088070731,0.060915825200225,0.0692108088070731,0.0692108088070731,0.060915825200225,0.060915825200225,0.060915825200225,0.060915825200225,0.0692108088070731,0.0692108088070731,0.0692108088070731,0.0692108088070731,0.0692108088070731,0.060915825200225,0.060915825200225,0.060915825200225,0.060915825200225,0.060915825200225,0.060915825200225,0.060915825200225,0.060915825200225,0.060915825200225,0.060915825200225,0.060915825200225,0.060915825200225,0.060915825200225,0.0692108088070731,0.060915825200225,0.060915825200225,0.0692108088070731,0.0692108088070731,0.060915825200225,0.060915825200225,0.0692108088070731,0.060915825200225,0.060915825200225,0.060915825200225,0.060915825200225,0.0692108088070731,0.0692108088070731,0.060915825200225,0.060915825200225,0.060915825200225,0.060915825200225,0.060915825200225,0.060915825200225,0.0692108088070731,0.060915825200225,0.0692108088070731,0.060915825200225,0.060915825200225,0.0692108088070731,0.060915825200225,0.060915825200225,0.060915825200225,0.060915825200225,0.060915825200225,0.0609171627409114,0.0692121463477595,0.0609171627409114,0.0692121463477595,0.0609171627409114,0.0609171627409114,0.0609171627409114,0.0692121463477595,0.0609171627409114,0.0692121463477595,1,0.0609171627409114,0.0609171627409114,0.0609171627409114,0.0692108088070731,0.060915825200225,0.060915825200225,0.060915825200225,0.0692108088070731,0.0692108088070731,0.060915825200225,0.0692108088070731,0.060915825200225,0.060915825200225,0.060915825200225,0.060915825200225,0.060915825200225,0.0692108088070731,0.0692108088070731,0.060915825200225,0.060915825200225,0.0692108088070731,0.0692108088070731,0.0692108088070731,0.060915825200225,0.0692108088070731,0.060915825200225,0.0692108088070731,0.060915825200225,0.060915825200225,0.060915825200225,0.0692108088070731,0.0692108088070731,0.060915825200225,0.060915825200225,0.060915825200225,0.060915825200225,0.060915825200225,0.060915825200225,0.060915825200225,0.060915825200225,0.060915825200225,0.060915825200225,0.0692108088070731,0.060915825200225,0.060915825200225,0.060915825200225,0.060915825200225,0.060915825200225,0.060915825200225,0.060915825200225,0.060915825200225,0.060915825200225,0.060915825200225,0.060915825200225,0.060915825200225,0.060915825200225,0.060915825200225,0.060915825200225,0.0692108088070731,0.060915825200225,0.060915825200225,0.060915825200225,0.060915825200225,0.060915825200225,0.060915825200225,0.060915825200225,0.060915825200225,0.060915825200225,0.060915825200225,0.060915825200225,0.060915825200225,0.060915825200225,0.060915825200225,0.0692108088070731,0.0692108088070731,0.060915825200225,0.060915825200225,0.0692108088070731,0.060915825200225,0.060915825200225,0.0692108088070731,0.060915825200225,0.060915825200225,0.060915825200225,0.0692108088070731,0.0692108088070731,0.0692108088070731,0.060915825200225,0.0692108088070731,0.060915825200225,0.060915825200225,0.060915825200225,0.060915825200225,0.060915825200225,0.060915825200225,0.060915825200225,0.060915825200225,0.060915825200225,0.060915825200225,0.060915825200225,0.060915825200225,0.060915825200225,0.060915825200225,0.0692108088070731,0.060915825200225,0.060915825200225,0.060915825200225,0.060915825200225,0.060915825200225,0.060915825200225,0.060915825200225,0.060915825200225,0.060915825200225,0.0692108088070731,0.060915825200225,0.060915825200225,0.0692108088070731,0.060915825200225,0.060915825200225,0.060915825200225,0.060915825200225,0.0692108088070731
"74",0.0668674213908879,0.060915825200225,0.066944435040117,0.0673803384094996,0.0677215117665067,0.06790431699473,0.060915825200225,0.0664496941160943,0.060915825200225,0.060915825200225,0.0666540576054559,0.060915825200225,0.0671927893607758,0.0670159878030813,0.067839316743059,0.0676012429551572,0.0670296885999361,0.0662635843381209,0.0665307003744228,0.0677275657626076,0.0681218566487893,0.068594699377939,0.0674119897255747,0.0680775302471728,0.0662616680277039,0.0667032826777847,0.060915825200225,0.0678987373227269,0.0741545978681193,0.0696395008099867,0.0663080621152499,0.06958860286959,0.0673162170241264,0.066644952398938,0.0662268876114833,0.0648370600442623,0.0663274590005111,0.0662631253712759,0.0656394983862818,0.0671482332141,0.0671705009357558,0.060915825200225,0.066731036065839,0.0650451146152426,0.0663695411671842,0.0665558222051482,0.0657731628177869,0.0659704903305353,0.0673670177697978,0.0669423565377979,0.0681901619836213,0.0676488516352634,0.0665356920424404,0.065579938818173,0.0664607615807659,0.105056066729545,0.0880764828633485,0.0880764828633486,0.0915172096349888,0.060915825200225,0.091564060462919,0.0824976794019585,0.244334119190374,0.183223866772073,0.192496660149873,0.213850698323181,0.213417014952268,0.436411489239996,0.464465210313662,0.0609171627409114,0.192496660149875,0.217047701809535,0.0609171627409114,1,0.419827130448845,0.469863113714893,0.0782348969364876,0.0905303016706175,0.0781611709555359,0.0946969494531162,0.0823249550309764,0.0957464376709686,0.060915825200225,0.0782348969364876,0.0909393273230882,0.0756798790309949,0.0928253679045297,0.241184231093747,0.251934242205683,0.060915825200225,0.060915825200225,0.0904641814165119,0.0866829577583811,0.079291833654176,0.0816396679913542,0.0793726705496189,0.077405968095562,0.0768225812448507,0.0769523348185452,0.0762079968915666,0.0805826116083299,0.0833617987628567,0.0919457178575317,0.0769523348185454,0.0762079968915665,0.236842376645457,0.0863975589570156,0.0843317361998112,0.0866977300052048,0.0894963596845088,0.192014199077489,0.086119397333427,0.097507392854239,0.0860240318537551,0.234113686314827,0.060915825200225,0.0763140175520996,0.215407165918483,0.0858260054689908,0.060915825200225,0.0609158252002251,0.232256305467885,0.232242908845757,0.0858260054689908,0.0825002193528052,0.0609158252002251,0.08347235169517,0.0819757372218165,0.084048242394999,0.0849374999213296,0.0819134387283999,0.060915825200225,0.0857107196603622,0.0725374214283405,0.0857107196603622,0.0831785914675917,0.0752719258060916,0.084355492609816,0.0848861283843085,0.080309793919004,0.0814891558114317,0.083944090733254,0.079791669171382,0.0784886899178702,0.0817465441242184,0.060915825200225,0.060915825200225,0.060915825200225,0.060915825200225,0.0609158252002247,0.060915825200225,0.060915825200225,0.0609158252002247,0.060915825200225,0.060915825200225,0.060915825200225,0.060915825200225,0.060915825200225,0.060915825200225,0.060915825200225,0.060915825200225,0.060915825200225,0.0609158252002251,0.060915825200225,0.060915825200225,0.060915825200225,0.060915825200225,0.060915825200225,0.0609158252002251,0.0609158252002252,0.0609158252002252,0.0609158252002252,0.0609158252002252,0.0609158252002252,0.0609158252002251,0.0609158252002252,0.0609158252002252,0.0609158252002252,0.0609158252002252,0.0609158252002252,0.0609158252002252,0.0609158252002252,0.060915825200225,0.060915825200225,0.060915825200225,0.060915825200225,0.060915825200225,0.060915825200225,0.0756798790309952,0.060915825200225,0.060915825200225,0.060915825200225,0.060915825200225,0.060915825200225,0.060915825200225
"75",0.0674408649252633,0.060915825200225,0.0675252989332993,0.0680032021226926,0.0683772479477587,0.0685776666821435,0.060915825200225,0.0669828891192877,0.060915825200225,0.060915825200225,0.0672069432795018,0.060915825200225,0.0677975824949305,0.0676037458920347,0.0685064035771371,0.0682453910901028,0.0676187667773366,0.0667788474377638,0.0670717004291678,0.0683838852537499,0.0688161665465554,0.0693345682479742,0.0680379030815823,0.0687675692422106,0.0667767464885063,0.0672609112474423,0.060915825200225,0.0685715494019539,0.0754301697225025,0.0704800375692266,0.0668276107028358,0.0704242355503444,0.0679329025638212,0.0671969607752572,0.0667386149368651,0.0652148757925164,0.0668488765015926,0.0667783442489049,0.0660946300451293,0.0677487333093102,0.067773146553041,0.060915825200225,0.0672913387082036,0.0654429766745538,0.0668950133362266,0.0670992427788496,0.0662411732072415,0.0664575134659348,0.0679885980231482,0.0675230201647528,0.0688910531835066,0.0682975869244633,0.0670771730504723,0.0660293318401659,0.0669950229476463,0.101846082367351,0.0861012946146027,0.0861012946146028,0.0903925430696424,0.060915825200225,0.0904376720290786,0.0817044999335389,0.244218566579523,0.175852393257443,0.184036853356897,0.205357430025542,0.232418565242188,0.456279700527853,0.419008275114763,0.0609171627409114,0.184036853356898,0.216123377078213,0.0609171627409114,0.419827130448845,1,0.463566369072502,0.0770624202483308,0.0884860747243789,0.0769936854121293,0.0923653816496023,0.0808755871882576,0.0934796763746594,0.060915825200225,0.0770624202483308,0.0889067786465805,0.07468037344531,0.0905817576330911,0.256131367351037,0.265340954816559,0.060915825200225,0.060915825200225,0.0922925087377234,0.0892931307514843,0.0810548776494069,0.0836669012212077,0.081231320386555,0.0789720622625499,0.0783621627818208,0.0785566234150977,0.077737822099473,0.0825500722288947,0.0854751429797099,0.0945207196871195,0.0785566234150978,0.0777378220994729,0.239372545071202,0.0877756227391319,0.084907465211707,0.0875918435619384,0.0900404843907056,0.19581727904123,0.0870898910604474,0.0978305932188157,0.0866760898961704,0.238057750544938,0.060915825200225,0.076704812161771,0.216910903699367,0.0860460282737162,0.060915825200225,0.0609158252002252,0.23418483836311,0.234441192663948,0.0860460282737162,0.0826908666660125,0.0609158252002252,0.0845996607921212,0.0828794346424703,0.0849710798818563,0.0863808069234209,0.0825213301180394,0.060915825200225,0.0868117533410289,0.0728481285041962,0.0868117533410289,0.0839142320764766,0.0756557407272422,0.0855431851667466,0.0855705052791054,0.0808129101325611,0.0820391903565448,0.0845285308957575,0.0802826874434729,0.0789395630971794,0.0823173814378551,0.060915825200225,0.060915825200225,0.060915825200225,0.060915825200225,0.0609158252002246,0.060915825200225,0.060915825200225,0.0609158252002246,0.060915825200225,0.060915825200225,0.060915825200225,0.060915825200225,0.060915825200225,0.060915825200225,0.060915825200225,0.060915825200225,0.0609158252002251,0.0609158252002252,0.0609158252002251,0.0609158252002251,0.0609158252002251,0.0609158252002251,0.0609158252002252,0.0609158252002253,0.0609158252002253,0.0609158252002253,0.0609158252002253,0.0609158252002253,0.0609158252002253,0.0609158252002253,0.0609158252002253,0.0609158252002253,0.0609158252002253,0.0609158252002253,0.0609158252002253,0.0609158252002253,0.0609158252002253,0.0609158252002251,0.0609158252002251,0.060915825200225,0.060915825200225,0.060915825200225,0.060915825200225,0.0746803734453103,0.060915825200225,0.060915825200225,0.060915825200225,0.060915825200225,0.060915825200225,0.060915825200225
"76",0.0671073397117838,0.060915825200225,0.0671874579038645,0.067640933232282,0.0679958598306592,0.068186034228766,0.060915825200225,0.0666727731852752,0.060915825200225,0.060915825200225,0.0668853748923602,0.060915825200225,0.0674458237827155,0.067261895072658,0.0681184137134314,0.0678707427919855,0.0672761481704539,0.0664791610257552,0.0667570449348866,0.0680021578729845,0.0684123432527317,0.0689042470253379,0.0676738604633157,0.0683662299832724,0.0664771674658133,0.0669365843057498,0.060915825200225,0.0681802296312983,0.0746882738782936,0.0699911660670512,0.066525431772915,0.0699382163496176,0.0675742270117453,0.0668759026404666,0.066440984995624,0.0649951312657434,0.0665456105775125,0.0664786835572257,0.0658299171752846,0.0673994715068076,0.0674226368757866,0.060915825200225,0.0669654564770763,0.0652115728478254,0.0665893891433438,0.0667831794666173,0.0659689698328962,0.0661742519319452,0.0676270756163796,0.0671852956138067,0.0684834020843932,0.0679202706538077,0.0667622378249917,0.0657679566661313,0.0666842867970736,0.104122071305002,0.0875017707841664,0.0875017707841665,0.0914966044327862,0.060915825200225,0.091543423714079,0.0824831474296982,0.248317746564446,0.181274450621756,0.190177451785689,0.211716733597335,0.220304003375411,0.471729966203905,0.470211622919391,0.0609171627409114,0.19017745178569,0.218117137449946,0.0609171627409114,0.469863113714893,0.463566369072502,1,0.0779049114356906,0.0899495412820542,0.0778325901781049,0.0940345932465505,0.0819170404188995,0.0951210477609351,0.060915825200225,0.0779049114356906,0.0903672804758574,0.0753985750574719,0.0921824258222474,0.247838212203018,0.258579364040955,0.060915825200225,0.060915825200225,0.0914804622994155,0.0877435538047406,0.0800313112687113,0.0824803086008106,0.0801304807903051,0.0780668067399815,0.0774650002480052,0.0776089455004516,0.0768341308522016,0.0813878630216162,0.0842581602352721,0.0931253869159949,0.0776089455004517,0.0768341308522015,0.241261745483359,0.0872398765655185,0.0849872213661237,0.0874641125876306,0.0902691971445922,0.195586377019944,0.0868851421575984,0.0984327524337,0.0867328495305144,0.238710884437062,0.060915825200225,0.0767471552949524,0.219140772520747,0.0864559559033574,0.060915825200225,0.0609158252002251,0.236463379043988,0.236495967171043,0.0864559559033574,0.0830460643978934,0.0609158252002251,0.0842020866390468,0.0826315102053014,0.0847565699223391,0.0857563070465789,0.0825169550773017,0.060915825200225,0.0864891565124215,0.0728670319829297,0.0864891565124215,0.0838341123377834,0.0756790921014573,0.0851165871570114,0.0855734425709344,0.0808572023992992,0.0820726545649077,0.0845918557907919,0.0803246837759486,0.078983838164838,0.0823397325340619,0.060915825200225,0.060915825200225,0.060915825200225,0.060915825200225,0.0609158252002247,0.060915825200225,0.060915825200225,0.0609158252002247,0.060915825200225,0.060915825200225,0.060915825200225,0.060915825200225,0.060915825200225,0.060915825200225,0.060915825200225,0.060915825200225,0.060915825200225,0.0609158252002252,0.0609158252002251,0.060915825200225,0.0609158252002251,0.060915825200225,0.0609158252002251,0.0609158252002252,0.0609158252002252,0.0609158252002252,0.0609158252002253,0.0609158252002252,0.0609158252002252,0.0609158252002252,0.0609158252002253,0.0609158252002253,0.0609158252002252,0.0609158252002252,0.0609158252002253,0.0609158252002252,0.0609158252002252,0.060915825200225,0.060915825200225,0.060915825200225,0.060915825200225,0.060915825200225,0.060915825200225,0.0753985750574722,0.060915825200225,0.060915825200225,0.060915825200225,0.060915825200225,0.060915825200225,0.060915825200225
"77",0.0636024779551485,0.060915825200225,0.0636372432393247,0.0861977670463715,0.063988029021972,0.0875746382905696,0.060915825200225,0.0837522904519296,0.0692108088070731,0.060915825200225,0.063506161877315,0.060915825200225,0.0637493546458142,0.0852403541159107,0.087403835551842,0.0867782432818524,0.0852763560322903,0.0832632452718801,0.063450476304239,0.0639907618998052,0.06416875157882,0.0643822009090871,0.0638483054558326,0.0641487418797065,0.063329030481586,0.063528382920536,0.060915825200225,0.0640680316823691,0.0668920345935693,0.0648538422227513,0.0633499735696459,0.0920004771577958,0.063805072013249,0.0635020516306873,0.0831668163927468,0.0795147327663525,0.0633587296568452,0.0633296883515076,0.0816233194710616,0.063729241235835,0.0637392932678976,0.060915825200225,0.0635409112766417,0.0800614428115388,0.0835416706029478,0.0634618167301628,0.063108510838456,0.0631975878673343,0.0638280043424823,0.063636304967674,0.0641995857802887,0.086903345765926,0.0634527296289276,0.0814668133485668,0.0634189047313982,0.0835544180003005,0.150298832375202,0.0748459499053487,0.0760930209466964,0.060915825200225,0.0761162572871273,0.0716196554955436,0.0789922589491572,0.179936131443069,0.0780932870798002,0.192089998247652,0.0771986439329097,0.0784953401573469,0.0781770592960839,0.0692108088070731,0.0780932870798003,0.17510104857578,0.0692108088070731,0.0782348969364876,0.0770624202483308,0.0779049114356906,1,0.167822813784304,0.218413359030479,0.170626849367827,0.491438404711719,0.294556985374282,0.0609171627409114,0.410775157798869,0.200340298309359,0.195752517923314,0.15590160212217,0.0743258130899226,0.0752763376565576,0.0692108088070731,0.0692108088070731,0.0745234744740646,0.0725138872895879,0.117509431652032,0.123620521189069,0.117586855479373,0.0683657670329968,0.110998699867718,0.0681393605697073,0.109307711876027,0.0697745937604799,0.0710613561527743,0.0750327821041724,0.111259406266531,0.109307711876027,0.0745334348420362,0.0727031637950208,0.071929931216869,0.0729741040718637,0.0744010865461748,0.0708033597644291,0.0726781492962449,0.078279579789452,0.0727167648436998,0.0742457576383765,0.0692108088070731,0.0681554280385799,0.0728240254110767,0.0727364244445651,0.060915825200225,0.060915825200225,0.0741850372160855,0.0741717022716206,0.0727364244445651,0.0711582429770824,0.060915825200225,0.0713744641383566,0.0707198373184869,0.0717030804829125,0.071989688808331,0.0707682452542941,0.0692108088070731,0.0724487940596705,0.0663756646034693,0.0724487940596705,0.0713378120241084,0.0676603379355086,0.0717796540050824,0.0721656079770084,0.0700311977726236,0.0705811998116136,0.0717427776570833,0.0697873188965931,0.0691765798563265,0.0706984448104532,0.060915825200225,0.0692108088070731,0.0692108088070731,0.060915825200225,0.060915825200225,0.0692108088070731,0.060915825200225,0.060915825200225,0.0692108088070731,0.060915825200225,0.060915825200225,0.060915825200225,0.0692108088070731,0.0692108088070731,0.0692108088070731,0.060915825200225,0.0692108088070744,0.0609158252002254,0.0609158252002253,0.0609158252002253,0.0609158252002253,0.0609158252002253,0.0609158252002254,0.0609158252002255,0.0609158252002256,0.0609158252002256,0.0609158252002256,0.0609158252002256,0.0609158252002256,0.0609158252002256,0.0609158252002256,0.0692108088070764,0.0609158252002256,0.0609158252002256,0.0609158252002256,0.0609158252002256,0.0609158252002256,0.0609158252002252,0.0609158252002252,0.060915825200225,0.060915825200225,0.0692108088070731,0.060915825200225,0.0933440257979018,0.0692108088070731,0.060915825200225,0.060915825200225,0.060915825200225,0.060915825200225,0.0692108088070731
"78",0.0654982850560817,0.0692108088070731,0.096230731415576,0.0658932079594304,0.0661558960118936,0.0662966477687228,0.0692108088070731,0.0651766539497169,0.060915825200225,0.0692108088070731,0.0653340045924691,0.0692108088070731,0.0657488036753946,0.0656126744733063,0.0662466005151186,0.0660632944673219,0.0656232234671504,0.065033357839056,0.0652390251044411,0.0997406834735138,0.101507875166592,0.103627132223681,0.0983262877298539,0.0664300141380786,0.0650318823667166,0.095149898795763,0.060915825200225,0.100507865697947,0.0711090813197565,0.0676326608182009,0.0933785403405667,0.0675934717063823,0.0978970393542165,0.0653269939953103,0.0650051030194629,0.0639349986593344,0.0650825384398281,0.065033004455346,0.0645528398856718,0.097144144463529,0.0972439472591628,0.060915825200225,0.0952742880691229,0.0640951912679732,0.0651149398046473,0.0944889884591738,0.064655755451834,0.0648076887108552,0.0981247257119246,0.0962214156739218,0.101814016202408,0.0660999509975013,0.0943987660940011,0.0645069817123105,0.0940629315767183,0.0997028280389025,0.0847824935595306,0.0847824935595306,0.0869007238912295,0.060915825200225,0.086940506863139,0.079241868461163,0.0917573570674368,0.0915854429643402,0.0898223537152973,0.0958413097363061,0.088661458034041,0.0909822311668436,0.090445036277624,0.060915825200225,0.0898223537152975,0.0917039063234956,0.060915825200225,0.0905303016706175,0.0884860747243789,0.0899495412820542,0.167822813784304,1,0.1673677244982,0.482285848228321,0.193069566615814,0.225613072142835,0.0609171627409114,0.167822813784304,0.2462436103661,0.152051422755171,0.466951364748155,0.083795683024329,0.0854284588412831,0.060915825200225,0.060915825200225,0.0841520889935943,0.0806946134006709,0.0750680971776801,0.0768577310305912,0.0750884966143438,0.0736233293383182,0.073159998235121,0.0732350289681332,0.07266323056481,0.0760237978817985,0.169949399903694,0.0850050582967835,0.0732350289681333,0.07266323056481,0.0842034836831717,0.081048817723879,0.0797456711505337,0.0815242987447084,0.0839743506242377,0.0778163068131896,0.0810160668788206,0.0906155116591013,0.0810899835669282,0.0837053094212733,0.060915825200225,0.0732924310364702,0.0812832010386228,0.0811342687119032,0.060915825200225,0.0609158252002251,0.0836099577428899,0.083586000702618,0.0811342687119032,0.0784348816341495,0.0609158252002251,0.0787817260803778,0.07766723680116,0.0793489960471223,0.0798265249184334,0.0777573494760346,0.060915825200225,0.0806204451644556,0.0702494073415607,0.0806204451644556,0.0787286724668733,0.0724455532689021,0.0794734771194875,0.0801462124594648,0.076498917379414,0.077438759521072,0.0794252553386265,0.076081963143253,0.0750380390886921,0.0776388412453752,0.060915825200225,0.060915825200225,0.060915825200225,0.060915825200225,0.0609158252002248,0.060915825200225,0.0692108088070731,0.0609158252002248,0.060915825200225,0.0692108088070731,0.060915825200225,0.060915825200225,0.060915825200225,0.060915825200225,0.060915825200225,0.060915825200225,0.0609158252002255,0.0609158252002256,0.0609158252002255,0.0609158252002255,0.0609158252002255,0.0609158252002255,0.0609158252002255,0.0609158252002256,0.0609158252002256,0.0609158252002256,0.0609158252002256,0.0609158252002256,0.0609158252002256,0.0609158252002256,0.0692108088070761,0.0609158252002256,0.0609158252002256,0.0609158252002256,0.0609158252002256,0.0609158252002256,0.0609158252002256,0.0609158252002254,0.0609158252002255,0.060915825200225,0.060915825200225,0.060915825200225,0.0692108088070731,0.08283381593096,0.060915825200225,0.060915825200225,0.060915825200225,0.0692108088070731,0.060915825200225,0.060915825200225
"79",0.0635910410771871,0.060915825200225,0.0636256583681731,0.0638215949837022,0.0639749508822247,0.0640571210149533,0.060915825200225,0.0634032745349068,0.060915825200225,0.060915825200225,0.063495135009626,0.060915825200225,0.0637372925248685,0.0636578210151993,0.0640279036924557,0.0639208905892676,0.0636639794621258,0.0633196190218405,0.0634396864858308,0.0639776721264031,0.0641549041167909,0.0643674448093724,0.0638358221087584,0.0641349795974559,0.0633187576488769,0.0635172614595435,0.060915825200225,0.0640546129773357,0.0668665943213292,0.0648370783815689,0.063339611583792,0.0648141999849348,0.0637927727076763,0.0634910422600079,0.0633031240072951,0.062678402730018,0.063348330396989,0.0633194127182958,0.0630390951768982,0.063717264736157,0.0637272739774779,0.060915825200225,0.0635297364833828,0.0627719223294216,0.0633672461427514,0.0634509786364174,0.0630991767412205,0.0631878745759112,0.0638156074157149,0.0636247240906738,0.0641856070593915,0.0639422904781081,0.0634419302182862,0.063012323417336,0.0634082493107922,0.0834580472197547,0.0747866504160744,0.0747866504160744,0.0760284127701414,0.060915825200225,0.0760515501952252,0.0715740900980165,0.0789153089352913,0.0798563731340644,0.0780201639213182,0.0819353997859033,0.0771293292027664,0.0784205054892649,0.0781035795256012,0.060915825200225,0.0780201639213183,0.0790292893502307,0.060915825200225,0.0781611709555359,0.0769936854121293,0.0778325901781049,0.218413359030479,0.1673677244982,1,0.170159823513922,0.255607534462905,0.164824652165428,0.0609171627409114,0.218413359030479,0.199746784546401,0.267838510308118,0.15549726053417,0.0742687277838057,0.0752152060391164,0.060915825200225,0.060915825200225,0.0744655477383571,0.0724645152148192,0.0691777327689268,0.0702230888044632,0.0691909768008979,0.0683340531930157,0.068064014384465,0.068108610524949,0.0677747558991462,0.0697368826514733,0.0710181673934024,0.0749726872843314,0.068108610524949,0.0677747558991461,0.0744754657057943,0.0726529859844573,0.0718830449990191,0.0729227728889954,0.0743436808066373,0.0707612692762064,0.0726280779705144,0.0782056635969682,0.0726665291344991,0.0741890131222736,0.060915825200225,0.0681246095958199,0.0727733331017378,0.0726861050459276,0.060915825200225,0.0609158252002251,0.0741285511822364,0.0741152730036234,0.0726861050459276,0.0711146417778138,0.0609158252002251,0.0713299425019272,0.0706781023790113,0.0716571599515118,0.0719425482069252,0.0707263042458904,0.060915825200225,0.072399699081868,0.066352422479297,0.072399699081868,0.0712934464129625,0.0676316270539427,0.0717334075059783,0.072117718500982,0.0699923943197091,0.0705400550415392,0.071696688137809,0.0697495536176433,0.0691414144473659,0.0706568009372696,0.0692108088070731,0.060915825200225,0.060915825200225,0.060915825200225,0.060915825200225,0.060915825200225,0.060915825200225,0.060915825200225,0.060915825200225,0.060915825200225,0.0692108088070731,0.060915825200225,0.060915825200225,0.060915825200225,0.060915825200225,0.060915825200225,0.060915825200225,0.0609158252002252,0.0609158252002251,0.060915825200225,0.0609158252002251,0.060915825200225,0.0609158252002251,0.0609158252002252,0.0609158252002253,0.0609158252002253,0.0609158252002253,0.0609158252002253,0.0609158252002253,0.0609158252002253,0.0609158252002253,0.0609158252002253,0.0609158252002253,0.0609158252002253,0.0692108088070745,0.0609158252002253,0.0609158252002253,0.060915825200225,0.060915825200225,0.060915825200225,0.060915825200225,0.060915825200225,0.060915825200225,0.11068086611085,0.060915825200225,0.060915825200225,0.060915825200225,0.060915825200225,0.060915825200225,0.060915825200225
"80",0.0661431007013323,0.0692108088070731,0.100032809203372,0.0665935947334539,0.0668932466375115,0.067053804118287,0.0692108088070731,0.0657762116383445,0.060915825200225,0.0692108088070731,0.0659557036984638,0.0692108088070731,0.0664288707642456,0.0662735862957625,0.0669967145221112,0.066787614771542,0.0662856196793201,0.0656127517778715,0.0658473592794196,0.104036660187265,0.106052520256652,0.108469986168745,0.102423239349491,0.0672059369851607,0.0656110686861139,0.0987998884463854,0.060915825200225,0.104911795588951,0.072543413802455,0.0685778127298998,0.0967792752936715,0.0685331091666252,0.101933589775148,0.065947706613071,0.0655805211133609,0.0643598382309613,0.0656688527711441,0.0656123486681732,0.0650646182852546,0.101074752133184,0.101188598566098,0.060915825200225,0.0989417810153739,0.0645425721609761,0.0657058134572928,0.0980459788608019,0.0651820154986735,0.0653553278740498,0.102193314760641,0.100022182607689,0.106401739581368,0.0668294293838223,0.0979430609577642,0.0650123072310003,0.097559969866988,0.105159483442449,0.0881401179010945,0.0881401179010946,0.0905564742505098,0.060915825200225,0.0906018541891644,0.081820113619323,0.0960971207805981,0.0959134785679405,0.0938926418457899,0.100763351945306,0.0925658417914787,0.0952124178511739,0.0945995925287574,0.060915825200225,0.0938926418457901,0.0960378861777961,0.060915825200225,0.0946969494531162,0.0923653816496023,0.0940345932465505,0.170626849367827,0.482285848228321,0.170159823513922,1,0.196535800994414,0.248880919749492,0.0609171627409114,0.170626849367826,0.251104550350441,0.154441789452009,0.475051789867098,0.0870151455766839,0.0888775950835693,0.060915825200225,0.060915825200225,0.0874215682053323,0.0834777863567605,0.0770595167244332,0.0791009837844566,0.077082802619825,0.0754114472427717,0.0748829244308462,0.074968522525241,0.0743162636581736,0.0781497123319428,0.18412466432046,0.0883946719797487,0.0749685225252411,0.0743162636581735,0.0874799544746585,0.0838816130049435,0.0823949858917696,0.0844239075003987,0.0872186029325585,0.0801941880104315,0.0838441843948486,0.0947940868127246,0.0839284459297309,0.0869117325879397,0.060915825200225,0.0750337922977985,0.0841487800333025,0.0839788874865767,0.060915825200225,0.0609158252002251,0.0868029062116276,0.086775586553895,0.0839788874865767,0.0808997121646362,0.0609158252002251,0.0812955157863165,0.0800241879652984,0.0819425612134171,0.0824873641125547,0.0801269280239253,0.060915825200225,0.0833929241294229,0.071562624597974,0.083392924129423,0.0812349306928385,0.0740677640805993,0.0820846012941608,0.0828518989644069,0.0786914261290325,0.0797635049562274,0.082029491511187,0.0782158075307678,0.0770250044211108,0.0799917402265189,0.060915825200225,0.060915825200225,0.060915825200225,0.060915825200225,0.0609158252002247,0.060915825200225,0.0692108088070731,0.0609158252002247,0.060915825200225,0.0692108088070731,0.060915825200225,0.060915825200225,0.060915825200225,0.060915825200225,0.060915825200225,0.060915825200225,0.0609158252002254,0.0609158252002255,0.0609158252002254,0.0609158252002254,0.0609158252002254,0.0609158252002254,0.0609158252002255,0.0609158252002255,0.0609158252002255,0.0609158252002255,0.0609158252002256,0.0609158252002255,0.0609158252002255,0.0609158252002255,0.0692108088070759,0.0609158252002255,0.0609158252002255,0.0609158252002255,0.0609158252002255,0.0609158252002255,0.0609158252002255,0.0609158252002254,0.0609158252002254,0.060915825200225,0.060915825200225,0.060915825200225,0.0692108088070731,0.0834087043987673,0.060915825200225,0.060915825200225,0.060915825200225,0.0692108088070731,0.060915825200225,0.060915825200225
"81",0.0642369557155443,0.060915825200225,0.0642799311413562,0.0902093934837128,0.064713558213167,0.0919114255369405,0.060915825200225,0.0871863950975552,0.0692108088070731,0.060915825200225,0.0641178937099977,0.060915825200225,0.0644185186877093,0.0890258786832655,0.0917002861603877,0.0909269545215286,0.0890703827833504,0.0865818573999104,0.0640490574766337,0.064716936485238,0.0649369600641336,0.065200817417089,0.064540837641681,0.0649122248905216,0.0638989311058804,0.0641453624569684,0.060915825200225,0.0648124542376959,0.0683033714120681,0.0657838411652175,0.063924820096824,0.0973824669623327,0.0644873942239622,0.064112812790822,0.0864626559539995,0.0819480991867027,0.0639356440145555,0.0638997443378352,0.0845546480368929,0.0643936553109566,0.0644060812228512,0.060915825200225,0.0641608494996066,0.0826239198377982,0.0869260354339164,0.0640630760484507,0.0636263337206455,0.0637364471092401,0.0645157422336796,0.0642787712882247,0.0649750760458976,0.0910816011079315,0.064051842944674,0.0843611815539989,0.0640100299864655,0.0889007299239304,0.169448515003197,0.0781356769862831,0.0796772553248313,0.060915825200225,0.079705979140787,0.07414746347556,0.0832611750492914,0.206084934855207,0.082149902704079,0.221109049099168,0.08104398134896,0.0826469043140456,0.0822534584997902,0.0692108088070731,0.0821499027040791,0.200108002694836,0.0692108088070731,0.0823249550309764,0.0808755871882576,0.0819170404188995,0.491438404711719,0.193069566615814,0.255607534462905,0.196535800994414,1,0.34777424187319,0.0609171627409114,0.491438404711719,0.233266354213195,0.227595127289747,0.178333051166195,0.0774927050775812,0.0786677047637248,0.0692108088070731,0.0692108088070731,0.0777370460157137,0.0752528763330745,0.128915595696383,0.136469875238504,0.129011303872709,0.0701251393227253,0.120867294714308,0.0698452648906022,0.118776964354365,0.0718666734405479,0.0734573166076571,0.0783666313273756,0.121189569327226,0.118776964354364,0.0777493586161991,0.0754868522262651,0.074531013662449,0.0758217775416425,0.0775857550529063,0.0731383919991063,0.0754559303235154,0.0823801901506694,0.0755036652876946,0.0773937437947879,0.0692108088070731,0.0698651268400404,0.0756362564246598,0.0755279676841368,0.060915825200225,0.0609158252002251,0.0773186836862554,0.0773021995719978,0.0755279676841368,0.073577084146708,0.0609158252002251,0.0738443679240587,0.0730351449593002,0.0742505900410544,0.0746048835587959,0.0730949848744134,0.0692108088070731,0.0751724107381729,0.0676650558991408,0.0751724107381729,0.073799060075898,0.0692531166552001,0.0743452471048219,0.074822347657293,0.0721838768504497,0.0728637669299659,0.0742996620680474,0.0718824037346023,0.071127433052288,0.0730087004137222,0.060915825200225,0.0692108088070731,0.0692108088070731,0.060915825200225,0.0609158252002251,0.0692108088070731,0.060915825200225,0.0609158252002251,0.0692108088070731,0.060915825200225,0.060915825200225,0.060915825200225,0.0692108088070731,0.0692108088070731,0.0692108088070731,0.060915825200225,0.0692108088070742,0.0609158252002254,0.0609158252002252,0.0609158252002252,0.0609158252002253,0.0609158252002252,0.0609158252002253,0.0609158252002255,0.0609158252002256,0.0609158252002256,0.0609158252002256,0.0609158252002256,0.0609158252002256,0.0609158252002255,0.0609158252002256,0.0692108088070762,0.0609158252002256,0.0609158252002256,0.0609158252002256,0.0609158252002256,0.0609158252002256,0.0609158252002252,0.0609158252002252,0.060915825200225,0.060915825200225,0.0692108088070731,0.060915825200225,0.101002243649527,0.0692108088070731,0.060915825200225,0.060915825200225,0.060915825200225,0.060915825200225,0.0692108088070731
"82",0.0663457275812522,0.060915825200225,0.0664159905130651,0.103542571563139,0.0671249517113205,0.106325319141345,0.060915825200225,0.0986001021060961,0.0692108088070731,0.060915825200225,0.0661510664366738,0.060915825200225,0.0666425750584343,0.101607576896931,0.105980115543299,0.10471575231283,0.101680339143978,0.0976117095485865,0.0660385222214674,0.0671304750376332,0.0674902039159221,0.0679215990876729,0.066842561170498,0.0674497629945339,0.0657930722055015,0.0661959766303233,0.060915825200225,0.0672866423635206,0.0729941384675241,0.0688748172835711,0.0658353995675003,0.115270231340787,0.0667551835321352,0.0661427593572005,0.0974168204251427,0.0900357185904044,0.0658530961971249,0.0657944018039951,0.0942973113651018,0.066601924530547,0.0666222403501969,0.060915825200225,0.0662212972641584,0.0911406556428918,0.0981744255026022,0.0660614419700699,0.065347387465224,0.0655274180145068,0.0668015312817206,0.0664140942041877,0.0675525218703599,0.104968592682651,0.0660430763392517,0.0939810021712064,0.0659747139908625,0.106267349966504,0.231653127619678,0.0888218174648885,0.0913626735876038,0.060915825200225,0.0914092878202983,0.0823886917040102,0.0974271051572885,0.316924940285335,0.0965409676094845,0.33211938470926,0.0938869883001673,0.096254951719035,0.0955985299622498,0.0692108088070731,0.0965409676094848,0.286446028881893,0.0692108088070731,0.0957464376709686,0.0934796763746594,0.0951210477609351,0.294556985374282,0.225613072142835,0.164824652165428,0.248880919749492,0.34777424187319,1,0.0609171627409114,0.294556985374282,0.241816216525182,0.149874252326156,0.224082865866347,0.088001475509286,0.0898958458860333,0.0692108088070731,0.0692108088070731,0.0883563183180623,0.0843639649622263,0.166822873981366,0.179187125496609,0.167010195461289,0.0759712762046188,0.153669331852358,0.0755186354473155,0.15026910465008,0.0788243574758224,0.0814176345534581,0.0894221008669402,0.154214571985264,0.150269104650079,0.0882967263817334,0.0846738244207306,0.0830746705478001,0.0851904681715908,0.0880371075207205,0.0808159617247595,0.0846002945741572,0.095815897166695,0.0846596805499187,0.0877326919910069,0.0692108088070731,0.0754816028380965,0.0848526652249914,0.0846744980261021,0.060915825200225,0.0609158252002252,0.0875909358641634,0.0875667944236204,0.0846744980261022,0.0815024509605747,0.0609158252002252,0.0819903107859945,0.0806624755067336,0.0826387812975899,0.0832442688213342,0.0807428256858093,0.0692108088070731,0.0841470045239105,0.0719017063249012,0.0841470045239105,0.0818943106617986,0.0744866300685263,0.0828077354405048,0.0835543212448878,0.0792562050893297,0.0803637702154365,0.0826991999935089,0.0787655919310959,0.0775364006248658,0.0806004889338136,0.060915825200225,0.0692108088070731,0.0692108088070731,0.060915825200225,0.0609158252002246,0.0692108088070731,0.060915825200225,0.0609158252002246,0.0692108088070731,0.060915825200225,0.060915825200225,0.060915825200225,0.0692108088070731,0.0692108088070731,0.0692108088070731,0.060915825200225,0.069210808807075,0.0609158252002255,0.0609158252002254,0.0609158252002254,0.0609158252002254,0.0609158252002254,0.0609158252002254,0.0609158252002255,0.0609158252002256,0.0609158252002256,0.0609158252002256,0.0609158252002255,0.0609158252002256,0.0609158252002255,0.0609158252002256,0.0692108088070762,0.0609158252002256,0.0609158252002256,0.0609158252002256,0.0609158252002255,0.0609158252002256,0.0609158252002253,0.0609158252002253,0.060915825200225,0.060915825200225,0.0692108088070731,0.060915825200225,0.0823102016362381,0.0692108088070731,0.060915825200225,0.060915825200225,0.060915825200225,0.060915825200225,0.0692108088070731
"83",0.060915825200225,0.060915825200225,0.060915825200225,0.060915825200225,0.060915825200225,0.060915825200225,0.060915825200225,0.060915825200225,0.060915825200225,0.060915825200225,0.060915825200225,0.060915825200225,0.060915825200225,0.060915825200225,0.060915825200225,0.060915825200225,0.060915825200225,0.060915825200225,0.060915825200225,0.060915825200225,0.060915825200225,0.060915825200225,0.060915825200225,0.060915825200225,0.060915825200225,0.060915825200225,0.060915825200225,0.060915825200225,0.060915825200225,0.060915825200225,0.060915825200225,0.060915825200225,0.060915825200225,0.060915825200225,0.060915825200225,0.060915825200225,0.060915825200225,0.060915825200225,0.060915825200225,0.060915825200225,0.060915825200225,0.060915825200225,0.060915825200225,0.060915825200225,0.060915825200225,0.060915825200225,0.060915825200225,0.060915825200225,0.060915825200225,0.060915825200225,0.060915825200225,0.060915825200225,0.060915825200225,0.060915825200225,0.060915825200225,0.060915825200225,0.060915825200225,0.060915825200225,0.060915825200225,0.060915825200225,0.060915825200225,0.060915825200225,0.060915825200225,0.060915825200225,0.060915825200225,0.060915825200225,0.060915825200225,0.060915825200225,0.060915825200225,0.060915825200225,0.060915825200225,0.060915825200225,0.060915825200225,0.060915825200225,0.060915825200225,0.060915825200225,0.0609171627409114,0.0609171627409114,0.0609171627409114,0.0609171627409114,0.0609171627409114,0.0609171627409114,1,0.0609171627409114,0.0609171627409114,0.0609171627409114,0.0609171627409114,0.060915825200225,0.060915825200225,0.060915825200225,0.060915825200225,0.060915825200225,0.060915825200225,0.060915825200225,0.060915825200225,0.060915825200225,0.060915825200225,0.060915825200225,0.060915825200225,0.060915825200225,0.060915825200225,0.060915825200225,0.060915825200225,0.060915825200225,0.060915825200225,0.060915825200225,0.060915825200225,0.060915825200225,0.060915825200225,0.060915825200225,0.060915825200225,0.060915825200225,0.060915825200225,0.060915825200225,0.060915825200225,0.060915825200225,0.060915825200225,0.060915825200225,0.060915825200225,0.060915825200225,0.060915825200225,0.060915825200225,0.060915825200225,0.060915825200225,0.060915825200225,0.060915825200225,0.060915825200225,0.060915825200225,0.060915825200225,0.060915825200225,0.060915825200225,0.060915825200225,0.060915825200225,0.060915825200225,0.060915825200225,0.060915825200225,0.060915825200225,0.060915825200225,0.060915825200225,0.060915825200225,0.060915825200225,0.060915825200225,0.060915825200225,0.060915825200225,0.060915825200225,0.060915825200225,0.060915825200225,0.060915825200225,0.060915825200225,0.060915825200225,0.060915825200225,0.060915825200225,0.060915825200225,0.060915825200225,0.060915825200225,0.060915825200225,0.0692108088070731,0.060915825200225,0.060915825200225,0.060915825200225,0.0692108088070731,0.060915825200225,0.060915825200225,0.060915825200225,0.060915825200225,0.060915825200225,0.060915825200225,0.060915825200225,0.060915825200225,0.060915825200225,0.060915825200225,0.060915825200225,0.060915825200225,0.060915825200225,0.060915825200225,0.060915825200225,0.060915825200225,0.060915825200225,0.060915825200225,0.060915825200225,0.060915825200225,0.060915825200225,0.060915825200225,0.060915825200225,0.060915825200225,0.060915825200225,0.060915825200225,0.060915825200225,0.060915825200225,0.060915825200225,0.0692108088070731,0.0692108088070731,0.060915825200225,0.060915825200225,0.060915825200225
"84",0.0636024779551485,0.060915825200225,0.0636372432393247,0.0861977670463715,0.063988029021972,0.0875746382905696,0.060915825200225,0.0837522904519296,0.0692108088070731,0.060915825200225,0.063506161877315,0.060915825200225,0.0637493546458142,0.0852403541159106,0.087403835551842,0.0867782432818524,0.0852763560322903,0.08326324527188,0.063450476304239,0.0639907618998052,0.06416875157882,0.0643822009090871,0.0638483054558326,0.0641487418797065,0.063329030481586,0.063528382920536,0.060915825200225,0.0640680316823691,0.0668920345935693,0.0648538422227513,0.063349973569646,0.0920004771577958,0.0638050720132491,0.0635020516306874,0.0831668163927468,0.0795147327663524,0.0633587296568452,0.0633296883515076,0.0816233194710616,0.063729241235835,0.0637392932678976,0.060915825200225,0.0635409112766417,0.0800614428115389,0.0835416706029478,0.0634618167301628,0.063108510838456,0.0631975878673343,0.0638280043424823,0.063636304967674,0.0641995857802887,0.0869033457659261,0.0634527296289276,0.0814668133485668,0.0634189047313982,0.0835544180003004,0.150298832375202,0.0748459499053487,0.0760930209466964,0.060915825200225,0.0761162572871273,0.0716196554955436,0.0789922589491572,0.179936131443069,0.0780932870798001,0.192089998247652,0.0771986439329096,0.0784953401573469,0.0781770592960839,0.0692108088070731,0.0780932870798002,0.17510104857578,0.0692108088070731,0.0782348969364876,0.0770624202483308,0.0779049114356906,0.410775157798869,0.167822813784304,0.218413359030479,0.170626849367826,0.491438404711719,0.294556985374282,0.0609171627409114,1,0.200340298309359,0.195752517923314,0.15590160212217,0.0743258130899226,0.0752763376565576,0.0692108088070731,0.0692108088070731,0.0745234744740646,0.0725138872895878,0.117509431652031,0.123620521189069,0.117586855479373,0.0683657670329967,0.110998699867718,0.0681393605697073,0.109307711876027,0.0697745937604799,0.0710613561527743,0.0750327821041724,0.111259406266531,0.109307711876027,0.0745334348420362,0.0727031637950207,0.071929931216869,0.0729741040718637,0.0744010865461748,0.070803359764429,0.0726781492962448,0.078279579789452,0.0727167648436998,0.0742457576383765,0.0692108088070731,0.0681554280385798,0.0728240254110767,0.072736424444565,0.060915825200225,0.060915825200225,0.0741850372160855,0.0741717022716205,0.0727364244445651,0.0711582429770823,0.060915825200225,0.0713744641383566,0.0707198373184868,0.0717030804829125,0.071989688808331,0.0707682452542941,0.0692108088070731,0.0724487940596705,0.0663756646034692,0.0724487940596705,0.0713378120241083,0.0676603379355086,0.0717796540050824,0.0721656079770084,0.0700311977726236,0.0705811998116136,0.0717427776570833,0.0697873188965931,0.0691765798563264,0.0706984448104531,0.060915825200225,0.0692108088070731,0.0692108088070731,0.060915825200225,0.0609158252002251,0.0692108088070731,0.060915825200225,0.0609158252002251,0.0692108088070731,0.060915825200225,0.060915825200225,0.060915825200225,0.0692108088070731,0.0692108088070731,0.0692108088070731,0.060915825200225,0.0692108088070745,0.0609158252002254,0.0609158252002253,0.0609158252002253,0.0609158252002253,0.0609158252002253,0.0609158252002254,0.0609158252002255,0.0609158252002256,0.0609158252002256,0.0609158252002256,0.0609158252002256,0.0609158252002256,0.0609158252002256,0.0609158252002256,0.0692108088070765,0.0609158252002256,0.0609158252002256,0.0609158252002256,0.0609158252002256,0.0609158252002256,0.0609158252002252,0.0609158252002253,0.060915825200225,0.060915825200225,0.0692108088070731,0.060915825200225,0.0933440257979018,0.0692108088070731,0.060915825200225,0.060915825200225,0.060915825200225,0.060915825200225,0.0692108088070731
"85",0.0655732760104787,0.060915825200225,0.0656335434196769,0.0659746617408608,0.0662416486259124,0.0663847037544916,0.060915825200225,0.065246381481326,0.060915825200225,0.060915825200225,0.0654063071329699,0.060915825200225,0.0658278943122652,0.0656895373855254,0.0663338374885161,0.0661475316772945,0.0657002590113489,0.0651007403611205,0.0653097733263709,0.0662463862102748,0.0665549404784901,0.0669249658769635,0.0659994306336042,0.0665202526353449,0.0650992407429987,0.0654448284549247,0.060915825200225,0.06638033735478,0.0712758917292016,0.0677425803656417,0.0651355466639165,0.0677027499325698,0.0659244832360207,0.0653991818089204,0.0650720231575777,0.0639844067733846,0.0651507257916796,0.0651003811943632,0.0646123588364094,0.0657930266809967,0.0658104523958714,0.060915825200225,0.0654665470049641,0.0641472208990661,0.0651836573977553,0.0653294325383068,0.0647169585933276,0.0648713782069393,0.0659642376088826,0.0656319168774855,0.066608393153515,0.066184788083582,0.0653136795806783,0.0645657502040598,0.0652550423801259,0.100160990838553,0.0850644132437943,0.0850644132437944,0.0872262750703074,0.060915825200225,0.0872665564622248,0.0794714658539554,0.0922522533471518,0.0938906109289884,0.0906938393490432,0.097510118590976,0.0891429294140944,0.0913908190492863,0.0908390627970278,0.060915825200225,0.0906938393490434,0.092450688987611,0.060915825200225,0.0909393273230882,0.0889067786465805,0.0903672804758574,0.200340298309359,0.2462436103661,0.199746784546401,0.251104550350441,0.233266354213195,0.241816216525182,0.0609171627409114,0.200340298309359,1,0.179771724355627,0.225577576464538,0.0841627293071537,0.0858105125589805,0.060915825200225,0.060915825200225,0.0845053854885454,0.0810216626875782,0.0752994973484907,0.0771194231184568,0.0753225547129308,0.0738306827536544,0.0733605552852466,0.073438195498291,0.0728569670782442,0.0762729563862978,0.0785036252122596,0.0853882964751498,0.0734381954982911,0.0728569670782442,0.0845226522990009,0.0813497832502272,0.0800093447841747,0.0818194721631688,0.0842932197172632,0.0780563751961414,0.0813064193293117,0.0910167873481559,0.0813733613680446,0.0840239490621126,0.060915825200225,0.0734660492824391,0.0815593030813984,0.0814074422978599,0.060915825200225,0.0609158252002251,0.0839186870852977,0.0838955702728295,0.0814074422978599,0.0786715835081522,0.0609158252002251,0.0790464140183198,0.0779115847378976,0.0796160873627476,0.0801129376441987,0.0779955023857717,0.060915825200225,0.0809088202237107,0.0703807377781073,0.0809088202237107,0.078982875692092,0.0726077851106102,0.0797488315040291,0.0804179025761919,0.0767177926466144,0.0776712494852173,0.0796849044570546,0.0762950160646055,0.0752362685086629,0.0778744997243272,0.060915825200225,0.060915825200225,0.060915825200225,0.060915825200225,0.0609158252002247,0.060915825200225,0.060915825200225,0.0609158252002247,0.060915825200225,0.060915825200225,0.060915825200225,0.060915825200225,0.060915825200225,0.060915825200225,0.060915825200225,0.060915825200225,0.0609158252002255,0.0609158252002256,0.0609158252002255,0.0609158252002255,0.0609158252002255,0.0609158252002255,0.0609158252002255,0.0609158252002256,0.0609158252002256,0.0609158252002256,0.0609158252002257,0.0609158252002256,0.0609158252002257,0.0609158252002256,0.0609158252002256,0.0609158252002256,0.0609158252002256,0.0609158252002256,0.0609158252002256,0.0609158252002256,0.0609158252002256,0.0609158252002254,0.0609158252002254,0.060915825200225,0.060915825200225,0.060915825200225,0.060915825200225,0.0895006096640403,0.060915825200225,0.060915825200225,0.060915825200225,0.060915825200225,0.060915825200225,0.060915825200225
"86",0.0632061261183281,0.060915825200225,0.0632357626101008,0.0634035075066158,0.0635347982776549,0.0636051456212281,0.060915825200225,0.063045375769963,0.060915825200225,0.060915825200225,0.082064827718455,0.060915825200225,0.0633313346399219,0.0632632976365811,0.0635801321405901,0.0634885162786361,0.0632685699948873,0.062973756765295,0.0817884993879563,0.0635371279842382,0.0636888595113265,0.0638708194598846,0.0634156876068681,0.0636718017683165,0.0629730193282506,0.063142962047166,0.0692108088070731,0.0636029984446553,0.0660103867639679,0.0642728812937861,0.0629908727608252,0.0642532946827514,0.0633788322324398,0.0631205153140685,0.0629596350836457,0.0624247998476455,0.0629983370952148,0.062973580145082,0.062733595204819,0.0633141884861223,0.0633227575794744,0.0692108088070731,0.0631536421417328,0.0625048636758469,0.063014531208841,0.0630862161179991,0.0800915653163766,0.062860967951478,0.063398381440874,0.0632349627581587,0.0637151448583268,0.0635068371122858,0.0630784696028369,0.0627106754150433,0.0630496347659849,0.0802146310394185,0.0727908906857015,0.138336219407684,0.0738539859985237,0.060915825200225,0.0738737943685204,0.0700405594285972,0.0763255102573511,0.0771311724160595,0.0755591603470528,0.0789110649064087,0.0747965005589783,0.0759019000371539,0.0756305739614526,0.060915825200225,0.0755591603470529,0.076423090961484,0.060915825200225,0.0756798790309949,0.07468037344531,0.0753985750574719,0.195752517923314,0.152051422755171,0.267838510308118,0.154441789452009,0.227595127289747,0.149874252326156,0.0609171627409114,0.195752517923314,0.179771724355627,1,0.14188890288182,0.0723474877101112,0.0731577849409891,0.060915825200225,0.060915825200225,0.0725159888492125,0.0708028685491723,0.0679889943798914,0.068883942674925,0.068000332836292,0.0672667049661906,0.0670355198358715,0.0670736994020044,0.0667878803910701,0.0684676927535001,0.0695646239006509,0.0729501602287089,0.0670736994020045,0.06678788039107,0.0725244798013344,0.0709642217993736,0.0703050613327286,0.0711951912700906,0.0724116563547743,0.069344688754953,0.0709428975960849,0.0757179699897092,0.070975816336189,0.0722792425400426,0.060915825200225,0.0670873964972633,0.071067253153057,0.0709925756296365,0.060915825200225,0.060915825200225,0.0722274799746475,0.0722161122846865,0.0709925756296365,0.0696472173739829,0.060915825200225,0.0698315402356822,0.06927348806321,0.0701116770394657,0.0703560031101271,0.069314754557222,0.060915825200225,0.0707473782801123,0.065570194908047,0.0707473782801123,0.0698002952708243,0.0666653451861921,0.0701769539561817,0.0705059695815277,0.068686440935053,0.0691553032294263,0.07014551783794,0.0684785405978563,0.0679579016049379,0.0692552515119103,0.060915825200225,0.060915825200225,0.060915825200225,0.060915825200225,0.0609158252002251,0.060915825200225,0.060915825200225,0.0609158252002251,0.060915825200225,0.060915825200225,0.060915825200225,0.060915825200225,0.060915825200225,0.060915825200225,0.060915825200225,0.060915825200225,0.0609158252002249,0.060915825200225,0.0609158252002249,0.0609158252002249,0.0609158252002249,0.0609158252002249,0.0609158252002249,0.060915825200225,0.060915825200225,0.060915825200225,0.060915825200225,0.060915825200225,0.060915825200225,0.060915825200225,0.060915825200225,0.060915825200225,0.060915825200225,0.060915825200225,0.060915825200225,0.060915825200225,0.060915825200225,0.0609158252002249,0.0609158252002249,0.060915825200225,0.060915825200225,0.060915825200225,0.060915825200225,0.103520580901842,0.060915825200225,0.060915825200225,0.060915825200225,0.060915825200225,0.060915825200225,0.060915825200225
"87",0.0658414106526187,0.0692108088070731,0.098253930168005,0.0662659046075554,0.06654826222561,0.0666995531976303,0.0692108088070731,0.0654956964405187,0.060915825200225,0.0692108088070731,0.0656648291904487,0.0692108088070731,0.0661106876142629,0.0659643653248062,0.066645758503942,0.0664487268592001,0.065975704206597,0.0653416705984475,0.0655627378248455,0.102026700544396,0.103926216081645,0.106204158946095,0.100506397624559,0.0668429057788642,0.0653400846456362,0.0970921669237906,0.060915825200225,0.102851327867465,0.0718723323239512,0.068135604281047,0.0951881726254576,0.0680934807654817,0.100045007973364,0.0656572936535396,0.0653113001134405,0.064161068439931,0.0653945337460414,0.0653412907540592,0.0648251724041909,0.0992357377915403,0.0993430136245524,0.060915825200225,0.0972258702217063,0.064333255956573,0.0654293612614394,0.0963817689188673,0.0649357940858768,0.0650991038090188,0.100289743038485,0.0982439168819068,0.104255280357127,0.0664881281583857,0.0962847908801384,0.0647758804608488,0.0959238097335987,0.102788333209878,0.0866810864707403,0.0866810864707403,0.0889487233599275,0.060915825200225,0.0889916418262755,0.0806862353339393,0.0940767866612969,0.0920313486334614,0.0915779282134428,0.097330413856245,0.0907108570145213,0.0933191760035113,0.0927476786853265,0.060915825200225,0.091577928213443,0.0937599413453769,0.060915825200225,0.0928253679045297,0.0905817576330911,0.0921824258222474,0.15590160212217,0.466951364748155,0.15549726053417,0.475051789867098,0.178333051166195,0.224082865866347,0.0609171627409114,0.15590160212217,0.225577576464538,0.14188890288182,1,0.0855164529976134,0.0872835077263408,0.060915825200225,0.060915825200225,0.0859196419815316,0.0821721479770552,0.0761279953962274,0.0780506022032546,0.0761475372345241,0.0745754602076188,0.0740766292147446,0.074155860236465,0.0735413212584357,0.0771530830132398,0.177500310309572,0.0868200776092995,0.0741558602364651,0.0735413212584356,0.0860107713572559,0.0825855910399348,0.0812012524666569,0.0831106044913707,0.085760940559339,0.0791192436903404,0.08256072936461,0.092926342559541,0.0826485797837208,0.0854674712431705,0.060915825200225,0.0742488479595917,0.0828669765541148,0.0827073965659724,0.060915825200225,0.0609158252002251,0.0853735487668389,0.0853465332620243,0.0827073965659725,0.0797979794234179,0.0609158252002251,0.0801478995664332,0.0789521162821095,0.0807647059593943,0.0812661826206173,0.0790568473331101,0.060915825200225,0.0821308694258776,0.0709702609758051,0.0821308694258776,0.0801007421935187,0.0733360202144222,0.0808921186284405,0.0816302854622437,0.0777028354544085,0.0787148630655853,0.0808555935473346,0.0772536332228306,0.0761292228036291,0.0789300350705622,0.060915825200225,0.060915825200225,0.060915825200225,0.060915825200225,0.0609158252002247,0.060915825200225,0.0692108088070731,0.0609158252002247,0.060915825200225,0.0692108088070731,0.060915825200225,0.060915825200225,0.060915825200225,0.060915825200225,0.060915825200225,0.060915825200225,0.0609158252002254,0.0609158252002255,0.0609158252002254,0.0609158252002254,0.0609158252002255,0.0609158252002254,0.0609158252002255,0.0609158252002255,0.0609158252002255,0.0609158252002255,0.0609158252002255,0.0609158252002255,0.0609158252002255,0.0609158252002255,0.0692108088070756,0.0609158252002255,0.0609158252002255,0.0609158252002255,0.0609158252002255,0.0609158252002255,0.0609158252002255,0.0609158252002254,0.0609158252002254,0.060915825200225,0.060915825200225,0.060915825200225,0.0692108088070731,0.0803897074656017,0.060915825200225,0.060915825200225,0.060915825200225,0.0692108088070731,0.060915825200225,0.060915825200225
"88",0.0687109580466635,0.060915825200225,0.0688118270585212,0.0693827536744561,0.0698296071833868,0.0700690372443948,0.060915825200225,0.0681638376614289,0.060915825200225,0.060915825200225,0.0684315037626734,0.060915825200225,0.0691371103708469,0.0689055436473099,0.0699839028400106,0.0696720845068281,0.0689234883344437,0.0679200794498757,0.0682699360130029,0.0698375364350273,0.0703539608931833,0.0709732690201319,0.0694242091438239,0.0702959041672002,0.0679175695527321,0.0684959765470967,0.060915825200225,0.070061729241111,0.0782553738463371,0.0723417029158546,0.0679783344406923,0.072275039084121,0.0692987703695964,0.068419578172944,0.0678720157288157,0.0660516821287091,0.0680037396080756,0.0679194783157573,0.0671026797563591,0.0690787527351239,0.0691079179948179,0.060915825200225,0.068532326685764,0.0663241826425447,0.0680588569361287,0.0683028394563103,0.0672777474133446,0.0675361981090663,0.0693653069000535,0.068809104729724,0.0704434241467505,0.069734440213462,0.0682764738751284,0.067024671314453,0.0681783333285781,0.0948096226106054,0.0817715748851269,0.081771574885127,0.0877090137616353,0.060915825200225,0.0877500342281986,0.0798119209100326,0.0945090414763047,0.0839709988045803,0.0855561202277845,0.0899669322909562,0.103020682272129,0.253545622112137,0.239500504014381,0.060915825200225,0.0855561202277848,0.0929565556652699,0.060915825200225,0.241184231093747,0.256131367351037,0.247838212203018,0.0743258130899226,0.083795683024329,0.0742687277838057,0.0870151455766839,0.0774927050775812,0.088001475509286,0.060915825200225,0.0743258130899226,0.0841627293071537,0.0723474877101112,0.0855164529976134,1,0.458039681746059,0.0609171627409114,0.0609171627409114,0.236792955990628,0.198207841763394,0.161170094364586,0.173052162474622,0.159519594238714,0.151262762711402,0.147378657021453,0.146842395141856,0.142854157621179,0.166293783521634,0.184331043016306,0.239778037342681,0.146842395141856,0.142854157621178,0.244155862897883,0.092523475650305,0.0864753247561405,0.0903712621211268,0.0913123105915321,0.207211660067666,0.0901972649015087,0.0979475036708942,0.0884977823659433,0.248652271278857,0.060915825200225,0.0777851971557213,0.218237786693304,0.0861256165675033,0.060915825200225,0.0609158252002252,0.236682482129431,0.238031019378694,0.0861256165675033,0.0827598290374003,0.0609158252002252,0.088427872974632,0.0858513556395814,0.0879529994174064,0.0914402438904025,0.0842980809695094,0.060915825200225,0.0904607573800497,0.0737273188884609,0.0904607573800497,0.0861668304331167,0.0767418002805486,0.0895870349942936,0.0875600418960253,0.0822178138313274,0.0835955922561314,0.0861442655190205,0.0816554942916916,0.0801923087657552,0.0839495984255479,0.060915825200225,0.060915825200225,0.060915825200225,0.060915825200225,0.0609158252002247,0.060915825200225,0.060915825200225,0.0609158252002247,0.060915825200225,0.060915825200225,0.060915825200225,0.060915825200225,0.060915825200225,0.060915825200225,0.060915825200225,0.060915825200225,0.0609158252002255,0.0609158252002256,0.0609158252002255,0.0609158252002255,0.0609158252002256,0.0609158252002255,0.0609158252002256,0.0609158252002255,0.0609158252002255,0.0609158252002255,0.0609158252002255,0.0609158252002255,0.0609158252002255,0.0609158252002255,0.0609158252002255,0.0609158252002255,0.0609158252002255,0.0609158252002255,0.0609158252002255,0.0609158252002255,0.0609158252002255,0.0609158252002254,0.0609158252002255,0.060915825200225,0.060915825200225,0.060915825200225,0.060915825200225,0.0723474877101115,0.060915825200225,0.060915825200225,0.060915825200225,0.060915825200225,0.060915825200225,0.060915825200225
"89",0.0688358016513355,0.060915825200225,0.0689382861393229,0.069518356478417,0.0699723666072429,0.0702156312804982,0.060915825200225,0.0682799188136287,0.060915825200225,0.060915825200225,0.0685518717437939,0.060915825200225,0.0692687790538516,0.0690335036540088,0.0701291333989117,0.0698123211130302,0.0690517357357862,0.0680322566719695,0.0683877163922616,0.0699804228504788,0.0705051181479094,0.0711343448561695,0.0695604758813354,0.0704461316095562,0.0680297065773575,0.0686173770975102,0.060915825200225,0.0702082062352742,0.0785330768437093,0.0725246950198589,0.0680914446504833,0.0724569635279302,0.069433028131886,0.0685397551587809,0.0679834231823489,0.0661339358766135,0.0681172566964581,0.0680316459103372,0.067201765845023,0.0692094867865134,0.069239119144873,0.060915825200225,0.0686543094048757,0.0664108006453107,0.068173256760707,0.0684211468034282,0.0673796373127697,0.0676422272473113,0.0695006302837338,0.0689355202108402,0.0705960142077266,0.06987567548272,0.0683943589620669,0.0671225080523652,0.0682946466373523,0.097274090344694,0.0832880270414417,0.0832880270414418,0.0901908463840494,0.060915825200225,0.0902356665451458,0.0815622518443807,0.0962314888327251,0.0855440881060498,0.0872725427436717,0.0919010231568508,0.103850873626929,0.266802448606992,0.250869140403284,0.060915825200225,0.087272542743672,0.094578939120213,0.060915825200225,0.251934242205683,0.265340954816559,0.258579364040955,0.0752763376565576,0.0854284588412831,0.0752152060391164,0.0888775950835693,0.0786677047637248,0.0898958458860333,0.060915825200225,0.0752763376565576,0.0858105125589805,0.0731577849409891,0.0872835077263408,0.458039681746059,1,0.0609171627409114,0.0609171627409114,0.240253400882434,0.200486367362744,0.16277100827016,0.174867125703503,0.161149002265179,0.152695469855833,0.148767733076339,0.148255535923151,0.144201707179402,0.168026825098123,0.186276719286349,0.242383170813386,0.148255535923152,0.144201707179401,0.261803895347369,0.0939610734442319,0.0886619169050504,0.0924526709335755,0.0941799347717685,0.217696907693974,0.0921111207552183,0.102086944300975,0.090798887292951,0.264189387988205,0.060915825200225,0.0792078022356953,0.234510081840279,0.0889435940119827,0.060915825200225,0.0609158252002252,0.254514970781553,0.255523767445019,0.0889435940119827,0.085201575151578,0.0609158252002252,0.0898164423632546,0.0873343031803018,0.0896693545134242,0.0926147402028808,0.0861440227785691,0.060915825200225,0.0921602526033517,0.074781261117016,0.0921602526033517,0.0880097912929111,0.0780437299267795,0.0910096083091445,0.0896793194484643,0.0839959042299349,0.0854613516137592,0.0882717962565027,0.0833843982267941,0.0818097021826717,0.0858212522812962,0.060915825200225,0.060915825200225,0.060915825200225,0.060915825200225,0.0609158252002246,0.060915825200225,0.060915825200225,0.0609158252002246,0.060915825200225,0.060915825200225,0.060915825200225,0.060915825200225,0.060915825200225,0.060915825200225,0.060915825200225,0.060915825200225,0.0609158252002255,0.0609158252002256,0.0609158252002255,0.0609158252002255,0.0609158252002256,0.0609158252002255,0.0609158252002256,0.0609158252002256,0.0609158252002255,0.0609158252002256,0.0609158252002256,0.0609158252002255,0.0609158252002256,0.0609158252002255,0.0609158252002255,0.0609158252002256,0.0609158252002255,0.0609158252002256,0.0609158252002256,0.0609158252002255,0.0609158252002256,0.0609158252002254,0.0609158252002255,0.060915825200225,0.060915825200225,0.060915825200225,0.060915825200225,0.0731577849409894,0.060915825200225,0.060915825200225,0.060915825200225,0.060915825200225,0.060915825200225,0.060915825200225
"90",0.060915825200225,0.060915825200225,0.060915825200225,0.0692108088070731,0.060915825200225,0.0692108088070731,0.060915825200225,0.0692108088070731,0.0692108088070731,0.060915825200225,0.060915825200225,0.060915825200225,0.060915825200225,0.0692108088070731,0.0692108088070731,0.0692108088070731,0.0692108088070731,0.0692108088070731,0.060915825200225,0.060915825200225,0.060915825200225,0.060915825200225,0.060915825200225,0.060915825200225,0.060915825200225,0.060915825200225,0.060915825200225,0.060915825200225,0.060915825200225,0.060915825200225,0.060915825200225,0.0692108088070731,0.060915825200225,0.060915825200225,0.0692108088070731,0.0692108088070731,0.060915825200225,0.060915825200225,0.0692108088070731,0.060915825200225,0.060915825200225,0.060915825200225,0.060915825200225,0.0692108088070731,0.0692108088070731,0.060915825200225,0.060915825200225,0.060915825200225,0.060915825200225,0.060915825200225,0.060915825200225,0.0692108088070731,0.060915825200225,0.0692108088070731,0.060915825200225,0.060915825200225,0.0692108088070731,0.060915825200225,0.060915825200225,0.060915825200225,0.060915825200225,0.060915825200225,0.060915825200225,0.0692108088070731,0.060915825200225,0.0692108088070731,0.060915825200225,0.060915825200225,0.060915825200225,0.0692108088070731,0.060915825200225,0.0692108088070731,0.0692108088070731,0.060915825200225,0.060915825200225,0.060915825200225,0.0692108088070731,0.060915825200225,0.060915825200225,0.060915825200225,0.0692108088070731,0.0692108088070731,0.060915825200225,0.0692108088070731,0.060915825200225,0.060915825200225,0.060915825200225,0.0609171627409114,0.0609171627409114,1,0.0692121463477595,0.0609171627409114,0.0609171627409114,0.0692121463477595,0.0692121463477595,0.0692121463477595,0.0609171627409114,0.0692121463477595,0.0609171627409114,0.0692121463477595,0.0609171627409114,0.0609171627409114,0.0609171627409114,0.0692121463477595,0.0692121463477595,0.060915825200225,0.060915825200225,0.060915825200225,0.060915825200225,0.060915825200225,0.060915825200225,0.060915825200225,0.060915825200225,0.060915825200225,0.060915825200225,0.0692108088070731,0.060915825200225,0.060915825200225,0.060915825200225,0.060915825200225,0.060915825200225,0.060915825200225,0.060915825200225,0.060915825200225,0.060915825200225,0.060915825200225,0.060915825200225,0.060915825200225,0.060915825200225,0.060915825200225,0.060915825200225,0.0692108088070731,0.060915825200225,0.060915825200225,0.060915825200225,0.060915825200225,0.060915825200225,0.060915825200225,0.060915825200225,0.060915825200225,0.060915825200225,0.060915825200225,0.060915825200225,0.060915825200225,0.060915825200225,0.060915825200225,0.0692108088070731,0.0692108088070731,0.060915825200225,0.060915825200225,0.0692108088070731,0.060915825200225,0.060915825200225,0.0692108088070731,0.060915825200225,0.060915825200225,0.060915825200225,0.0692108088070731,0.0692108088070731,0.0692108088070731,0.060915825200225,0.0692108088070731,0.060915825200225,0.060915825200225,0.060915825200225,0.060915825200225,0.060915825200225,0.060915825200225,0.060915825200225,0.060915825200225,0.060915825200225,0.060915825200225,0.060915825200225,0.060915825200225,0.060915825200225,0.060915825200225,0.0692108088070731,0.060915825200225,0.060915825200225,0.060915825200225,0.060915825200225,0.060915825200225,0.060915825200225,0.060915825200225,0.060915825200225,0.060915825200225,0.0692108088070731,0.060915825200225,0.060915825200225,0.0692108088070731,0.060915825200225,0.060915825200225,0.060915825200225,0.060915825200225,0.0692108088070731
"91",0.060915825200225,0.060915825200225,0.060915825200225,0.0692108088070731,0.060915825200225,0.0692108088070731,0.060915825200225,0.0692108088070731,0.0692108088070731,0.060915825200225,0.060915825200225,0.060915825200225,0.060915825200225,0.0692108088070731,0.0692108088070731,0.0692108088070731,0.0692108088070731,0.0692108088070731,0.060915825200225,0.060915825200225,0.060915825200225,0.060915825200225,0.060915825200225,0.060915825200225,0.060915825200225,0.060915825200225,0.060915825200225,0.060915825200225,0.060915825200225,0.060915825200225,0.060915825200225,0.0692108088070731,0.060915825200225,0.060915825200225,0.0692108088070731,0.0692108088070731,0.060915825200225,0.060915825200225,0.0692108088070731,0.060915825200225,0.060915825200225,0.060915825200225,0.060915825200225,0.0692108088070731,0.0692108088070731,0.060915825200225,0.060915825200225,0.060915825200225,0.060915825200225,0.060915825200225,0.060915825200225,0.0692108088070731,0.060915825200225,0.0692108088070731,0.060915825200225,0.060915825200225,0.0692108088070731,0.060915825200225,0.060915825200225,0.060915825200225,0.060915825200225,0.060915825200225,0.060915825200225,0.0692108088070731,0.060915825200225,0.0692108088070731,0.060915825200225,0.060915825200225,0.060915825200225,0.0692108088070731,0.060915825200225,0.0692108088070731,0.0692108088070731,0.060915825200225,0.060915825200225,0.060915825200225,0.0692108088070731,0.060915825200225,0.060915825200225,0.060915825200225,0.0692108088070731,0.0692108088070731,0.060915825200225,0.0692108088070731,0.060915825200225,0.060915825200225,0.060915825200225,0.0609171627409114,0.0609171627409114,0.0692121463477595,1,0.0609171627409114,0.0609171627409114,0.0692121463477595,0.0692121463477595,0.0692121463477595,0.0609171627409114,0.0692121463477595,0.0609171627409114,0.0692121463477595,0.0609171627409114,0.0609171627409114,0.0609171627409114,0.0692121463477595,0.0692121463477595,0.060915825200225,0.060915825200225,0.060915825200225,0.060915825200225,0.060915825200225,0.060915825200225,0.060915825200225,0.060915825200225,0.060915825200225,0.060915825200225,0.0692108088070731,0.060915825200225,0.060915825200225,0.060915825200225,0.060915825200225,0.060915825200225,0.060915825200225,0.060915825200225,0.060915825200225,0.060915825200225,0.060915825200225,0.060915825200225,0.060915825200225,0.060915825200225,0.060915825200225,0.060915825200225,0.0692108088070731,0.060915825200225,0.060915825200225,0.060915825200225,0.060915825200225,0.060915825200225,0.060915825200225,0.060915825200225,0.060915825200225,0.060915825200225,0.060915825200225,0.060915825200225,0.060915825200225,0.060915825200225,0.060915825200225,0.0692108088070731,0.0692108088070731,0.060915825200225,0.060915825200225,0.0692108088070731,0.060915825200225,0.060915825200225,0.0692108088070731,0.060915825200225,0.060915825200225,0.060915825200225,0.0692108088070731,0.0692108088070731,0.0692108088070731,0.060915825200225,0.0692108088070731,0.060915825200225,0.060915825200225,0.060915825200225,0.060915825200225,0.060915825200225,0.060915825200225,0.060915825200225,0.060915825200225,0.060915825200225,0.060915825200225,0.060915825200225,0.060915825200225,0.060915825200225,0.060915825200225,0.0692108088070731,0.060915825200225,0.060915825200225,0.060915825200225,0.060915825200225,0.060915825200225,0.060915825200225,0.060915825200225,0.060915825200225,0.060915825200225,0.0692108088070731,0.060915825200225,0.060915825200225,0.0692108088070731,0.060915825200225,0.060915825200225,0.060915825200225,0.060915825200225,0.0692108088070731
"92",0.0684675936794172,0.060915825200225,0.0685653135565868,0.0691184158201511,0.0695513185442017,0.0697832735888828,0.060915825200225,0.0679375544150543,0.060915825200225,0.060915825200225,0.0681968639696373,0.060915825200225,0.0688804415105576,0.068656104309629,0.0697007970840959,0.0693987137320671,0.0686734887628943,0.0677014063448654,0.0680403403717396,0.0695590002442806,0.0700593019096677,0.070659275211487,0.0691585770480645,0.0700030577170514,0.0676989748068136,0.0682593239110862,0.060915825200225,0.0697761937417613,0.0777140324262839,0.071984986544848,0.067757842612479,0.0719204039606758,0.0690370544775144,0.0681853106973086,0.0676548431751486,0.0658913404647131,0.0677824546294943,0.0677008239781789,0.0669095259033127,0.0688239058026159,0.0688521605217058,0.060915825200225,0.0682945391969331,0.066155333501328,0.0678358511923046,0.0680722165681972,0.0670791279408653,0.0673295097952641,0.069101513734761,0.0685626762190063,0.0701459721167885,0.069459122690982,0.0680466741215414,0.0668339528881631,0.0679515975268804,0.0954171351369534,0.0821453934049743,0.0821453934049744,0.089117994259306,0.060915825200225,0.0891611718800004,0.0808056148959579,0.0938578505539032,0.0842044889425353,0.0858668845017249,0.0901774191823633,0.0998921720984757,0.093106552803877,0.0903913010568977,0.060915825200225,0.0858668845017252,0.0922998482018418,0.060915825200225,0.0904641814165119,0.0922925087377234,0.0914804622994155,0.0745234744740646,0.0841520889935943,0.0744655477383571,0.0874215682053323,0.0777370460157137,0.0883563183180623,0.060915825200225,0.0745234744740646,0.0845053854885454,0.0725159888492125,0.0859196419815316,0.236792955990628,0.240253400882434,0.0609171627409114,0.0609171627409114,1,0.192993598685885,0.158094841864015,0.169329517323563,0.155856575957682,0.148607794204111,0.144628758124334,0.143729193282596,0.139885455673268,0.162475828276471,0.180837335959145,0.237213424044309,0.143729193282596,0.139885455673267,0.0932138768495218,0.0930780550269396,0.0879798906439643,0.0916529735978537,0.0933771961248702,0.0857845820012033,0.0913112919957119,0.101129174770857,0.090061064378377,0.0935896622234385,0.060915825200225,0.0787570193790397,0.0886483983350242,0.088291580086896,0.060915825200225,0.0609158252002251,0.0920003952188218,0.0921650698361787,0.0882915800868961,0.0846366123371704,0.0609158252002251,0.0890521344090299,0.0866485912438953,0.0889292392495327,0.0917552967144965,0.0855152656223405,0.060915825200225,0.0913459842557497,0.0744380853056381,0.0913459842557497,0.0873260758793925,0.0776198065364863,0.0902123316545326,0.088963341618822,0.0834261002008943,0.0848538387311341,0.087597642623168,0.0828295652657001,0.0812943399695159,0.0852035303894861,0.060915825200225,0.060915825200225,0.060915825200225,0.060915825200225,0.0609158252002247,0.060915825200225,0.060915825200225,0.0609158252002247,0.060915825200225,0.060915825200225,0.060915825200225,0.060915825200225,0.060915825200225,0.060915825200225,0.060915825200225,0.060915825200225,0.0609158252002255,0.0609158252002255,0.0609158252002255,0.0609158252002255,0.0609158252002255,0.0609158252002255,0.0609158252002255,0.0609158252002255,0.0609158252002255,0.0609158252002255,0.0609158252002255,0.0609158252002255,0.0609158252002255,0.0609158252002255,0.0609158252002255,0.0609158252002255,0.0609158252002255,0.0609158252002255,0.0609158252002255,0.0609158252002255,0.0609158252002255,0.0609158252002254,0.0609158252002254,0.060915825200225,0.060915825200225,0.060915825200225,0.060915825200225,0.0725159888492128,0.060915825200225,0.060915825200225,0.060915825200225,0.060915825200225,0.060915825200225,0.060915825200225
"93",0.072815730265659,0.060915825200225,0.072969715026252,0.0738412809973257,0.074523439267003,0.0748889487524646,0.060915825200225,0.0719805064443449,0.060915825200225,0.060915825200225,0.0723891205445522,0.060915825200225,0.0734662864910752,0.0731127810305922,0.0747589841514845,0.0742829680738076,0.073140175056779,0.071608389684625,0.072142474217852,0.0745355439153293,0.0753239079043191,0.0762693321917712,0.0739045661471286,0.0752352795844152,0.0716045581222483,0.0724875435001393,0.060915825200225,0.0748777924903445,0.0873860582072815,0.0783583579682672,0.0716973206719421,0.0782565902005389,0.0737130736435062,0.0723709151607021,0.0715350165004891,0.0687561290260332,0.0717361037287536,0.0716074720044416,0.0703605624897612,0.0733771988079494,0.0734217219518655,0.060915825200225,0.0725430349468894,0.0691721232507378,0.0718202448183555,0.0721927040034625,0.0706278175243057,0.0710223635575511,0.0738146470754699,0.0729655591696578,0.0754604808460852,0.0743781591377507,0.0721524547967793,0.0702414762507869,0.072002635260663,0.09017591351851,0.0789203311673663,0.0789203311673664,0.0835808328883788,0.060915825200225,0.083615533095407,0.0769004906146177,0.0905442235823134,0.0809091050675208,0.0822530447690087,0.0861506747826125,0.0992095490383065,0.0882753960726289,0.086322276358449,0.060915825200225,0.0822530447690089,0.0891928067357861,0.060915825200225,0.0866829577583811,0.0892931307514843,0.0877435538047406,0.0725138872895879,0.0806946134006709,0.0724645152148192,0.0834777863567605,0.0752528763330745,0.0843639649622263,0.060915825200225,0.0725138872895878,0.0810216626875782,0.0708028685491723,0.0821721479770552,0.198207841763394,0.200486367362744,0.0609171627409114,0.0609171627409114,0.192993598685885,1,0.212070471442488,0.239774688315774,0.231671954163734,0.193106065961353,0.194657429980121,0.206989244246666,0.200209278223807,0.24005642031845,0.236886582773136,0.229483390304022,0.206989244246667,0.200209278223807,0.0862189528897442,0.0895661949403967,0.0828913122831565,0.0867515885206101,0.0867388347812008,0.0815629376545406,0.0867797813473714,0.0916235587424976,0.0846983111095801,0.0873823470715092,0.060915825200225,0.0754436716670677,0.0822224604980876,0.0818205097279818,0.060915825200225,0.0609158252002252,0.084950314637636,0.0852405446029061,0.0818205097279818,0.0790295018422288,0.0609158252002252,0.0856939486811463,0.0831121144486548,0.0848566239431739,0.0888333359628596,0.0811991631716893,0.060915825200225,0.0872822148150516,0.0719798542198456,0.0872822148150516,0.0829955229283874,0.0745831657784182,0.0867664550696659,0.0840103880902809,0.0792823612729368,0.0805021128705845,0.0826424732649118,0.0788001498411871,0.0775262233127834,0.0808348837453368,0.060915825200225,0.060915825200225,0.060915825200225,0.060915825200225,0.0609158252002245,0.060915825200225,0.060915825200225,0.0609158252002245,0.060915825200225,0.060915825200225,0.060915825200225,0.060915825200225,0.060915825200225,0.060915825200225,0.060915825200225,0.060915825200225,0.0609158252002252,0.0609158252002252,0.0609158252002252,0.0609158252002252,0.0609158252002252,0.0609158252002252,0.0609158252002252,0.0609158252002252,0.0609158252002252,0.0609158252002252,0.0609158252002252,0.0609158252002252,0.0609158252002252,0.0609158252002252,0.0609158252002252,0.0609158252002252,0.0609158252002252,0.0609158252002252,0.0609158252002252,0.0609158252002252,0.0609158252002252,0.0609158252002251,0.0609158252002252,0.060915825200225,0.060915825200225,0.060915825200225,0.060915825200225,0.0708028685491725,0.060915825200225,0.060915825200225,0.060915825200225,0.060915825200225,0.060915825200225,0.060915825200225
"94",0.0783603359627005,0.060915825200225,0.0785860679159089,0.179507599221852,0.0808637297199875,0.188447662352067,0.060915825200225,0.163629051950407,0.0692108088070731,0.060915825200225,0.0777349530012148,0.060915825200225,0.0793140103839219,0.173291090542445,0.187338635437996,0.18327664749902,0.173524851982847,0.160453668048986,0.0773733850326478,0.0808814743714655,0.0820371662879184,0.0834230987022425,0.0799565007344714,0.0819072427572752,0.076584833941906,0.0778792348504032,0.060915825200225,0.0813831892101526,0.0997195183421199,0.0864854788171074,0.076720817992837,0.21718475672004,0.0796757847941333,0.0777082650559945,0.159827552665534,0.136114472510552,0.0767776715095862,0.076589105509537,0.149805584395593,0.0791834134557495,0.0792486815783903,0.060915825200225,0.0779605818136556,0.139664275978703,0.16226149143643,0.077447018732317,0.0751529937903032,0.0757313734063924,0.0798246850431132,0.0785799756920906,0.0822373736122125,0.184088941393634,0.077388015932269,0.148789385806729,0.0771683899356043,0.0818629053890394,0.144240089426864,0.0738051174727304,0.0772663498274861,0.060915825200225,0.0772913825385883,0.0724471544242234,0.081958142087051,0.152387189692438,0.0761733922552414,0.17412805260844,0.0878081531512438,0.0804964557556923,0.0790633989819417,0.0692108088070731,0.0761733922552416,0.186085056076565,0.0692108088070731,0.079291833654176,0.0810548776494069,0.0800313112687113,0.117509431652032,0.0750680971776801,0.0691777327689268,0.0770595167244332,0.128915595696383,0.166822873981366,0.060915825200225,0.117509431652031,0.0752994973484907,0.0679889943798914,0.0761279953962274,0.161170094364586,0.16277100827016,0.0692121463477595,0.0692121463477595,0.158094841864015,0.212070471442488,1,0.459115126015747,0.322465839110298,0.231782395670461,0.452391283366952,0.171512913519209,0.296955555171857,0.196549108841948,0.240657064940903,0.18783409360529,0.308040838559252,0.296955555171857,0.0793915960827783,0.0822704776531791,0.0770591207654161,0.0800015237770632,0.0798205449891912,0.0761384583992546,0.0800593590821737,0.0832376477543662,0.0784007778169326,0.0803504832435328,0.0692108088070731,0.071593047450334,0.0764205992978946,0.0761116929752439,0.060915825200225,0.0609158252002254,0.0784252345201101,0.0786574508066868,0.0761116929752439,0.0740828756192765,0.0609158252002254,0.0793526279200419,0.077379450169653,0.0786479375417691,0.0817735605573726,0.0758536034478923,0.0692108088070731,0.0804860573801867,0.0690537428401303,0.0804860573801867,0.0772128187139786,0.0709685547967065,0.0801563416368953,0.0779201338744627,0.0744187351121398,0.0753221138723004,0.0768837975122959,0.0740647630967645,0.0731256080667123,0.0755725000136102,0.060915825200225,0.0692108088070731,0.0692108088070731,0.060915825200225,0.0609158252002242,0.0692108088070731,0.060915825200225,0.0609158252002242,0.0692108088070731,0.060915825200225,0.060915825200225,0.060915825200225,0.0692108088070731,0.0692108088070731,0.0692108088070731,0.060915825200225,0.0692108088070716,0.0609158252002249,0.0609158252002248,0.0609158252002248,0.0609158252002248,0.0609158252002248,0.0609158252002248,0.0609158252002249,0.060915825200225,0.060915825200225,0.060915825200225,0.060915825200225,0.0609158252002249,0.0609158252002249,0.060915825200225,0.0692108088070727,0.060915825200225,0.0609158252002249,0.060915825200225,0.060915825200225,0.060915825200225,0.0609158252002248,0.0609158252002248,0.060915825200225,0.060915825200225,0.0692108088070731,0.060915825200225,0.0679889943798916,0.0692108088070731,0.060915825200225,0.060915825200225,0.060915825200225,0.060915825200225,0.0692108088070731
"95",0.0755517021498739,0.060915825200225,0.07574109038413,0.161749388675097,0.0776520398140857,0.169250067007525,0.060915825200225,0.148427349027876,0.0692108088070731,0.060915825200225,0.0750270082679221,0.060915825200225,0.0763518312947421,0.15653376197584,0.168319597722991,0.16491160557834,0.156729886918745,0.145763214236026,0.0747236541430094,0.0776669275079328,0.0786365485486841,0.0797993404751972,0.0768908782098444,0.0785275432097984,0.0740620628327256,0.0751480601804431,0.060915825200225,0.078087864313947,0.0934719734206949,0.0823686655279027,0.0741761529246541,0.193360377854697,0.0766553586233949,0.0750046171852715,0.145237905854882,0.12534272346937,0.074223852804956,0.0740656466614198,0.136829513301526,0.0762422609779382,0.0762970206799849,0.060915825200225,0.0752163099674734,0.128320994827204,0.147279971054581,0.0747854325317747,0.0728607544924821,0.0733460127497372,0.076780285355449,0.0757359790319474,0.0788045217181632,0.165593117009092,0.0747359294111114,0.135976926622225,0.0745516640507413,0.0845075720522448,0.153712886371873,0.0754324507945177,0.0792814958752836,0.060915825200225,0.0793096137821207,0.073868351177314,0.0846812057132948,0.162944007957506,0.0781066628924035,0.187469977705136,0.0914090808215056,0.0829709201391596,0.0813706594695439,0.0692108088070731,0.0781066628924037,0.201220458052119,0.0692108088070731,0.0816396679913542,0.0836669012212077,0.0824803086008106,0.123620521189069,0.0768577310305912,0.0702230888044632,0.0791009837844566,0.136469875238504,0.179187125496609,0.060915825200225,0.123620521189069,0.0771194231184568,0.068883942674925,0.0780506022032546,0.173052162474622,0.174867125703503,0.0692121463477595,0.0692121463477595,0.169329517323563,0.239774688315774,0.459115126015747,1,0.378131178536272,0.207280145149761,0.435115328104338,0.199640954370372,0.354877996693403,0.231044655857135,0.242163586211348,0.201398380585288,0.368782622612252,0.354877996693402,0.0815818158852194,0.0846339904384645,0.0789352471024235,0.0821786608268303,0.0820425511158246,0.0778864024129334,0.0822289608818285,0.085922538737651,0.0804273640127043,0.0826121069252083,0.0692108088070731,0.0728320033632808,0.0782790387920952,0.0779394670413345,0.060915825200225,0.0609158252002253,0.0805163623351593,0.0807682650962279,0.0779394670413346,0.0756666215190936,0.0609158252002253,0.0814051777179284,0.0792320800096385,0.0806529939212489,0.0840634074979353,0.0775752106531676,0.0692108088070731,0.0826831259548713,0.069995579082228,0.0826831259548713,0.0790771822810603,0.0721320004697799,0.082296211660111,0.0798813728192456,0.0759838689722594,0.0769894156792086,0.0787366777137555,0.0755886584657619,0.0745416335679635,0.077266623290142,0.060915825200225,0.0692108088070731,0.0692108088070731,0.060915825200225,0.0609158252002241,0.0692108088070731,0.060915825200225,0.0609158252002241,0.0692108088070731,0.060915825200225,0.060915825200225,0.060915825200225,0.0692108088070731,0.0692108088070731,0.0692108088070731,0.060915825200225,0.0692108088070721,0.0609158252002249,0.0609158252002249,0.0609158252002249,0.0609158252002249,0.0609158252002249,0.0609158252002249,0.060915825200225,0.060915825200225,0.060915825200225,0.060915825200225,0.060915825200225,0.060915825200225,0.060915825200225,0.060915825200225,0.0692108088070728,0.060915825200225,0.060915825200225,0.060915825200225,0.060915825200225,0.060915825200225,0.0609158252002249,0.0609158252002249,0.060915825200225,0.060915825200225,0.0692108088070731,0.060915825200225,0.0688839426749252,0.0692108088070731,0.060915825200225,0.060915825200225,0.060915825200225,0.060915825200225,0.0692108088070731
"96",0.0702129461889318,0.060915825200225,0.0703332509259678,0.127993919386366,0.07154713979062,0.132758561381776,0.060915825200225,0.119531384832223,0.0692108088070731,0.060915825200225,0.0698796458667629,0.060915825200225,0.0707212107426734,0.124680806504798,0.132167501102686,0.130002648568984,0.124805390588781,0.117839051426083,0.0696869467882288,0.0715565968727896,0.0721725274494181,0.0729111656097877,0.0710636285154885,0.0721032841900273,0.0692666853663854,0.0699565414487971,0.060915825200225,0.071823987779913,0.0815964068950077,0.0745432732010512,0.0693391586040274,0.148074109455367,0.0709140198450984,0.0698654224208302,0.117505360756731,0.104867380923556,0.0693694589105849,0.0692689619152444,0.112164113139111,0.0706516085934066,0.0706863934974465,0.060915825200225,0.0699998956345185,0.106759262718288,0.118802538048788,0.0697261901596245,0.0685035804959077,0.06881183019929,0.0709933768215626,0.0703300040511938,0.0722792287345461,0.130435563812033,0.0696947443840342,0.111622526082996,0.0695776938406823,0.0818836021264161,0.144314222017305,0.0738178527224517,0.0771715201263811,0.060915825200225,0.0771964076528751,0.0723802750715064,0.0821287047994277,0.152594410136848,0.0762041087118201,0.174447514545772,0.0882987681818626,0.0805210338171689,0.0791175346126575,0.0692108088070731,0.0762041087118203,0.187056844469468,0.0692108088070731,0.0793726705496189,0.081231320386555,0.0801304807903051,0.117586855479373,0.0750884966143438,0.0691909768008979,0.077082802619825,0.129011303872709,0.167010195461289,0.060915825200225,0.117586855479373,0.0753225547129308,0.068000332836292,0.0761475372345241,0.159519594238714,0.161149002265179,0.0692121463477595,0.0692121463477595,0.155856575957682,0.231671954163734,0.322465839110298,0.378131178536272,1,0.161717262556702,0.29648419277895,0.203585395312996,0.363000554927844,0.235882022551278,0.193026897241616,0.182409424309962,0.377300541837926,0.363000554927844,0.0790884489212708,0.0815410312921786,0.0767094240964526,0.0794956915070173,0.0794673421747484,0.075760899265901,0.0795201034260965,0.0829588106648317,0.078009689438405,0.0799362243978303,0.0692108088070731,0.071357425766058,0.0762122734801639,0.0759218710405402,0.060915825200225,0.0609158252002251,0.0781728422627645,0.0783835533604479,0.0759218710405403,0.0739183970240498,0.0609158252002251,0.0787498887516119,0.076885788932869,0.078138095939587,0.0810189645286762,0.0754974874371216,0.0692108088070731,0.0798876378800264,0.0688685939608153,0.0798876378800264,0.0767929429587981,0.0707398412976024,0.0795224614120329,0.0775180468333319,0.0741169047121006,0.0749943508841817,0.0765314211692255,0.0737703727585927,0.0728544409896423,0.0752341735359573,0.060915825200225,0.0692108088070731,0.0692108088070731,0.060915825200225,0.0609158252002243,0.0692108088070731,0.060915825200225,0.0609158252002243,0.0692108088070731,0.060915825200225,0.060915825200225,0.060915825200225,0.0692108088070731,0.0692108088070731,0.0692108088070731,0.060915825200225,0.0692108088070734,0.0609158252002251,0.0609158252002251,0.0609158252002251,0.0609158252002251,0.0609158252002251,0.0609158252002251,0.0609158252002251,0.0609158252002251,0.0609158252002251,0.0609158252002251,0.0609158252002251,0.0609158252002251,0.0609158252002251,0.0609158252002251,0.0692108088070736,0.0609158252002251,0.0609158252002251,0.0609158252002251,0.0609158252002251,0.0609158252002251,0.0609158252002251,0.0609158252002251,0.060915825200225,0.060915825200225,0.0692108088070731,0.060915825200225,0.0680003328362922,0.0692108088070731,0.060915825200225,0.060915825200225,0.060915825200225,0.060915825200225,0.0692108088070731
"97",0.0735292260046764,0.060915825200225,0.0736924433994752,0.0746162668132104,0.0753393259989937,0.0757267507399984,0.060915825200225,0.072643923747076,0.060915825200225,0.060915825200225,0.0730770375737768,0.060915825200225,0.0742187883475593,0.0738440873701046,0.0755889937080274,0.075084436609119,0.073873123890148,0.0722494955721796,0.0728156028011034,0.0753521564190768,0.0761877892176785,0.0771898993523665,0.0746833464205725,0.0760938469118009,0.0722454342765893,0.073181361783117,0.060915825200225,0.0757149255695602,0.0889731631763931,0.0794041791524894,0.0723437586928346,0.0792963095824153,0.074480372389607,0.0730577406296383,0.0721717230710785,0.0692262187739394,0.0723848671081786,0.0722485228696329,0.0709268510252722,0.0741243591359124,0.0741715518030975,0.060915825200225,0.0732401803917727,0.0696671552234055,0.0724740531379359,0.0728688442693962,0.0712101301648269,0.0716283324299515,0.0745880359719131,0.073688038365602,0.0763325508140164,0.075185335148722,0.0728261817966148,0.0708006246012615,0.0726673793652523,0.079726204888802,0.0724903491614373,0.0724903491614374,0.0756187517261884,0.060915825200225,0.0756412619587633,0.0712851735968179,0.0797844240905779,0.0737432601262774,0.0746141974556394,0.0770943102650861,0.0849804158055149,0.0784981858575194,0.0772056612370927,0.060915825200225,0.0746141974556396,0.0789188196642643,0.060915825200225,0.077405968095562,0.0789720622625499,0.0780668067399815,0.0683657670329968,0.0736233293383182,0.0683340531930157,0.0754114472427717,0.0701251393227253,0.0759712762046188,0.060915825200225,0.0683657670329967,0.0738306827536544,0.0672667049661906,0.0745754602076188,0.151262762711402,0.152695469855833,0.0609171627409114,0.0609171627409114,0.148607794204111,0.193106065961353,0.231782395670461,0.207280145149761,0.161717262556702,1,0.192822361575064,0.15440484326109,0.150065593139172,0.175568186457385,0.231037943954999,0.175899729801301,0.15440484326109,0.150065593139171,0.0775655712507559,0.0802290248271799,0.0754790850608275,0.0781503421253608,0.077959967592783,0.0746572479825096,0.078208381345176,0.081015568698451,0.0766916740206832,0.0784470754169483,0.060915825200225,0.0705487968590076,0.0748798093433388,0.0745989840807338,0.060915825200225,0.0609158252002255,0.0766883565971109,0.0769008478819337,0.0745989840807338,0.0727721301864881,0.0609158252002255,0.077585185613226,0.0757930413126605,0.0769353151219981,0.0797872908031505,0.0743974892570933,0.060915825200225,0.0786024166384584,0.0682588548421747,0.0786024166384584,0.0756299261907912,0.0699866335661754,0.0783127384309294,0.0762619764627356,0.0730988296979521,0.073914949722056,0.0753221025191066,0.0727795444348084,0.0719317849454547,0.0741417660891118,0.060915825200225,0.060915825200225,0.060915825200225,0.060915825200225,0.0609158252002245,0.060915825200225,0.060915825200225,0.0609158252002245,0.060915825200225,0.060915825200225,0.060915825200225,0.060915825200225,0.060915825200225,0.060915825200225,0.060915825200225,0.060915825200225,0.0609158252002248,0.0609158252002248,0.0609158252002248,0.0609158252002247,0.0609158252002248,0.0609158252002247,0.0609158252002248,0.0609158252002248,0.0609158252002248,0.0609158252002249,0.0609158252002249,0.0609158252002249,0.0609158252002248,0.0609158252002249,0.0609158252002249,0.0609158252002249,0.0609158252002249,0.0609158252002248,0.0609158252002249,0.0609158252002249,0.0609158252002249,0.0609158252002248,0.0609158252002248,0.060915825200225,0.060915825200225,0.060915825200225,0.060915825200225,0.0672667049661908,0.060915825200225,0.060915825200225,0.060915825200225,0.060915825200225,0.060915825200225,0.060915825200225
"98",0.0785690178762171,0.060915825200225,0.0787974501731943,0.180827036928755,0.0811023587616677,0.189874046565317,0.060915825200225,0.16475854075742,0.0692108088070731,0.060915825200225,0.0779361537010212,0.060915825200225,0.0795341007344994,0.174536162568116,0.188751752792592,0.184641172868016,0.174772720405928,0.161545170970483,0.0775702604351401,0.0811203156855262,0.0822898326959496,0.0836923444819834,0.0801842769478165,0.0821583549405217,0.0767722762136696,0.0780821615379878,0.060915825200225,0.0816280323441554,0.100183711866754,0.0867913586619124,0.0769098869890379,0.218954911642785,0.0799002029116062,0.0779091464982675,0.160911565611641,0.1369148150798,0.0769674206223481,0.0767765988804068,0.150769708423963,0.0794019415259488,0.0794679904258158,0.060915825200225,0.0781644816233979,0.140507083469463,0.163374620647649,0.0776447749861875,0.0753233075139088,0.0759086060609252,0.0800508843964892,0.0787912850704663,0.0824924350227807,0.185463183919308,0.0775850663585365,0.14974135344568,0.0773628130612919,0.079037233992124,0.134118960836747,0.0720664071525995,0.0750437493275146,0.060915825200225,0.075065379229381,0.0708796488742263,0.0791425442749208,0.141186187605065,0.0741176054952892,0.160008190923694,0.0842515091158027,0.0778559131647908,0.0766209096966958,0.0692108088070731,0.0741176054952894,0.170450267793561,0.0692108088070731,0.0768225812448507,0.0783621627818208,0.0774650002480052,0.110998699867718,0.073159998235121,0.068064014384465,0.0748829244308462,0.120867294714308,0.153669331852358,0.060915825200225,0.110998699867718,0.0733605552852466,0.0670355198358715,0.0740766292147446,0.147378657021453,0.148767733076339,0.0692121463477595,0.0692121463477595,0.144628758124334,0.194657429980121,0.452391283366952,0.435115328104338,0.29648419277895,0.192822361575064,1,0.161485567208629,0.276306823062709,0.184251814553858,0.209094575876786,0.169864178426621,0.286387040932721,0.276306823062709,0.0768501073762329,0.079274965382526,0.0748255018899599,0.07734664793248,0.0772134676954978,0.0740249081628064,0.0773915577497433,0.080180481933071,0.0759796378283544,0.0776624955992309,0.0692108088070731,0.0701150626354503,0.0742948457244065,0.0740304880255123,0.060915825200225,0.0609158252002255,0.0760220173383542,0.076219582444475,0.0740304880255123,0.0722795346774353,0.0609158252002255,0.0767705531445474,0.075080539917748,0.0761752457801398,0.0788413065878472,0.0737818035832664,0.0692108088070731,0.0777515775100019,0.0679264074996463,0.0777515775100019,0.0749477034210673,0.0695759630006344,0.0774609620683087,0.0755622201721156,0.0725490174991755,0.0733264290959386,0.07467344541426,0.0722439869190734,0.071435215900934,0.073541384756353,0.060915825200225,0.0692108088070731,0.0692108088070731,0.060915825200225,0.0609158252002241,0.0692108088070731,0.060915825200225,0.0609158252002241,0.0692108088070731,0.060915825200225,0.060915825200225,0.060915825200225,0.0692108088070731,0.0692108088070731,0.0692108088070731,0.060915825200225,0.0692108088070719,0.0609158252002249,0.0609158252002248,0.0609158252002248,0.0609158252002248,0.0609158252002248,0.0609158252002249,0.060915825200225,0.060915825200225,0.060915825200225,0.060915825200225,0.060915825200225,0.060915825200225,0.060915825200225,0.060915825200225,0.0692108088070729,0.060915825200225,0.060915825200225,0.060915825200225,0.060915825200225,0.060915825200225,0.0609158252002248,0.0609158252002248,0.060915825200225,0.060915825200225,0.0692108088070731,0.060915825200225,0.0670355198358717,0.0692108088070731,0.060915825200225,0.060915825200225,0.060915825200225,0.060915825200225,0.0692108088070731
"99",0.0697407535616467,0.060915825200225,0.0698549481265203,0.0705012984305509,0.0710071846395543,0.0712782452074229,0.060915825200225,0.0691213544699464,0.060915825200225,0.060915825200225,0.0694243812707459,0.060915825200225,0.0702232038041323,0.0699610453795921,0.0711818639096845,0.0708288520359523,0.0699813606944873,0.0688453939703831,0.0692414692095346,0.0710161614048084,0.071600809407234,0.0723019327827597,0.0705482304783513,0.0715350829523048,0.0688425524970015,0.0694973713935576,0.060915825200225,0.0712699717620926,0.0805460582746008,0.0738511470597954,0.068911344882417,0.0737756764358901,0.0704062203012175,0.069410880221167,0.0687909806712779,0.066730167349518,0.0689401062629589,0.068844713421939,0.067920009646596,0.0701571366870294,0.0701901548962776,0.060915825200225,0.0695385236581805,0.0670386672250711,0.069002505003445,0.0692787194444887,0.0681182050541319,0.0684107990252207,0.0704815468063932,0.0698518661576705,0.0717020914276001,0.0708994453991199,0.0692488707722825,0.0678316957044257,0.0691377651234477,0.0791426392956174,0.0721312658227126,0.0721312658227126,0.0750600049018742,0.060915825200225,0.0750816596910826,0.0708911132390672,0.0793375214607598,0.0733651662625323,0.074203685556568,0.0766266698809504,0.0846628700642443,0.077957554473736,0.0767337646539075,0.060915825200225,0.0742036855565682,0.0784963063123699,0.060915825200225,0.0769523348185452,0.0785566234150977,0.0776089455004516,0.0681393605697073,0.0732350289681332,0.068108610524949,0.074968522525241,0.0698452648906022,0.0755186354473155,0.060915825200225,0.0681393605697073,0.073438195498291,0.0670736994020044,0.074155860236465,0.146842395141856,0.148255535923151,0.0609171627409114,0.0609171627409114,0.143729193282596,0.206989244246666,0.171512913519209,0.199640954370372,0.203585395312996,0.15440484326109,0.161485567208629,1,0.22934743620927,0.257999648848346,0.181560305778712,0.167201331595941,0.253736872093724,0.252458939015232,0.0767518892159153,0.0789359551413396,0.0746892274234865,0.0771305720433791,0.0770873799945805,0.0738679679115873,0.0771558568028863,0.0801138175120348,0.0758247039061143,0.0775024435403825,0.060915825200225,0.0700223538125359,0.0742398287743786,0.0739851053635496,0.060915825200225,0.0609158252002251,0.0759496962844679,0.0761355009301618,0.0739851053635496,0.0722402111055893,0.0609158252002251,0.0764939477902236,0.0748600509276861,0.0759507692626755,0.0784851275077169,0.0736363529334184,0.060915825200225,0.0774825789609734,0.0678524374474631,0.0774825789609734,0.0747703655954422,0.0694845881593374,0.077169404171373,0.075398607538553,0.0724294820628026,0.0731954823387964,0.0745347977507848,0.0721273041112866,0.07132817375722,0.0734052670220104,0.060915825200225,0.060915825200225,0.060915825200225,0.060915825200225,0.0609158252002244,0.060915825200225,0.060915825200225,0.0609158252002244,0.060915825200225,0.060915825200225,0.060915825200225,0.060915825200225,0.060915825200225,0.060915825200225,0.060915825200225,0.060915825200225,0.0609158252002252,0.0609158252002252,0.0609158252002252,0.0609158252002252,0.0609158252002252,0.0609158252002252,0.0609158252002252,0.0609158252002252,0.0609158252002251,0.0609158252002252,0.0609158252002252,0.0609158252002251,0.0609158252002252,0.0609158252002251,0.0609158252002252,0.0609158252002252,0.0609158252002252,0.0609158252002252,0.0609158252002252,0.0609158252002252,0.0609158252002252,0.0609158252002252,0.0609158252002252,0.060915825200225,0.060915825200225,0.060915825200225,0.060915825200225,0.0670736994020046,0.060915825200225,0.060915825200225,0.060915825200225,0.060915825200225,0.060915825200225,0.060915825200225
"100",0.0693311426775692,0.060915825200225,0.0694400368779799,0.122418521004372,0.0705387920937795,0.126731251268501,0.060915825200225,0.114758631988987,0.0692108088070731,0.060915825200225,0.0690294548723057,0.060915825200225,0.0697911998917769,0.119419646753888,0.126196251250449,0.124236728363217,0.119532414418267,0.113226811234208,0.0688550327124321,0.0705473522006085,0.0711048636444877,0.0717734442328162,0.0701011403853581,0.0710421878966247,0.0684746318020225,0.0690990571433968,0.060915825200225,0.0707893818974072,0.0796349169264861,0.0732507514071931,0.0685402311745711,0.140594166415604,0.0699657216401116,0.0690165804767491,0.112924770104999,0.101485464034052,0.0685676575896574,0.06847669242718,0.10809012349967,0.0697281992936458,0.0697596849558492,0.060915825200225,0.0691382993171041,0.103197906622635,0.114098914095414,0.0688905539699888,0.0677839050962629,0.0680629182573705,0.0700375518498936,0.0694370979593548,0.071201444638828,0.124628582918564,0.0688620907301068,0.107599904320596,0.068756142073055,0.0782966379311004,0.131466257491575,0.0716106988151914,0.0744034998612816,0.060915825200225,0.0744241495389481,0.0704281081714704,0.0784824746000431,0.138315477963481,0.073586926756366,0.156419659331409,0.0835606460412711,0.0771665590675358,0.0759995717065483,0.0692108088070731,0.0735869267563662,0.166797767408727,0.0692108088070731,0.0762079968915666,0.077737822099473,0.0768341308522016,0.109307711876027,0.07266323056481,0.0677747558991462,0.0743162636581736,0.118776964354365,0.15026910465008,0.060915825200225,0.109307711876027,0.0728569670782442,0.0667878803910701,0.0735413212584357,0.142854157621179,0.144201707179402,0.0692121463477595,0.0692121463477595,0.139885455673268,0.200209278223807,0.296955555171857,0.354877996693403,0.363000554927844,0.150065593139172,0.276306823062709,0.22934743620927,1,0.248852024293845,0.17596062922002,0.162268129808326,0.482841708148601,0.400285411619629,0.0760168550132435,0.0780995470648008,0.074049932096616,0.0763779611985648,0.0763367739176883,0.073266791515653,0.0764020723607042,0.0792227387087521,0.0751327052023041,0.0767325722027446,0.0692108088070731,0.0695996723942854,0.0736213923792099,0.0733784920084365,0.060915825200225,0.0609158252002251,0.0752518960334378,0.075429076517884,0.0733784920084366,0.07171458738012,0.0609158252002251,0.075770885992436,0.074212826792364,0.0752529192091389,0.0776696446894931,0.073045926994835,0.0692108088070731,0.0767136296419175,0.0675304731482951,0.0767136296419175,0.0741273042234565,0.0690868672456499,0.076414990925267,0.0747263861862034,0.071895073286516,0.0726255195004933,0.0739026703092696,0.0716069209874247,0.0708448824348341,0.072825566984034,0.060915825200225,0.0692108088070731,0.0692108088070731,0.060915825200225,0.0609158252002244,0.0692108088070731,0.060915825200225,0.0609158252002244,0.0692108088070731,0.060915825200225,0.060915825200225,0.060915825200225,0.0692108088070731,0.0692108088070731,0.0692108088070731,0.060915825200225,0.0692108088070738,0.0609158252002252,0.0609158252002252,0.0609158252002252,0.0609158252002252,0.0609158252002252,0.0609158252002252,0.0609158252002252,0.0609158252002251,0.0609158252002251,0.0609158252002251,0.0609158252002251,0.0609158252002251,0.0609158252002251,0.0609158252002251,0.0692108088070736,0.0609158252002251,0.0609158252002251,0.0609158252002251,0.0609158252002251,0.0609158252002251,0.0609158252002251,0.0609158252002251,0.060915825200225,0.060915825200225,0.0692108088070731,0.060915825200225,0.0667878803910702,0.0692108088070731,0.060915825200225,0.060915825200225,0.060915825200225,0.060915825200225,0.0692108088070731
"101",0.0717385032817842,0.060915825200225,0.0718785487261974,0.0726712170609367,0.0732916236366863,0.0736240457421699,0.060915825200225,0.0709788872601078,0.060915825200225,0.060915825200225,0.0713505119782726,0.060915825200225,0.0723301685566682,0.0720086638238286,0.0735058460564857,0.0730729208573337,0.07203357803324,0.0706404559972484,0.071126193063189,0.07330263252385,0.0740196306525758,0.0748794713535998,0.0727287733859572,0.0739390253225371,0.070636971283217,0.0714400252944122,0.060915825200225,0.0736138993895009,0.084989866884085,0.0767793901646134,0.0707213365960359,0.0766868348221007,0.0725546155493743,0.0713339546185558,0.070573724847096,0.0680463933771775,0.0707566088554853,0.0706396213891443,0.0695055871090373,0.0722491454468029,0.0722896381777224,0.060915825200225,0.0714904934335404,0.0684247301414632,0.0708331331572494,0.0711718758477807,0.0697486491493347,0.070107479298205,0.0726469941481729,0.0718747690743576,0.0741438404656169,0.0731594948455824,0.071135270160208,0.069397281032537,0.0709990128874987,0.0832687478901355,0.074670169533562,0.074670169533562,0.0782619040996137,0.060915825200225,0.0782884610078318,0.0731492764866018,0.0835077466503286,0.0761833951029887,0.0772117348257446,0.0801832240283188,0.0900386250039188,0.0818153886104576,0.080314562460141,0.060915825200225,0.0772117348257448,0.0824761007971845,0.060915825200225,0.0805826116083299,0.0825500722288947,0.0813878630216162,0.0697745937604799,0.0760237978817985,0.0697368826514733,0.0781497123319428,0.0718666734405479,0.0788243574758224,0.060915825200225,0.0697745937604799,0.0762729563862978,0.0684676927535001,0.0771530830132398,0.166293783521634,0.168026825098123,0.0609171627409114,0.0609171627409114,0.162475828276471,0.24005642031845,0.196549108841948,0.231044655857135,0.235882022551278,0.175568186457385,0.184251814553858,0.257999648848346,0.248852024293845,1,0.208870986995555,0.191261489354657,0.257999648848346,0.248852024293845,0.0803367899833508,0.0830152754567401,0.0778071915938414,0.0808011974174746,0.0807482277365113,0.0768000188492377,0.0808322060332173,0.0844597772974739,0.0791997124095777,0.0812572516011403,0.060915825200225,0.0720838509988696,0.0772560599913635,0.0769436733789929,0.060915825200225,0.0609158252002251,0.0793530000305269,0.0795808663410563,0.0769436733789929,0.0748037773858629,0.0609158252002251,0.0800204568756097,0.0780166853958304,0.079354315904974,0.0824623913823152,0.0765159718581542,0.060915825200225,0.0812328901627958,0.0694227182030782,0.0812328901627958,0.0779066974798087,0.0714243482460395,0.0808488201973192,0.0786771581599594,0.0750358946967594,0.0759752988548382,0.0776178027891461,0.074665310986766,0.0736852769045547,0.076232573701713,0.060915825200225,0.060915825200225,0.060915825200225,0.060915825200225,0.0609158252002242,0.060915825200225,0.060915825200225,0.0609158252002242,0.060915825200225,0.060915825200225,0.060915825200225,0.060915825200225,0.060915825200225,0.060915825200225,0.060915825200225,0.060915825200225,0.0609158252002252,0.0609158252002252,0.0609158252002252,0.0609158252002252,0.0609158252002252,0.0609158252002252,0.0609158252002252,0.0609158252002252,0.0609158252002251,0.0609158252002251,0.0609158252002252,0.0609158252002251,0.0609158252002252,0.0609158252002251,0.0609158252002252,0.0609158252002252,0.0609158252002252,0.0609158252002251,0.0609158252002252,0.0609158252002252,0.0609158252002252,0.0609158252002251,0.0609158252002252,0.060915825200225,0.060915825200225,0.060915825200225,0.060915825200225,0.0684676927535003,0.060915825200225,0.060915825200225,0.060915825200225,0.060915825200225,0.060915825200225,0.060915825200225
"102",0.0745941106967886,0.0692108088070731,0.149863171764876,0.075772924781591,0.0765570281433557,0.0769771611668004,0.0692108088070731,0.0736340669133597,0.060915825200225,0.0692108088070731,0.0741037463175083,0.0692108088070731,0.0753418892491282,0.0749355541912859,0.0768277740156529,0.076280619750504,0.0749670421156874,0.0732063391920445,0.0738202399487823,0.160340105079713,0.165615034542365,0.171940851675359,0.15611824402791,0.0773752493842808,0.0732019350221121,0.146636970638664,0.060915825200225,0.162630084222738,0.0913419002184845,0.0809650559858944,0.141349603715858,0.0808480795416555,0.15483697108376,0.0740828202314169,0.0731220007578399,0.069927822650584,0.0733531394520387,0.0732052843692142,0.0717720305544654,0.152589638518366,0.152887542084349,0.060915825200225,0.147008262924305,0.0704059851013887,0.0734498550005443,0.14466420479764,0.0720792254978531,0.0725327344338146,0.155516597114847,0.149835365002142,0.166528841672554,0.0763900366359477,0.144394898069851,0.0716351474813279,0.143392458211895,0.0865349999159403,0.0766799807634221,0.0766799807634222,0.0809639811383308,0.060915825200225,0.0809946749360633,0.0750549364352803,0.0865829717932161,0.0783819159800525,0.0795693276761454,0.0829426854603015,0.0935940352016461,0.084861380690716,0.0830945234929567,0.060915825200225,0.0795693276761457,0.0854046019882446,0.060915825200225,0.0833617987628567,0.0854751429797099,0.0842581602352721,0.0710613561527743,0.169949399903694,0.0710181673934024,0.18412466432046,0.0734573166076571,0.0814176345534581,0.060915825200225,0.0710613561527743,0.0785036252122596,0.0695646239006509,0.177500310309572,0.184331043016306,0.186276719286349,0.0609171627409114,0.0609171627409114,0.180837335959145,0.236886582773136,0.240657064940903,0.242163586211348,0.193026897241616,0.231037943954999,0.209094575876786,0.181560305778712,0.17596062922002,0.208870986995555,1,0.218680635393866,0.181560305778713,0.175960629220019,0.0836594944884299,0.0873767829828375,0.0808270153667842,0.0844984473376267,0.0842072069976369,0.0797133343243638,0.0845844966112053,0.0883539987233841,0.082487458505407,0.0848835110865381,0.060915825200225,0.0740871249732525,0.0799811237465754,0.0795947146965756,0.060915825200225,0.0609158252002253,0.0824539406015168,0.0827478926167562,0.0795947146965757,0.0771008752027434,0.0609158252002253,0.0837488525725682,0.0812847870683328,0.0828441756516251,0.0867803111802069,0.0793550075714151,0.060915825200225,0.0851336216616394,0.0709572126419118,0.0851336216616394,0.0810471643839636,0.0733199016718023,0.0847464361749759,0.0819044240534808,0.0775746231625387,0.078691764028082,0.0806137339973881,0.0771381371435992,0.0759784634661523,0.0790029419564307,0.060915825200225,0.060915825200225,0.060915825200225,0.060915825200225,0.0609158252002245,0.060915825200225,0.0692108088070731,0.0609158252002245,0.060915825200225,0.0692108088070731,0.060915825200225,0.060915825200225,0.060915825200225,0.060915825200225,0.060915825200225,0.060915825200225,0.0609158252002249,0.060915825200225,0.0609158252002249,0.0609158252002249,0.0609158252002249,0.0609158252002249,0.0609158252002249,0.060915825200225,0.060915825200225,0.060915825200225,0.060915825200225,0.060915825200225,0.060915825200225,0.060915825200225,0.069210808807073,0.060915825200225,0.060915825200225,0.060915825200225,0.060915825200225,0.060915825200225,0.060915825200225,0.0609158252002249,0.0609158252002249,0.060915825200225,0.060915825200225,0.060915825200225,0.0692108088070731,0.0695646239006511,0.060915825200225,0.060915825200225,0.060915825200225,0.0692108088070731,0.060915825200225,0.060915825200225
"103",0.0707620093209214,0.060915825200225,0.0708894189343801,0.071610567462653,0.0721749968329518,0.0724774256062845,0.060915825200225,0.0700709309063096,0.060915825200225,0.060915825200225,0.0704090251720059,0.060915825200225,0.0713002906215781,0.0710077941829556,0.0723698906819817,0.071976026872191,0.0710304604667752,0.0697630351617256,0.0702049458006135,0.0721850124251335,0.0728373182164014,0.0736195783735411,0.0716629306734213,0.072763985635067,0.0697598648617594,0.070490462001719,0.060915825200225,0.0724681947250021,0.0828177468098597,0.075348073879611,0.0698366181752328,0.0752638694953663,0.071504486514579,0.0703939617273492,0.0697023249395389,0.0674030261154107,0.0698687079369599,0.0697622758575128,0.068730561688712,0.0712265779552907,0.071263417162849,0.060915825200225,0.0705363765698454,0.0677472268218086,0.0699383277075198,0.0702465067807009,0.0689516930559659,0.0692781471634621,0.0715885301021021,0.0708859803078548,0.0729503209944186,0.0720547895797149,0.0702132039015992,0.0686320277064045,0.0700892406658115,0.096614281230232,0.0828820290482271,0.0828820290482272,0.0892887117916195,0.060915825200225,0.0893321507814604,0.080926014706624,0.0960910797072605,0.085168927284916,0.0868465029620278,0.0914626018815702,0.104622367963287,0.0942616046178337,0.091677593314037,0.060915825200225,0.0868465029620281,0.0944596105145271,0.060915825200225,0.0919457178575317,0.0945207196871195,0.0931253869159949,0.0750327821041724,0.0850050582967835,0.0749726872843314,0.0883946719797487,0.0783666313273756,0.0894221008669402,0.060915825200225,0.0750327821041724,0.0853882964751498,0.0729501602287089,0.0868200776092995,0.239778037342681,0.242383170813386,0.0609171627409114,0.0609171627409114,0.237213424044309,0.229483390304022,0.18783409360529,0.201398380585288,0.182409424309962,0.175899729801301,0.169864178426621,0.167201331595941,0.162268129808326,0.191261489354657,0.218680635393866,1,0.167201331595942,0.162268129808325,0.0938736813658489,0.100744122780003,0.0901011366702197,0.095843581075742,0.0948357497132027,0.0886554874352224,0.0960953856171337,0.10033432956702,0.0925831341649651,0.0960207316763235,0.060915825200225,0.0802388987432704,0.0883630129088449,0.0877504789922244,0.060915825200225,0.0609158252002253,0.0919901122165355,0.0924853395178826,0.0877504789922244,0.0841677542567482,0.0609158252002253,0.0951783274595864,0.0913074232852525,0.0935490002452655,0.100010129007502,0.088070598240403,0.060915825200225,0.0970952964452187,0.0756688647125237,0.0970952964452187,0.0906849767190268,0.0791401822785149,0.0966942005904279,0.0918121778822459,0.0853703111903952,0.0870326471452539,0.0898138190877558,0.0847314106808007,0.083020342851123,0.0875088419054556,0.060915825200225,0.060915825200225,0.060915825200225,0.060915825200225,0.0609158252002247,0.060915825200225,0.060915825200225,0.0609158252002247,0.060915825200225,0.060915825200225,0.060915825200225,0.060915825200225,0.060915825200225,0.060915825200225,0.060915825200225,0.060915825200225,0.0609158252002254,0.0609158252002254,0.0609158252002254,0.0609158252002254,0.0609158252002254,0.0609158252002254,0.0609158252002254,0.0609158252002254,0.0609158252002254,0.0609158252002254,0.0609158252002254,0.0609158252002253,0.0609158252002254,0.0609158252002253,0.0609158252002254,0.0609158252002254,0.0609158252002254,0.0609158252002254,0.0609158252002254,0.0609158252002254,0.0609158252002254,0.0609158252002253,0.0609158252002253,0.060915825200225,0.060915825200225,0.060915825200225,0.060915825200225,0.0729501602287093,0.060915825200225,0.060915825200225,0.060915825200225,0.060915825200225,0.060915825200225,0.060915825200225
"104",0.0697407535616467,0.060915825200225,0.0698549481265203,0.125008376715883,0.0710071846395544,0.129531026719943,0.060915825200225,0.116975646875422,0.0692108088070731,0.060915825200225,0.0694243812707459,0.060915825200225,0.0702232038041323,0.121863533934053,0.128969985874439,0.126915084303709,0.121981790501592,0.115369265599866,0.0692414692095346,0.0710161614048084,0.071600809407234,0.0723019327827597,0.0705482304783513,0.0715350829523048,0.0688425524970015,0.0694973713935576,0.060915825200225,0.0712699717620927,0.0805460582746008,0.0738511470597955,0.068911344882417,0.144068711528984,0.0704062203012175,0.069410880221167,0.115052522787174,0.103056414874161,0.0689401062629589,0.068844713421939,0.109982552455136,0.0701571366870294,0.0701901548962776,0.060915825200225,0.0695385236581805,0.104852209650529,0.116283817581376,0.0692787194444887,0.0681182050541319,0.0684107990252207,0.0704815468063932,0.0698518661576705,0.0717020914276002,0.127326012160958,0.0692488707722825,0.109468472130969,0.0691377651234478,0.0791426392956175,0.1344965067297,0.0721312658227127,0.0750600049018743,0.060915825200225,0.0750816596910827,0.0708911132390673,0.0793375214607599,0.141679109187524,0.0742036855565681,0.160664501484878,0.0846628700642444,0.0779575544737361,0.0767337646539076,0.0692108088070731,0.0742036855565683,0.171547758183866,0.0692108088070731,0.0769523348185454,0.0785566234150978,0.0776089455004517,0.111259406266531,0.0732350289681333,0.068108610524949,0.0749685225252411,0.121189569327226,0.154214571985264,0.060915825200225,0.111259406266531,0.0734381954982911,0.0670736994020045,0.0741558602364651,0.146842395141856,0.148255535923152,0.0692121463477595,0.0692121463477595,0.143729193282596,0.206989244246667,0.308040838559252,0.368782622612252,0.377300541837926,0.15440484326109,0.286387040932721,0.253736872093724,0.482841708148601,0.257999648848346,0.181560305778713,0.167201331595942,1,0.432933009565278,0.0767518892159154,0.0789359551413397,0.0746892274234866,0.0771305720433792,0.0770873799945806,0.0738679679115874,0.0771558568028864,0.080113817512035,0.0758247039061145,0.0775024435403826,0.0692108088070731,0.0700223538125359,0.0742398287743787,0.0739851053635497,0.060915825200225,0.0609158252002252,0.075949696284468,0.0761355009301619,0.0739851053635497,0.0722402111055894,0.0609158252002252,0.0764939477902237,0.0748600509276862,0.0759507692626756,0.078485127507717,0.0736363529334185,0.0692108088070731,0.0774825789609735,0.0678524374474632,0.0774825789609735,0.0747703655954423,0.0694845881593374,0.0771694041713732,0.0753986075385531,0.0724294820628027,0.0731954823387965,0.0745347977507849,0.0721273041112867,0.0713281737572201,0.0734052670220105,0.060915825200225,0.0692108088070731,0.0692108088070731,0.060915825200225,0.0609158252002243,0.0692108088070731,0.060915825200225,0.0609158252002243,0.0692108088070731,0.060915825200225,0.060915825200225,0.060915825200225,0.0692108088070731,0.0692108088070731,0.0692108088070731,0.060915825200225,0.0692108088070741,0.0609158252002252,0.0609158252002252,0.0609158252002252,0.0609158252002252,0.0609158252002252,0.0609158252002252,0.0609158252002252,0.0609158252002252,0.0609158252002252,0.0609158252002252,0.0609158252002252,0.0609158252002252,0.0609158252002252,0.0609158252002252,0.0692108088070739,0.0609158252002252,0.0609158252002252,0.0609158252002252,0.0609158252002252,0.0609158252002252,0.0609158252002252,0.0609158252002252,0.060915825200225,0.060915825200225,0.0692108088070731,0.060915825200225,0.0670736994020046,0.0692108088070731,0.060915825200225,0.060915825200225,0.060915825200225,0.060915825200225,0.0692108088070731
"105",0.0693311426775692,0.060915825200225,0.0694400368779799,0.122418521004373,0.0705387920937795,0.126731251268501,0.060915825200225,0.114758631988987,0.0692108088070731,0.060915825200225,0.0690294548723057,0.060915825200225,0.069791199891777,0.119419646753888,0.126196251250449,0.124236728363217,0.119532414418267,0.113226811234208,0.0688550327124322,0.0705473522006085,0.0711048636444877,0.0717734442328162,0.0701011403853582,0.0710421878966248,0.0684746318020225,0.0690990571433968,0.060915825200225,0.0707893818974072,0.0796349169264861,0.0732507514071931,0.0685402311745711,0.140594166415604,0.0699657216401116,0.0690165804767491,0.112924770104999,0.101485464034052,0.0685676575896574,0.06847669242718,0.108090123499671,0.0697281992936458,0.0697596849558492,0.060915825200225,0.0691382993171041,0.103197906622636,0.114098914095415,0.0688905539699888,0.0677839050962629,0.0680629182573705,0.0700375518498936,0.0694370979593548,0.071201444638828,0.124628582918564,0.0688620907301068,0.107599904320596,0.068756142073055,0.0782966379311003,0.131466257491575,0.0716106988151913,0.0744034998612815,0.060915825200225,0.074424149538948,0.0704281081714704,0.078482474600043,0.13831547796348,0.073586926756366,0.156419659331409,0.083560646041271,0.0771665590675357,0.0759995717065482,0.0692108088070731,0.0735869267563661,0.166797767408726,0.0692108088070731,0.0762079968915665,0.0777378220994729,0.0768341308522015,0.109307711876027,0.07266323056481,0.0677747558991461,0.0743162636581735,0.118776964354364,0.150269104650079,0.060915825200225,0.109307711876027,0.0728569670782442,0.06678788039107,0.0735413212584356,0.142854157621178,0.144201707179401,0.0692121463477595,0.0692121463477595,0.139885455673267,0.200209278223807,0.296955555171857,0.354877996693402,0.363000554927844,0.150065593139171,0.276306823062709,0.252458939015232,0.400285411619629,0.248852024293845,0.175960629220019,0.162268129808325,0.432933009565278,1,0.0760168550132434,0.0780995470648007,0.0740499320966159,0.0763779611985646,0.0763367739176881,0.073266791515653,0.0764020723607041,0.0792227387087519,0.075132705202304,0.0767325722027445,0.0692108088070731,0.0695996723942853,0.0736213923792098,0.0733784920084365,0.060915825200225,0.0609158252002252,0.0752518960334377,0.0754290765178839,0.0733784920084365,0.07171458738012,0.0609158252002252,0.075770885992436,0.0742128267923639,0.0752529192091388,0.077669644689493,0.0730459269948349,0.0692108088070731,0.0767136296419173,0.067530473148295,0.0767136296419173,0.0741273042234564,0.0690868672456498,0.0764149909252668,0.0747263861862034,0.0718950732865159,0.0726255195004933,0.0739026703092695,0.0716069209874246,0.070844882434834,0.072825566984034,0.060915825200225,0.0692108088070731,0.0692108088070731,0.060915825200225,0.0609158252002244,0.0692108088070731,0.060915825200225,0.0609158252002244,0.0692108088070731,0.060915825200225,0.060915825200225,0.060915825200225,0.0692108088070731,0.0692108088070731,0.0692108088070731,0.060915825200225,0.0692108088070739,0.0609158252002252,0.0609158252002252,0.0609158252002252,0.0609158252002252,0.0609158252002252,0.0609158252002252,0.0609158252002251,0.0609158252002251,0.0609158252002251,0.0609158252002251,0.0609158252002251,0.0609158252002251,0.0609158252002251,0.0609158252002251,0.0692108088070735,0.0609158252002251,0.0609158252002251,0.0609158252002251,0.0609158252002251,0.0609158252002251,0.0609158252002251,0.0609158252002252,0.060915825200225,0.060915825200225,0.0692108088070731,0.060915825200225,0.0667878803910702,0.0692108088070731,0.060915825200225,0.060915825200225,0.060915825200225,0.060915825200225,0.0692108088070731
"106",0.0668890932622551,0.060915825200225,0.0669663873454796,0.0674038779935428,0.0677462936836771,0.0679297645705347,0.060915825200225,0.066469844894384,0.060915825200225,0.060915825200225,0.0666749525436503,0.060915825200225,0.0672156460122532,0.0670382006574169,0.067864527629907,0.0676255869309546,0.0670519513437298,0.0662830574247395,0.066551146125213,0.0677523697245238,0.0681480963635847,0.0686226608807178,0.0674356445632792,0.0681036085538279,0.0662811341363569,0.0667243568619159,0.060915825200225,0.067924164580968,0.0742028049320929,0.0696712668051256,0.0663276971612207,0.0696201835272864,0.0673395231194767,0.0666658141818478,0.0662462270723125,0.064851338650273,0.0663471646774169,0.0662825967866336,0.0656566989547327,0.0671709276208536,0.067193276427177,0.060915825200225,0.0667522113098936,0.0650601508216943,0.0663894000801753,0.0665763594334288,0.0657908501058122,0.0659888961579803,0.0673905088486703,0.0669643012745968,0.0682166504223526,0.0676733689711405,0.0665561559696632,0.0655969225091244,0.0664809526596173,0.0956360778513366,0.082280114645891,0.0822801146458912,0.0909585590517062,0.060915825200225,0.0910045545836154,0.0821036869189118,0.0918246063845373,0.0840306870134853,0.0857910511489503,0.0898080909332906,0.0931921322022908,0.257328016655933,0.238722768591207,0.060915825200225,0.0857910511489507,0.0902966320030294,0.060915825200225,0.236842376645457,0.239372545071202,0.241261745483359,0.0745334348420362,0.0842034836831717,0.0744754657057943,0.0874799544746585,0.0777493586161991,0.0882967263817334,0.060915825200225,0.0745334348420362,0.0845226522990009,0.0725244798013344,0.0860107713572559,0.244155862897883,0.261803895347369,0.060915825200225,0.060915825200225,0.0932138768495218,0.0862189528897442,0.0793915960827783,0.0815818158852194,0.0790884489212708,0.0775655712507559,0.0768501073762329,0.0767518892159153,0.0760168550132435,0.0803367899833508,0.0836594944884299,0.0938736813658489,0.0767518892159154,0.0760168550132434,1,0.196675858995462,0.207348000290069,0.214030940531494,0.244563262706222,0.345190361572285,0.207583161056099,0.247914661256549,0.216878641584347,0.453455923004798,0.060915825200225,0.0839818582035091,0.270948026595602,0.091531985200816,0.060915825200225,0.0609158252002251,0.320305009522371,0.325892828058562,0.091531985200816,0.08744438732869,0.0609158252002251,0.0905191773697466,0.0896825877022766,0.0930412458742352,0.0906014283443597,0.0918075566097547,0.060915825200225,0.0945041224101165,0.0782065488230222,0.0945041224101165,0.0929840839573551,0.0822749709668442,0.0915551344690982,0.0962541739537475,0.089885654243649,0.0915250260893603,0.0954114803170784,0.0891016390089119,0.087202836075926,0.0918038753012745,0.060915825200225,0.060915825200225,0.060915825200225,0.060915825200225,0.0609158252002246,0.060915825200225,0.060915825200225,0.0609158252002246,0.060915825200225,0.060915825200225,0.060915825200225,0.060915825200225,0.060915825200225,0.060915825200225,0.060915825200225,0.060915825200225,0.0609158252002253,0.0609158252002254,0.0609158252002253,0.0609158252002253,0.0609158252002253,0.0609158252002253,0.0609158252002254,0.0609158252002254,0.0609158252002253,0.0609158252002254,0.0609158252002254,0.0609158252002253,0.0609158252002254,0.0609158252002253,0.0609158252002254,0.0609158252002254,0.0609158252002253,0.0609158252002254,0.0609158252002254,0.0609158252002253,0.0609158252002254,0.0609158252002253,0.0609158252002253,0.060915825200225,0.060915825200225,0.060915825200225,0.060915825200225,0.0725244798013348,0.060915825200225,0.060915825200225,0.060915825200225,0.060915825200225,0.060915825200225,0.060915825200225
"107",0.0678093529641234,0.060915825200225,0.067898555207043,0.0684034469844672,0.0687986162690569,0.0690103532343639,0.060915825200225,0.0673255139276235,0.060915825200225,0.060915825200225,0.0675622210802445,0.060915825200225,0.0681862154161534,0.0679814322945128,0.0689350656938118,0.0686593130697795,0.0679973014530515,0.0671099494167777,0.0674193406713991,0.0688056284030909,0.0692623218822636,0.0698099992408963,0.0684401076077923,0.0692109801462945,0.0671077298207832,0.0676192367768587,0.060915825200225,0.0690038904935068,0.076249837122812,0.0710201565581682,0.0671614664857607,0.0709612032364023,0.0683291774043126,0.0675516748348478,0.0670674448691208,0.0654576557277305,0.067183933226245,0.0671094178113752,0.0663870922708558,0.068134607574438,0.0681603995053008,0.060915825200225,0.0676513825651425,0.0656986381323681,0.0672326755425972,0.0674484384179594,0.0665419111530695,0.0667704687776352,0.0683880181487947,0.0678961477497855,0.0693414375861861,0.068714456555258,0.0674251223476025,0.0663181064856628,0.0673383329886864,0.0908304141160445,0.0793230626897603,0.0793230626897605,0.0856136954643249,0.060915825200225,0.0856515079911554,0.0783341820810858,0.0891478126330542,0.0810609984257624,0.082515278954483,0.0862054491152086,0.0936861717660675,0.0888154602927162,0.0863928109542298,0.060915825200225,0.0825152789544833,0.087802821627362,0.060915825200225,0.0863975589570156,0.0877756227391319,0.0872398765655185,0.0727031637950208,0.081048817723879,0.0726529859844573,0.0838816130049435,0.0754868522262651,0.0846738244207306,0.060915825200225,0.0727031637950207,0.0813497832502272,0.0709642217993736,0.0825855910399348,0.092523475650305,0.0939610734442319,0.060915825200225,0.060915825200225,0.0930780550269396,0.0895661949403967,0.0822704776531791,0.0846339904384645,0.0815410312921786,0.0802290248271799,0.079274965382526,0.0789359551413396,0.0780995470648008,0.0830152754567401,0.0873767829828375,0.100744122780003,0.0789359551413397,0.0780995470648007,0.196675858995462,1,0.195009888307752,0.236233869806225,0.207700443008958,0.197294372979703,0.245122821802069,0.208655740407017,0.208483914128515,0.221673122112387,0.060915825200225,0.0824297290275518,0.0862510376946172,0.0851043195276343,0.060915825200225,0.0609158252002252,0.0902928839367536,0.0914899663114332,0.0851043195276343,0.08187488651119,0.0609158252002252,0.103378682858141,0.0995892720552487,0.101676422093625,0.104996280843894,0.0921604092741394,0.060915825200225,0.107360781385733,0.077554339760237,0.107360781385733,0.0963485758423442,0.0814693003225009,0.106619719073751,0.0963499878794611,0.0882902692828628,0.090370441778141,0.093090244032408,0.0875931308822578,0.0855925159917368,0.0910947677545309,0.060915825200225,0.060915825200225,0.060915825200225,0.060915825200225,0.0609158252002248,0.060915825200225,0.060915825200225,0.0609158252002248,0.060915825200225,0.060915825200225,0.060915825200225,0.060915825200225,0.060915825200225,0.060915825200225,0.060915825200225,0.060915825200225,0.0609158252002253,0.0609158252002253,0.0609158252002253,0.0609158252002253,0.0609158252002253,0.0609158252002253,0.0609158252002253,0.0609158252002253,0.0609158252002252,0.0609158252002252,0.0609158252002253,0.0609158252002252,0.0609158252002253,0.0609158252002252,0.0609158252002253,0.0609158252002253,0.0609158252002253,0.0609158252002252,0.0609158252002253,0.0609158252002253,0.0609158252002253,0.0609158252002252,0.0609158252002252,0.060915825200225,0.060915825200225,0.060915825200225,0.060915825200225,0.0709642217993739,0.060915825200225,0.060915825200225,0.060915825200225,0.060915825200225,0.060915825200225,0.060915825200225
"108",0.066132650076879,0.060915825200225,0.066200155785981,0.0665822434593314,0.0668812962846691,0.0670415327710884,0.060915825200225,0.0657664945164231,0.060915825200225,0.060915825200225,0.0659456277272505,0.060915825200225,0.0664178488143271,0.0662628747981363,0.0669845573112214,0.0667758756030852,0.0662748841239666,0.0656033614528858,0.0658374999156597,0.0668866028673827,0.0672322154455507,0.0676466820244565,0.0666099871717392,0.0671933614865057,0.0656016817260469,0.0659887755776175,0.060915825200225,0.067036641953436,0.0725201673594887,0.0685624945102596,0.0656423480989468,0.0685178803205322,0.0665260383628121,0.0659376466300206,0.0655711952254937,0.0643529527919239,0.065659350286313,0.0656029591491041,0.0650563238155151,0.0663787934740553,0.0663983120705055,0.060915825200225,0.066013102591846,0.0645353213913416,0.0656962370788523,0.0658595202589888,0.0651734863226914,0.0653464522035032,0.0665705673572672,0.066198333891105,0.067292087950093,0.0668176066175501,0.0658418753230388,0.0650041173440746,0.065776195615619,0.0889669080268395,0.0781763981227252,0.0781763981227254,0.0849223391989412,0.060915825200225,0.0849590932568813,0.0778465979277357,0.0862458719576815,0.0796421051724431,0.0810503637932148,0.0843470700482922,0.088102589100866,0.08703754110865,0.084529379381427,0.060915825200225,0.0810503637932152,0.0850050170814176,0.060915825200225,0.0843317361998112,0.084907465211707,0.0849872213661237,0.071929931216869,0.0797456711505337,0.0718830449990191,0.0823949858917696,0.074531013662449,0.0830746705478001,0.060915825200225,0.071929931216869,0.0800093447841747,0.0703050613327286,0.0812012524666569,0.0864753247561405,0.0886619169050504,0.060915825200225,0.060915825200225,0.0879798906439643,0.0828913122831565,0.0770591207654161,0.0789352471024235,0.0767094240964526,0.0754790850608275,0.0748255018899599,0.0746892274234865,0.074049932096616,0.0778071915938414,0.0808270153667842,0.0901011366702197,0.0746892274234866,0.0740499320966159,0.207348000290069,0.195009888307752,1,0.226027158747109,0.24179644549512,0.182555210608118,0.20681837621655,0.209002473805903,0.243618609758352,0.223643158045288,0.060915825200225,0.0903778146035119,0.0869343956728176,0.0851610884432728,0.060915825200225,0.0609158252002252,0.0917962205164588,0.0943561841839946,0.0851610884432728,0.0819240761452085,0.0609158252002252,0.0907813841127413,0.0908639908774486,0.0952479711931998,0.0898264999980303,0.0992201238544379,0.060915825200225,0.0954122682673372,0.082783806247725,0.0954122682673372,0.098266849159395,0.087929234529109,0.0917193265370669,0.105676436440743,0.0977682334912475,0.0996279947730594,0.104976744794309,0.096752320604133,0.0944245596372978,0.0999059660947264,0.060915825200225,0.060915825200225,0.060915825200225,0.060915825200225,0.0609158252002247,0.060915825200225,0.060915825200225,0.0609158252002247,0.060915825200225,0.060915825200225,0.060915825200225,0.060915825200225,0.060915825200225,0.060915825200225,0.060915825200225,0.060915825200225,0.0609158252002252,0.0609158252002253,0.0609158252002252,0.0609158252002252,0.0609158252002252,0.0609158252002252,0.0609158252002253,0.0609158252002253,0.0609158252002253,0.0609158252002253,0.0609158252002254,0.0609158252002253,0.0609158252002253,0.0609158252002253,0.0609158252002253,0.0609158252002253,0.0609158252002253,0.0609158252002253,0.0609158252002254,0.0609158252002253,0.0609158252002253,0.0609158252002252,0.0609158252002252,0.060915825200225,0.060915825200225,0.060915825200225,0.060915825200225,0.0703050613327289,0.060915825200225,0.060915825200225,0.060915825200225,0.060915825200225,0.060915825200225,0.060915825200225
"109",0.0670809521590176,0.060915825200225,0.0671607288961897,0.067612271562714,0.0679656855030291,0.0681550493988015,0.060915825200225,0.0666482377071714,0.060915825200225,0.060915825200225,0.0668599333292019,0.060915825200225,0.0674179936481278,0.0672348488219701,0.068087717074654,0.067841101699391,0.0672490411746336,0.0664554507013462,0.0667321502998697,0.067971956703792,0.0683803939186383,0.0688702012515557,0.0676450584615166,0.0683344771788535,0.0664534656377372,0.066910924493713,0.060915825200225,0.0681492695398889,0.0746295772192531,0.0699524879640521,0.066501524247679,0.0698997639124812,0.0675458496367406,0.0668505014470023,0.0664174373732498,0.064977745712685,0.0665216170524343,0.0664549752677351,0.0658089738566431,0.0673718389205134,0.0673949055612419,0.060915825200225,0.0669396736150261,0.0651932648445882,0.0665652090388408,0.0667581734491053,0.0659474338871466,0.0661518410965042,0.0675984730064442,0.067158575821574,0.0684511499053873,0.0678904184789223,0.0667373210584493,0.065747277416354,0.0666597022492247,0.0915896137350194,0.0797902182882465,0.0797902182882466,0.0868540771639299,0.060915825200225,0.0868937887195348,0.0792089705094473,0.0890362996972485,0.0814535075449352,0.0829769773481924,0.0866423201674046,0.0919523915399969,0.0894946006845968,0.0868392309562019,0.060915825200225,0.0829769773481928,0.0876719136562272,0.060915825200225,0.0866977300052048,0.0875918435619384,0.0874641125876306,0.0729741040718637,0.0815242987447084,0.0729227728889954,0.0844239075003987,0.0758217775416425,0.0851904681715908,0.060915825200225,0.0729741040718637,0.0818194721631688,0.0711951912700906,0.0831106044913707,0.0903712621211268,0.0924526709335755,0.060915825200225,0.060915825200225,0.0916529735978537,0.0867515885206101,0.0800015237770632,0.0821786608268303,0.0794956915070173,0.0781503421253608,0.07734664793248,0.0771305720433791,0.0763779611985648,0.0808011974174746,0.0844984473376267,0.095843581075742,0.0771305720433792,0.0763779611985646,0.214030940531494,0.236233869806225,0.226027158747109,1,0.233141369685695,0.209869141843349,0.251507565924611,0.219321854462236,0.244839896265922,0.247641977996988,0.060915825200225,0.0874922241728794,0.0884663567318127,0.0868506287408125,0.060915825200225,0.0609158252002252,0.0933017398890236,0.0951634493361975,0.0868506287408126,0.0833880440220083,0.0609158252002252,0.100625908004246,0.101135275391764,0.10676766576074,0.098350424684536,0.10008736551849,0.060915825200225,0.107378977935133,0.0816070630710807,0.107378977935133,0.105339897804961,0.0864756094762693,0.10176178485266,0.105797226401312,0.0948270060759556,0.0975448449249326,0.100661293919448,0.0939749957793168,0.0914418838447415,0.0986428159054145,0.060915825200225,0.060915825200225,0.060915825200225,0.060915825200225,0.0609158252002248,0.060915825200225,0.060915825200225,0.0609158252002248,0.060915825200225,0.060915825200225,0.060915825200225,0.060915825200225,0.060915825200225,0.060915825200225,0.060915825200225,0.060915825200225,0.0609158252002251,0.0609158252002252,0.0609158252002251,0.0609158252002251,0.0609158252002251,0.0609158252002251,0.0609158252002252,0.0609158252002252,0.0609158252002253,0.0609158252002253,0.0609158252002253,0.0609158252002253,0.0609158252002253,0.0609158252002252,0.0609158252002253,0.0609158252002253,0.0609158252002253,0.0609158252002253,0.0609158252002253,0.0609158252002253,0.0609158252002253,0.060915825200225,0.0609158252002251,0.060915825200225,0.060915825200225,0.060915825200225,0.060915825200225,0.071195191270091,0.060915825200225,0.060915825200225,0.060915825200225,0.060915825200225,0.060915825200225,0.060915825200225
"110",0.0670265831093911,0.060915825200225,0.067105656311111,0.0675532169111169,0.0679035141629699,0.0680912080955583,0.060915825200225,0.0665976846817183,0.060915825200225,0.060915825200225,0.0668075134014357,0.060915825200225,0.0673606522954863,0.0671791225877534,0.0680244695620167,0.0677800290395452,0.0671931897808327,0.0664065978268157,0.066680857265663,0.067909730059239,0.06831456534612,0.068800053163905,0.0675857146686674,0.0682690535370885,0.0664046302690946,0.0668580548848336,0.060915825200225,0.0680854792080915,0.07450863832066,0.0698727954014257,0.0664522650595487,0.0698205363129602,0.067487380747126,0.0667981646971616,0.0663689197308298,0.0649419244296203,0.0664721806697862,0.0664061265859607,0.065765822135047,0.0673149045973933,0.0673377678179257,0.060915825200225,0.0668865504732649,0.0651555429404241,0.0665153882269849,0.0667066509218317,0.0659030611136044,0.0661056656957357,0.0675395400416177,0.0671035222240395,0.0683846973496516,0.0678289109040371,0.0666859824243332,0.0657046697836056,0.0666090481202159,0.0952828495522992,0.08206276393428,0.0820627639342801,0.0905182555423307,0.060915825200225,0.0905635769680078,0.0817931595908391,0.0916918783266715,0.0838215896685838,0.0855569598611289,0.089559134949691,0.0934268102481749,0.0929100828403351,0.0897839823042026,0.060915825200225,0.0855569598611293,0.0901762140106297,0.060915825200225,0.0894963596845088,0.0900404843907056,0.0902691971445922,0.0744010865461748,0.0839743506242377,0.0743436808066373,0.0872186029325585,0.0775857550529063,0.0880371075207205,0.060915825200225,0.0744010865461748,0.0842932197172632,0.0724116563547743,0.085760940559339,0.0913123105915321,0.0941799347717685,0.060915825200225,0.060915825200225,0.0933771961248702,0.0867388347812008,0.0798205449891912,0.0820425511158246,0.0794673421747484,0.077959967592783,0.0772134676954978,0.0770873799945805,0.0763367739176883,0.0807482277365113,0.0842072069976369,0.0948357497132027,0.0770873799945806,0.0763367739176881,0.244563262706222,0.207700443008958,0.24179644549512,0.233141369685695,1,0.197712414026966,0.220430359950362,0.244494225089104,0.245989625003699,0.248724308383905,0.060915825200225,0.0893921026943454,0.0933724735278053,0.0909719743888771,0.060915825200225,0.0609158252002253,0.0996621866377489,0.103561066133281,0.0909719743888771,0.086959144188569,0.0609158252002253,0.0932191830215185,0.092742166168609,0.0968468816570976,0.0927925637632497,0.0978443685652287,0.060915825200225,0.0978700085391432,0.0820002110291359,0.0978700085391432,0.0980635058984399,0.0869612632133333,0.0942988996939535,0.103068817788032,0.0964992857028543,0.0982408218597211,0.103502595422445,0.0955138951054197,0.093287343935592,0.0983107340147855,0.060915825200225,0.060915825200225,0.060915825200225,0.060915825200225,0.0609158252002245,0.060915825200225,0.060915825200225,0.0609158252002245,0.060915825200225,0.060915825200225,0.060915825200225,0.060915825200225,0.060915825200225,0.060915825200225,0.060915825200225,0.060915825200225,0.0609158252002253,0.0609158252002253,0.0609158252002253,0.0609158252002253,0.0609158252002253,0.0609158252002253,0.0609158252002253,0.0609158252002253,0.0609158252002253,0.0609158252002253,0.0609158252002254,0.0609158252002253,0.0609158252002253,0.0609158252002253,0.0609158252002254,0.0609158252002254,0.0609158252002253,0.0609158252002253,0.0609158252002254,0.0609158252002253,0.0609158252002254,0.0609158252002252,0.0609158252002252,0.060915825200225,0.060915825200225,0.060915825200225,0.060915825200225,0.0724116563547746,0.060915825200225,0.060915825200225,0.060915825200225,0.060915825200225,0.060915825200225,0.060915825200225
"111",0.065833808205924,0.060915825200225,0.065897446901491,0.0662576469711988,0.0665395687814169,0.0666906262417946,0.060915825200225,0.0654886275900626,0.060915825200225,0.060915825200225,0.0656574992902702,0.060915825200225,0.0661026695492084,0.0659565731024287,0.0666369145780925,0.0664401870439161,0.0659678944831036,0.0653348394807982,0.0655555654986593,0.0665445713805495,0.0668703858033401,0.0672611099774657,0.0662838014060058,0.0668337575639789,0.065333255975842,0.0656981754486336,0.060915825200225,0.0666860155909357,0.0718554213877398,0.0681244608370552,0.0653715928063,0.0680824023374735,0.0662046615411621,0.0656499753841641,0.0653045158714358,0.0641560595351057,0.0653876210362106,0.0653344602226847,0.0648191384811142,0.0660658514645918,0.0660842519529936,0.060915825200225,0.0657211089082348,0.0643279812871129,0.0654223947967129,0.0655763244232605,0.064929589422601,0.0650926470836324,0.0662466397258181,0.0658957293724861,0.0669268285567024,0.0664795275287515,0.0655596902641329,0.0647699226179402,0.0654977729691217,0.0860787683000066,0.0763992493875587,0.0763992493875588,0.0822887814051615,0.060915825200225,0.0823215034767938,0.075989261686679,0.0838562994173564,0.0777453715406383,0.0790001208250524,0.0819886503314437,0.0859801457543417,0.205655483229163,0.192821492487174,0.060915825200225,0.0790001208250527,0.082739315075687,0.060915825200225,0.192014199077489,0.19581727904123,0.195586377019944,0.0708033597644291,0.0778163068131896,0.0707612692762064,0.0801941880104315,0.0731383919991063,0.0808159617247595,0.060915825200225,0.070803359764429,0.0780563751961414,0.069344688754953,0.0791192436903404,0.207211660067666,0.217696907693974,0.060915825200225,0.060915825200225,0.0857845820012033,0.0815629376545406,0.0761384583992546,0.0778864024129334,0.075760899265901,0.0746572479825096,0.0740249081628064,0.0738679679115873,0.073266791515653,0.0768000188492377,0.0797133343243638,0.0886554874352224,0.0738679679115874,0.073266791515653,0.345190361572285,0.197294372979703,0.182555210608118,0.209869141843349,0.197712414026966,1,0.229411855850092,0.191931156209791,0.196779274727843,0.430592687281883,0.060915825200225,0.0801939835953654,0.20187289583985,0.0823660874668306,0.060915825200225,0.0609158252002253,0.22517884225107,0.232705046587168,0.0823660874668306,0.0795022388850414,0.0609158252002253,0.0905866054750625,0.0899522882251615,0.0927099441500723,0.0895808421453503,0.0881896437654388,0.060915825200225,0.095154927310293,0.0756791528942604,0.095154927310293,0.0907834550563538,0.0791528912187642,0.0916364802076663,0.0921236930132079,0.0853443354828324,0.0870508599759273,0.0897466476997919,0.0847098950177115,0.0829827867111965,0.087596019538408,0.060915825200225,0.060915825200225,0.060915825200225,0.060915825200225,0.0609158252002248,0.060915825200225,0.060915825200225,0.0609158252002247,0.060915825200225,0.060915825200225,0.060915825200225,0.060915825200225,0.060915825200225,0.060915825200225,0.060915825200225,0.060915825200225,0.0609158252002251,0.0609158252002251,0.0609158252002251,0.0609158252002251,0.0609158252002251,0.0609158252002251,0.0609158252002251,0.0609158252002251,0.0609158252002251,0.0609158252002251,0.0609158252002252,0.0609158252002251,0.0609158252002251,0.0609158252002251,0.0609158252002252,0.0609158252002251,0.0609158252002251,0.0609158252002251,0.0609158252002252,0.0609158252002251,0.0609158252002251,0.0609158252002251,0.0609158252002251,0.060915825200225,0.060915825200225,0.060915825200225,0.060915825200225,0.0693446887549533,0.060915825200225,0.060915825200225,0.060915825200225,0.060915825200225,0.060915825200225,0.060915825200225
"112",0.0670987517319042,0.060915825200225,0.067178758795533,0.0676316051280902,0.0679860394232548,0.068175950038744,0.060915825200225,0.066664787973681,0.060915825200225,0.060915825200225,0.0668770947902058,0.060915825200225,0.0674367663063363,0.0672530927157746,0.0681084233168785,0.0678610959289715,0.0672673260437201,0.0664714443651477,0.0667489428336222,0.0679923287298402,0.0684019451593278,0.068893166633654,0.0676644866871973,0.0683558958515745,0.0664694535703858,0.0669282331732504,0.060915825200225,0.0681701534925804,0.0746691707150958,0.0699785780573449,0.066517650932171,0.0699257017841563,0.0675649914328442,0.0668676356768598,0.0664333212873237,0.0649894730381244,0.0665378017476283,0.066470967558894,0.0658231010525204,0.0673904783236497,0.0674136115609553,0.060915825200225,0.0669570652972467,0.0652056144035229,0.0665815195901193,0.0667750411152831,0.0659619608362521,0.0661669581974502,0.067617766733483,0.0671765995046936,0.0684729054283815,0.0679105550928555,0.0667541285208958,0.0657612264860883,0.0666762856154504,0.0908231136109518,0.0793185704959544,0.0793185704959546,0.0860891820328109,0.060915825200225,0.0861277225312614,0.0786695225235361,0.0884911289302836,0.0809628885078687,0.0824421473227201,0.0860384380058438,0.0916648925411767,0.0887859546130875,0.0862295162169462,0.060915825200225,0.0824421473227205,0.0871580331138833,0.060915825200225,0.086119397333427,0.0870898910604474,0.0868851421575984,0.0726781492962449,0.0810160668788206,0.0726280779705144,0.0838441843948486,0.0754559303235154,0.0846002945741572,0.060915825200225,0.0726781492962448,0.0813064193293117,0.0709428975960849,0.08256072936461,0.0901972649015087,0.0921111207552183,0.060915825200225,0.060915825200225,0.0913112919957119,0.0867797813473714,0.0800593590821737,0.0822289608818285,0.0795201034260965,0.078208381345176,0.0773915577497433,0.0771558568028863,0.0764020723607042,0.0808322060332173,0.0845844966112053,0.0960953856171337,0.0771558568028864,0.0764020723607041,0.207583161056099,0.245122821802069,0.20681837621655,0.251507565924611,0.220430359950362,0.229411855850092,1,0.214047651139834,0.222917245904029,0.244694715727379,0.060915825200225,0.0842369148524996,0.0874495374685829,0.0859871099553951,0.060915825200225,0.0609158252002252,0.0919946598512986,0.0935079900008187,0.0859871099553951,0.0826398145984751,0.0609158252002252,0.100685966557978,0.0996672522050128,0.10269724671542,0.0990103531025274,0.0946072602100979,0.060915825200225,0.106955945317724,0.0789196384739559,0.106955945317724,0.0987245615442913,0.0831558471020036,0.10214582438338,0.0993040404356667,0.0905673463827787,0.0927873853088791,0.095792921989237,0.0898094889639435,0.0876553468260888,0.0935668498592372,0.060915825200225,0.060915825200225,0.060915825200225,0.060915825200225,0.0609158252002248,0.060915825200225,0.060915825200225,0.0609158252002248,0.060915825200225,0.060915825200225,0.060915825200225,0.060915825200225,0.060915825200225,0.060915825200225,0.060915825200225,0.060915825200225,0.0609158252002252,0.0609158252002252,0.0609158252002252,0.0609158252002252,0.0609158252002252,0.0609158252002252,0.0609158252002252,0.0609158252002252,0.0609158252002252,0.0609158252002252,0.0609158252002252,0.0609158252002252,0.0609158252002252,0.0609158252002252,0.0609158252002252,0.0609158252002252,0.0609158252002252,0.0609158252002252,0.0609158252002252,0.0609158252002252,0.0609158252002252,0.0609158252002251,0.0609158252002252,0.060915825200225,0.060915825200225,0.060915825200225,0.060915825200225,0.0709428975960852,0.060915825200225,0.060915825200225,0.060915825200225,0.060915825200225,0.060915825200225,0.060915825200225
"113",0.0681349517076207,0.060915825200225,0.0682283671979816,0.0687571062904471,0.0691709404193572,0.069392678256818,0.060915825200225,0.0676282597302558,0.060915825200225,0.060915825200225,0.0678761471601035,0.060915825200225,0.0685296143259886,0.0683151587798103,0.0693138346953947,0.0690250575778117,0.0683317774788247,0.067402513562604,0.067726518148339,0.0691782837542085,0.0696565480209483,0.070230093565787,0.0687954984876917,0.0696027812849946,0.0674001891294796,0.0679358558522076,0.060915825200225,0.0693859102643719,0.0769741012711237,0.0714974096724967,0.0674564639129931,0.0714356718363065,0.0686793287702644,0.0678651027888753,0.0673580014177075,0.065672177865536,0.0674799918144275,0.0674019568481344,0.0666455140462586,0.0684755689154415,0.0685025790644023,0.060915825200225,0.0679695199673381,0.065924542478361,0.0675310363536042,0.0677569902550298,0.0668076454156696,0.0670469983946495,0.0687409487118605,0.0682258460304314,0.0697394005595757,0.069082805629515,0.0677325729077257,0.0665732698880311,0.0676416842679798,0.105219544968,0.0881770753457687,0.0881770753457689,0.0995245851007626,0.060915825200225,0.0995836952488854,0.0881449405645793,0.0999867538397272,0.0903578777305241,0.0926185336193594,0.0976915146489896,0.100956870438301,0.102139647829363,0.0979848674869432,0.060915825200225,0.0926185336193598,0.098043602240618,0.060915825200225,0.097507392854239,0.0978305932188157,0.0984327524337,0.078279579789452,0.0906155116591013,0.0782056635969682,0.0947940868127246,0.0823801901506694,0.095815897166695,0.060915825200225,0.078279579789452,0.0910167873481559,0.0757179699897092,0.092926342559541,0.0979475036708942,0.102086944300975,0.060915825200225,0.060915825200225,0.101129174770857,0.0916235587424976,0.0832376477543662,0.085922538737651,0.0829588106648317,0.081015568698451,0.080180481933071,0.0801138175120348,0.0792227387087521,0.0844597772974739,0.0883539987233841,0.10033432956702,0.080113817512035,0.0792227387087519,0.247914661256549,0.208655740407017,0.209002473805903,0.219321854462236,0.244494225089104,0.191931156209791,0.214047651139834,1,0.219085189151735,0.240410043085624,0.060915825200225,0.0842836277471967,0.100656588133707,0.100487689033567,0.060915825200225,0.0609158252002252,0.105051295029769,0.104848669210367,0.100487689033567,0.0952044050946898,0.0609158252002252,0.0927656393689582,0.0912910994459855,0.0945798629648336,0.0937925001186944,0.0924593004951619,0.060915825200225,0.0965190894084623,0.0784847500030013,0.0965190894084623,0.0939687891054087,0.0826186315148495,0.0939429074826516,0.0969660917753002,0.0903006589408335,0.0920175165132051,0.0958627819389193,0.0895098559038969,0.0875628668543861,0.0923468754092015,0.060915825200225,0.060915825200225,0.060915825200225,0.060915825200225,0.0609158252002246,0.060915825200225,0.060915825200225,0.0609158252002246,0.060915825200225,0.060915825200225,0.060915825200225,0.060915825200225,0.060915825200225,0.060915825200225,0.060915825200225,0.060915825200225,0.0609158252002253,0.0609158252002253,0.0609158252002253,0.0609158252002253,0.0609158252002253,0.0609158252002253,0.0609158252002253,0.0609158252002254,0.0609158252002253,0.0609158252002254,0.0609158252002254,0.0609158252002253,0.0609158252002254,0.0609158252002253,0.0609158252002254,0.0609158252002254,0.0609158252002253,0.0609158252002253,0.0609158252002254,0.0609158252002253,0.0609158252002254,0.0609158252002252,0.0609158252002253,0.060915825200225,0.060915825200225,0.060915825200225,0.060915825200225,0.0757179699897096,0.060915825200225,0.060915825200225,0.060915825200225,0.060915825200225,0.060915825200225,0.060915825200225
"114",0.0665658752350994,0.060915825200225,0.0666389868773501,0.0670528045774227,0.067376691897043,0.0675502350362297,0.060915825200225,0.0661693127117183,0.060915825200225,0.060915825200225,0.0663633218318273,0.060915825200225,0.0668747579702044,0.0667069143169697,0.0674885281155222,0.0672625166774904,0.0667199209433048,0.0659926324525336,0.0662462146718029,0.06738243915875,0.0677567527317569,0.0682056382059618,0.0670828522341801,0.067714672190844,0.0659908132347318,0.0664100528452761,0.060915825200225,0.0675449380663101,0.0734838364660538,0.0691975032751741,0.0660348566993016,0.0691491841519171,0.0669919319939916,0.0663546779536546,0.0659577950181754,0.064638385057707,0.0660532708135554,0.065992196739902,0.0654001667104046,0.0668324593245949,0.0668535988202003,0.060915825200225,0.0664364000681253,0.0648358982454913,0.0660932208269066,0.066270063668949,0.0655270588418082,0.0657143884731488,0.0670401588470339,0.0666370136853317,0.0678215972788474,0.0673077131955464,0.0662509534298022,0.0653436248132244,0.066179819427421,0.0909659541798276,0.0794064640746306,0.0794064640746307,0.0865914124292619,0.060915825200225,0.0866307218442279,0.0790237242497683,0.0881073305423863,0.0809847022351862,0.0824911237484031,0.0860308277326496,0.0902145560865949,0.088901059332135,0.0862258031401514,0.060915825200225,0.0824911237484034,0.0867770441233871,0.060915825200225,0.0860240318537551,0.0866760898961704,0.0867328495305144,0.0727167648436998,0.0810899835669282,0.0726665291344991,0.0839284459297309,0.0755036652876946,0.0846596805499187,0.060915825200225,0.0727167648436998,0.0813733613680446,0.070975816336189,0.0826485797837208,0.0884977823659433,0.090798887292951,0.060915825200225,0.060915825200225,0.090061064378377,0.0846983111095801,0.0784007778169326,0.0804273640127043,0.078009689438405,0.0766916740206832,0.0759796378283544,0.0758247039061143,0.0751327052023041,0.0791997124095777,0.082487458505407,0.0925831341649651,0.0758247039061145,0.075132705202304,0.216878641584347,0.208483914128515,0.243618609758352,0.244839896265922,0.245989625003699,0.196779274727843,0.222917245904029,0.219085189151735,1,0.243684009079287,0.060915825200225,0.08833318522739,0.0886322748820538,0.0868118807197407,0.060915825200225,0.0609158252002252,0.0937294472368261,0.0961227609136229,0.0868118807197407,0.0833544692927039,0.0609158252002252,0.0937951372803604,0.0938171361471169,0.0983805843370234,0.0926431895715557,0.0988743728095463,0.060915825200225,0.0989481844235611,0.081777745773234,0.0989481844235611,0.099935252732731,0.0866864529779448,0.094825584632836,0.105720647460203,0.0955649102756206,0.097846998914117,0.101918965860651,0.0946536377148438,0.0922577214161259,0.0986894086807409,0.060915825200225,0.060915825200225,0.060915825200225,0.060915825200225,0.0609158252002248,0.060915825200225,0.060915825200225,0.0609158252002248,0.060915825200225,0.060915825200225,0.060915825200225,0.060915825200225,0.060915825200225,0.060915825200225,0.060915825200225,0.060915825200225,0.0609158252002252,0.0609158252002253,0.0609158252002252,0.0609158252002252,0.0609158252002252,0.0609158252002252,0.0609158252002253,0.0609158252002253,0.0609158252002253,0.0609158252002253,0.0609158252002254,0.0609158252002253,0.0609158252002254,0.0609158252002253,0.0609158252002254,0.0609158252002254,0.0609158252002253,0.0609158252002253,0.0609158252002254,0.0609158252002253,0.0609158252002254,0.0609158252002251,0.0609158252002251,0.060915825200225,0.060915825200225,0.060915825200225,0.060915825200225,0.0709758163361894,0.060915825200225,0.060915825200225,0.060915825200225,0.060915825200225,0.060915825200225,0.060915825200225
"115",0.0671964645122969,0.060915825200225,0.0672777359792141,0.0677377389347747,0.0680977745839695,0.0682906864795435,0.060915825200225,0.0667556425445854,0.060915825200225,0.060915825200225,0.0669713045828215,0.060915825200225,0.0675398209493101,0.0673532446463959,0.0682220925892894,0.067970856526968,0.0673677029128135,0.0665592434021613,0.0668411273581182,0.068104163284528,0.0685202531469466,0.0690192377114209,0.0677711401423924,0.0684734760922481,0.0665572211455843,0.0670232511387542,0.060915825200225,0.068284798326818,0.0748865237150187,0.0701218025927077,0.0666061802013996,0.0700680906816308,0.0676700725002892,0.0669616959809994,0.0665205178407218,0.065053851525325,0.0666266494732053,0.0665587590606305,0.0659006539015191,0.0674928014477441,0.0675163002745363,0.060915825200225,0.0670525389154233,0.0652734087122867,0.0666710582169904,0.0668676380877763,0.0660417081760771,0.0662499452429441,0.0677236818430817,0.0672755425637072,0.0685923348469522,0.0680210973259555,0.0668463949981562,0.0658378014913603,0.0667673218910117,0.0948675999806312,0.081807249893802,0.0818072498938021,0.0899950377924767,0.060915825200225,0.0900395581699261,0.0814241563773675,0.0915434077490234,0.0835768627584197,0.0852825556368355,0.0892683381305729,0.0937261249604496,0.253246263609876,0.235537854617552,0.060915825200225,0.0852825556368359,0.090042080331959,0.060915825200225,0.234113686314827,0.238057750544938,0.238710884437062,0.0742457576383765,0.0837053094212733,0.0741890131222736,0.0869117325879397,0.0773937437947879,0.0877326919910069,0.060915825200225,0.0742457576383765,0.0840239490621126,0.0722792425400426,0.0854674712431705,0.248652271278857,0.264189387988205,0.060915825200225,0.060915825200225,0.0935896622234385,0.0873823470715092,0.0803504832435328,0.0826121069252083,0.0799362243978303,0.0784470754169483,0.0776624955992309,0.0775024435403825,0.0767325722027446,0.0812572516011403,0.0848835110865381,0.0960207316763235,0.0775024435403826,0.0767325722027445,0.453455923004798,0.221673122112387,0.223643158045288,0.247641977996988,0.248724308383905,0.430592687281883,0.244694715727379,0.240410043085624,0.243684009079287,1,0.060915825200225,0.0864982364835495,0.25159526667333,0.0903032918092561,0.060915825200225,0.0609158252002252,0.284348225122091,0.294646221453921,0.0903032918092561,0.0863797381703957,0.0609158252002252,0.0962127218634724,0.095635295214825,0.0996164968580718,0.0953606292536532,0.0963747738434274,0.060915825200225,0.101493034079016,0.0803551630807543,0.101493034079016,0.0987868064162501,0.0849291435814957,0.0974063344251448,0.101660827949023,0.0932277112597853,0.0953286474347081,0.0991747679738443,0.0923756674951378,0.0901519408510523,0.0959259245552753,0.060915825200225,0.060915825200225,0.060915825200225,0.060915825200225,0.0609158252002246,0.060915825200225,0.060915825200225,0.0609158252002246,0.060915825200225,0.060915825200225,0.060915825200225,0.060915825200225,0.060915825200225,0.060915825200225,0.060915825200225,0.060915825200225,0.0609158252002252,0.0609158252002253,0.0609158252002252,0.0609158252002252,0.0609158252002252,0.0609158252002252,0.0609158252002252,0.0609158252002253,0.0609158252002253,0.0609158252002253,0.0609158252002253,0.0609158252002253,0.0609158252002253,0.0609158252002253,0.0609158252002253,0.0609158252002253,0.0609158252002253,0.0609158252002253,0.0609158252002253,0.0609158252002253,0.0609158252002253,0.0609158252002251,0.0609158252002252,0.060915825200225,0.060915825200225,0.060915825200225,0.060915825200225,0.072279242540043,0.060915825200225,0.060915825200225,0.060915825200225,0.060915825200225,0.060915825200225,0.060915825200225
"116",0.060915825200225,0.060915825200225,0.060915825200225,0.0692108088070731,0.060915825200225,0.0692108088070731,0.060915825200225,0.0692108088070731,0.0692108088070731,0.060915825200225,0.060915825200225,0.060915825200225,0.060915825200225,0.0692108088070731,0.0692108088070731,0.0692108088070731,0.0692108088070731,0.0692108088070731,0.060915825200225,0.060915825200225,0.060915825200225,0.060915825200225,0.060915825200225,0.060915825200225,0.060915825200225,0.060915825200225,0.060915825200225,0.060915825200225,0.060915825200225,0.060915825200225,0.060915825200225,0.0692108088070731,0.060915825200225,0.060915825200225,0.0692108088070731,0.0692108088070731,0.060915825200225,0.060915825200225,0.0692108088070731,0.060915825200225,0.060915825200225,0.060915825200225,0.060915825200225,0.0692108088070731,0.0692108088070731,0.060915825200225,0.060915825200225,0.060915825200225,0.060915825200225,0.060915825200225,0.060915825200225,0.0692108088070731,0.060915825200225,0.0692108088070731,0.060915825200225,0.060915825200225,0.0692108088070731,0.060915825200225,0.060915825200225,0.060915825200225,0.060915825200225,0.060915825200225,0.060915825200225,0.0692108088070731,0.060915825200225,0.0692108088070731,0.060915825200225,0.060915825200225,0.060915825200225,0.0692108088070731,0.060915825200225,0.0692108088070731,0.0692108088070731,0.060915825200225,0.060915825200225,0.060915825200225,0.0692108088070731,0.060915825200225,0.060915825200225,0.060915825200225,0.0692108088070731,0.0692108088070731,0.060915825200225,0.0692108088070731,0.060915825200225,0.060915825200225,0.060915825200225,0.060915825200225,0.060915825200225,0.0692108088070731,0.0692108088070731,0.060915825200225,0.060915825200225,0.0692108088070731,0.0692108088070731,0.0692108088070731,0.060915825200225,0.0692108088070731,0.060915825200225,0.0692108088070731,0.060915825200225,0.060915825200225,0.060915825200225,0.0692108088070731,0.0692108088070731,0.060915825200225,0.060915825200225,0.060915825200225,0.060915825200225,0.060915825200225,0.060915825200225,0.060915825200225,0.060915825200225,0.060915825200225,0.060915825200225,1,0.0609171627409114,0.0609171627409114,0.0609171627409114,0.0609171627409114,0.0609171627409114,0.0609171627409114,0.0609171627409114,0.0609171627409114,0.0609171627409114,0.0609171627409114,0.060915825200225,0.060915825200225,0.060915825200225,0.060915825200225,0.060915825200225,0.0692108088070731,0.060915825200225,0.060915825200225,0.060915825200225,0.060915825200225,0.060915825200225,0.060915825200225,0.060915825200225,0.060915825200225,0.060915825200225,0.060915825200225,0.060915825200225,0.060915825200225,0.060915825200225,0.060915825200225,0.0692108088070731,0.0692108088070731,0.060915825200225,0.060915825200225,0.0692108088070731,0.060915825200225,0.060915825200225,0.0692108088070731,0.060915825200225,0.060915825200225,0.060915825200225,0.0692108088070731,0.0692108088070731,0.0692108088070731,0.060915825200225,0.0692108088070731,0.060915825200225,0.060915825200225,0.060915825200225,0.060915825200225,0.060915825200225,0.060915825200225,0.060915825200225,0.060915825200225,0.060915825200225,0.060915825200225,0.060915825200225,0.060915825200225,0.060915825200225,0.060915825200225,0.0692108088070731,0.060915825200225,0.060915825200225,0.060915825200225,0.060915825200225,0.060915825200225,0.060915825200225,0.060915825200225,0.060915825200225,0.060915825200225,0.0692108088070731,0.060915825200225,0.060915825200225,0.0692108088070731,0.060915825200225,0.060915825200225,0.060915825200225,0.060915825200225,0.0692108088070731
"117",0.0643661283506243,0.060915825200225,0.0644107752702146,0.0646634803799815,0.0648612679097136,0.0649672451021579,0.060915825200225,0.0641239604201978,0.060915825200225,0.060915825200225,0.0642424355264688,0.060915825200225,0.064554753065,0.0644522563646246,0.0649295626778246,0.0647915447891592,0.0644601990914224,0.0640160674898493,0.0641709219645228,0.0648647775768938,0.0650933587916107,0.0653674786589142,0.0646818295139064,0.0650676615638011,0.0640149565522692,0.0642709726477205,0.060915825200225,0.0649640104136351,0.0685907039352953,0.0659731786353657,0.0640418524741852,0.0659436717067245,0.0646263074584872,0.0642371569891271,0.0639947933933765,0.0631890723262757,0.0640530973792798,0.0640158014142117,0.0636542677882619,0.0645289226476934,0.0645418318551933,0.060915825200225,0.0642870620461222,0.0633096872535508,0.0640774935626894,0.0641854857771403,0.0637317567163315,0.063846152874452,0.0646557580406872,0.0644095703055514,0.0651329572630811,0.0648191448436141,0.0641738157710472,0.0636197394770493,0.0641303765322791,0.0793521637838624,0.0722601917800725,0.0722601917800725,0.0766792412734508,0.060915825200225,0.0767033751192778,0.0720330917454321,0.0775835739536025,0.0732263534666562,0.074151148141304,0.0763207121391773,0.0788454082107893,0.0780847947744769,0.0764404188494285,0.060915825200225,0.0741511481413042,0.0767676802581088,0.060915825200225,0.0763140175520996,0.076704812161771,0.0767471552949524,0.0681554280385799,0.0732924310364702,0.0681246095958199,0.0750337922977985,0.0698651268400404,0.0754816028380965,0.060915825200225,0.0681554280385798,0.0734660492824391,0.0670873964972633,0.0742488479595917,0.0777851971557213,0.0792078022356953,0.060915825200225,0.060915825200225,0.0787570193790397,0.0754436716670677,0.071593047450334,0.0728320033632808,0.071357425766058,0.0705487968590076,0.0701150626354503,0.0700223538125359,0.0695996723942854,0.0720838509988696,0.0740871249732525,0.0802388987432704,0.0700223538125359,0.0695996723942853,0.0839818582035091,0.0824297290275518,0.0903778146035119,0.0874922241728794,0.0893921026943454,0.0801939835953654,0.0842369148524996,0.0842836277471967,0.08833318522739,0.0864982364835495,0.0609171627409114,1,0.131865328081914,0.127061803403555,0.0609171627409114,0.0609171627409118,0.145084518827563,0.152024552855799,0.127061803403555,0.118230758216309,0.0609171627409118,0.0808888303817617,0.0810499020449731,0.0841628994113963,0.08019492963745,0.089844801796649,0.060915825200225,0.0840197204670444,0.0790755145275689,0.0840197204670444,0.0871001775375038,0.0833484000236329,0.0815077858510969,0.0920150050262605,0.092642122593883,0.0930633275738153,0.0997844489392999,0.0916704349037585,0.0901249617194601,0.0917670841441241,0.060915825200225,0.060915825200225,0.060915825200225,0.060915825200225,0.0609158252002248,0.060915825200225,0.060915825200225,0.0609158252002248,0.060915825200225,0.060915825200225,0.060915825200225,0.060915825200225,0.060915825200225,0.060915825200225,0.060915825200225,0.060915825200225,0.0609158252002251,0.0609158252002252,0.0609158252002251,0.0609158252002251,0.0609158252002251,0.0609158252002251,0.0609158252002252,0.0609158252002252,0.0609158252002253,0.0609158252002253,0.0609158252002253,0.0609158252002253,0.0609158252002253,0.0609158252002252,0.0609158252002253,0.0609158252002253,0.0609158252002253,0.0609158252002253,0.0609158252002253,0.0609158252002253,0.0609158252002253,0.0609158252002251,0.0609158252002251,0.060915825200225,0.060915825200225,0.060915825200225,0.060915825200225,0.0670873964972635,0.060915825200225,0.060915825200225,0.060915825200225,0.060915825200225,0.060915825200225,0.060915825200225
"118",0.065929836854881,0.060915825200225,0.0659947181610772,0.0663619515056069,0.0666493781275568,0.0668033851393702,0.060915825200225,0.065577916234398,0.060915825200225,0.060915825200225,0.0657500853272967,0.060915825200225,0.0662039479909204,0.0660549988615704,0.0667486247004907,0.0665480558599703,0.0660665413037839,0.0654211252549851,0.0656461611741331,0.0666544784075548,0.0669866546902369,0.0673850081535474,0.0663886166325077,0.0669493112470339,0.0654195108304749,0.0657915557292612,0.060915825200225,0.0667986844608368,0.0720690281937844,0.0682652168218213,0.0654585962267636,0.0682223370870121,0.0663079314808481,0.0657424145092275,0.0653902095461309,0.0642193284250392,0.065474937424259,0.065420738591469,0.0648953546657544,0.0661664109955392,0.0661851707722995,0.060915825200225,0.0658149369881205,0.064394607125119,0.0655103901780064,0.0656673254379721,0.0650079622748577,0.065174203803518,0.0663507293325004,0.0659929670955615,0.0670441995460959,0.0665881645080148,0.065650366479872,0.0648451778125073,0.0655872401863384,0.0912945745986442,0.0796086729069194,0.0796086729069195,0.0873461733071307,0.060915825200225,0.0873866382636732,0.0795560249781245,0.0877650638264088,0.0811124349581673,0.0826602670930167,0.0861471563698337,0.0885531811055718,0.233765817721587,0.217252708934053,0.060915825200225,0.082660267093017,0.0864316156934309,0.060915825200225,0.215407165918483,0.216910903699367,0.219140772520747,0.0728240254110767,0.0812832010386228,0.0727733331017378,0.0841487800333025,0.0756362564246598,0.0848526652249914,0.060915825200225,0.0728240254110767,0.0815593030813984,0.071067253153057,0.0828669765541148,0.218237786693304,0.234510081840279,0.060915825200225,0.060915825200225,0.0886483983350242,0.0822224604980876,0.0764205992978946,0.0782790387920952,0.0762122734801639,0.0748798093433388,0.0742948457244065,0.0742398287743786,0.0736213923792099,0.0772560599913635,0.0799811237465754,0.0883630129088449,0.0742398287743787,0.0736213923792098,0.270948026595602,0.0862510376946172,0.0869343956728176,0.0884663567318127,0.0933724735278053,0.20187289583985,0.0874495374685829,0.100656588133707,0.0886322748820538,0.25159526667333,0.0609171627409114,0.131865328081914,1,0.173406922041582,0.0609171627409114,0.0609171627409112,0.436290250262991,0.376326014226734,0.173406922041582,0.158388288067089,0.0609171627409112,0.0836973328238463,0.0827552377217809,0.085176953678527,0.0842536116970986,0.0838667303661363,0.060915825200225,0.0864837466979849,0.0737271787806829,0.0864837466979849,0.0848728720821732,0.0767416272061002,0.0845270251452702,0.08714944225849,0.0823605465687194,0.0835953442279277,0.0864341243824874,0.0817819342617631,0.0803680950160553,0.0838189557815951,0.060915825200225,0.060915825200225,0.060915825200225,0.060915825200225,0.0609158252002249,0.060915825200225,0.060915825200225,0.0609158252002249,0.060915825200225,0.060915825200225,0.060915825200225,0.060915825200225,0.060915825200225,0.060915825200225,0.060915825200225,0.060915825200225,0.0609158252002254,0.0609158252002254,0.0609158252002254,0.0609158252002254,0.0609158252002254,0.0609158252002253,0.0609158252002254,0.0609158252002254,0.0609158252002253,0.0609158252002253,0.0609158252002254,0.0609158252002253,0.0609158252002254,0.0609158252002253,0.0609158252002253,0.0609158252002253,0.0609158252002253,0.0609158252002253,0.0609158252002253,0.0609158252002253,0.0609158252002253,0.0609158252002253,0.0609158252002253,0.060915825200225,0.060915825200225,0.060915825200225,0.060915825200225,0.0710672531530572,0.060915825200225,0.060915825200225,0.060915825200225,0.060915825200225,0.060915825200225,0.060915825200225
"119",0.0658303384121922,0.060915825200225,0.0658939322086316,0.0662538781457118,0.0665356010511088,0.0666865519356345,0.060915825200225,0.0654854013322551,0.060915825200225,0.060915825200225,0.0656541538880967,0.060915825200225,0.0660990100652311,0.0659530166941504,0.0666328781672226,0.0664362894305906,0.0659643300872302,0.0653317217254025,0.0655522920140241,0.0665406001207482,0.0668661846710808,0.0672566331768505,0.0662800141277315,0.0668295822741096,0.0653301393376596,0.0656948013481342,0.060915825200225,0.0666819445377366,0.0718477031540193,0.0681193749148964,0.065368449120262,0.0680773460889264,0.0662009300985845,0.0656466352903463,0.0653014195103128,0.0641537734465259,0.0653844660417456,0.0653313427348676,0.0648163845692076,0.0660622179569466,0.0660806054632175,0.060915825200225,0.065717718627449,0.0643255739022585,0.0654192152682519,0.0655730362925426,0.0649267575840355,0.065089700202691,0.0662428786662934,0.0658922158913981,0.0669225876022821,0.0664756021594604,0.0655564138693444,0.0647672034293935,0.065494540258958,0.0910761522030804,0.0794742718319292,0.0794742718319293,0.0871992350330471,0.060915825200225,0.0872394750265717,0.079452395666363,0.0875138623458491,0.080958881101706,0.0824978516713463,0.0859513487486779,0.0881742816965776,0.0889794726167305,0.0861510524657985,0.060915825200225,0.0824978516713466,0.0861910369047248,0.060915825200225,0.0858260054689908,0.0860460282737162,0.0864559559033574,0.0727364244445651,0.0811342687119032,0.0726861050459276,0.0839788874865767,0.0755279676841368,0.0846744980261021,0.060915825200225,0.072736424444565,0.0814074422978599,0.0709925756296365,0.0827073965659724,0.0861256165675033,0.0889435940119827,0.060915825200225,0.060915825200225,0.088291580086896,0.0818205097279818,0.0761116929752439,0.0779394670413345,0.0759218710405402,0.0745989840807338,0.0740304880255123,0.0739851053635496,0.0733784920084365,0.0769436733789929,0.0795947146965756,0.0877504789922244,0.0739851053635497,0.0733784920084365,0.091531985200816,0.0851043195276343,0.0851610884432728,0.0868506287408125,0.0909719743888771,0.0823660874668306,0.0859871099553951,0.100487689033567,0.0868118807197407,0.0903032918092561,0.0609171627409114,0.127061803403555,0.173406922041582,1,0.0609171627409114,0.0609171627409117,0.185846530253496,0.185272979874234,0.249905197548404,0.247509137218197,0.0609171627409117,0.0825979958022489,0.0815941837862662,0.0838330518470846,0.083297044463643,0.0823894516742206,0.060915825200225,0.0851532051881358,0.0728760967060439,0.0851532051881358,0.083417055458525,0.0756902897092934,0.0833994362109807,0.0854575077980645,0.0809199286747579,0.0820887015469112,0.0847064154377585,0.0803815793371881,0.0790561415023512,0.0823129168511027,0.060915825200225,0.060915825200225,0.060915825200225,0.060915825200225,0.0609158252002248,0.060915825200225,0.060915825200225,0.0609158252002247,0.060915825200225,0.060915825200225,0.060915825200225,0.060915825200225,0.060915825200225,0.060915825200225,0.060915825200225,0.060915825200225,0.060915825200225,0.060915825200225,0.060915825200225,0.060915825200225,0.060915825200225,0.060915825200225,0.060915825200225,0.0609158252002251,0.0609158252002251,0.0609158252002251,0.0609158252002251,0.0609158252002251,0.0609158252002251,0.0609158252002251,0.0609158252002251,0.0609158252002251,0.0609158252002251,0.0609158252002251,0.0609158252002251,0.0609158252002251,0.0609158252002251,0.060915825200225,0.060915825200225,0.060915825200225,0.060915825200225,0.060915825200225,0.060915825200225,0.0709925756296368,0.060915825200225,0.060915825200225,0.060915825200225,0.060915825200225,0.060915825200225,0.060915825200225
"120",0.060915825200225,0.060915825200225,0.060915825200225,0.060915825200225,0.060915825200225,0.060915825200225,0.060915825200225,0.060915825200225,0.060915825200225,0.060915825200225,0.060915825200225,0.060915825200225,0.060915825200225,0.060915825200225,0.060915825200225,0.060915825200225,0.060915825200225,0.060915825200225,0.060915825200225,0.060915825200225,0.060915825200225,0.060915825200225,0.060915825200225,0.060915825200225,0.060915825200225,0.060915825200225,0.060915825200225,0.060915825200225,0.060915825200225,0.060915825200225,0.060915825200225,0.060915825200225,0.060915825200225,0.060915825200225,0.060915825200225,0.060915825200225,0.060915825200225,0.060915825200225,0.060915825200225,0.060915825200225,0.060915825200225,0.060915825200225,0.060915825200225,0.060915825200225,0.060915825200225,0.060915825200225,0.060915825200225,0.060915825200225,0.060915825200225,0.060915825200225,0.060915825200225,0.060915825200225,0.060915825200225,0.060915825200225,0.060915825200225,0.060915825200225,0.060915825200225,0.060915825200225,0.060915825200225,0.060915825200225,0.060915825200225,0.060915825200225,0.060915825200225,0.060915825200225,0.060915825200225,0.060915825200225,0.060915825200225,0.060915825200225,0.060915825200225,0.060915825200225,0.060915825200225,0.060915825200225,0.060915825200225,0.060915825200225,0.060915825200225,0.060915825200225,0.060915825200225,0.060915825200225,0.060915825200225,0.060915825200225,0.060915825200225,0.060915825200225,0.060915825200225,0.060915825200225,0.060915825200225,0.060915825200225,0.060915825200225,0.060915825200225,0.060915825200225,0.060915825200225,0.060915825200225,0.060915825200225,0.060915825200225,0.060915825200225,0.060915825200225,0.060915825200225,0.060915825200225,0.060915825200225,0.060915825200225,0.060915825200225,0.060915825200225,0.060915825200225,0.060915825200225,0.060915825200225,0.060915825200225,0.060915825200225,0.060915825200225,0.060915825200225,0.060915825200225,0.060915825200225,0.060915825200225,0.060915825200225,0.060915825200225,0.060915825200225,0.060915825200225,0.0609171627409114,0.0609171627409114,0.0609171627409114,0.0609171627409114,1,0.0609171627409114,0.0609171627409114,0.0609171627409114,0.0609171627409114,0.0609171627409114,0.0609171627409114,0.060915825200225,0.060915825200225,0.060915825200225,0.060915825200225,0.060915825200225,0.060915825200225,0.060915825200225,0.060915825200225,0.060915825200225,0.060915825200225,0.060915825200225,0.060915825200225,0.060915825200225,0.060915825200225,0.060915825200225,0.060915825200225,0.060915825200225,0.060915825200225,0.060915825200225,0.060915825200225,0.060915825200225,0.060915825200225,0.060915825200225,0.060915825200225,0.060915825200225,0.060915825200225,0.060915825200225,0.060915825200225,0.060915825200225,0.060915825200225,0.060915825200225,0.060915825200225,0.060915825200225,0.060915825200225,0.060915825200225,0.060915825200225,0.060915825200225,0.060915825200225,0.060915825200225,0.060915825200225,0.060915825200225,0.060915825200225,0.060915825200225,0.060915825200225,0.060915825200225,0.060915825200225,0.060915825200225,0.060915825200225,0.060915825200225,0.060915825200225,0.060915825200225,0.060915825200225,0.060915825200225,0.060915825200225,0.060915825200225,0.060915825200225,0.060915825200225,0.060915825200225,0.060915825200225,0.060915825200225,0.060915825200225,0.060915825200225,0.060915825200225,0.060915825200225,0.060915825200225,0.060915825200225,0.060915825200225,0.060915825200225,0.060915825200225
"121",0.0609158252002259,0.060915825200225,0.0609158252002257,0.0609158252002258,0.060915825200226,0.0609158252002261,0.060915825200225,0.0609158252002258,0.060915825200225,0.060915825200225,0.060915825200226,0.060915825200225,0.0609158252002258,0.060915825200226,0.060915825200226,0.060915825200226,0.060915825200226,0.0609158252002258,0.060915825200226,0.0609158252002262,0.060915825200226,0.0609158252002262,0.0609158252002258,0.0609158252002261,0.0609158252002258,0.0609158252002259,0.060915825200225,0.0609158252002255,0.0609158252002259,0.0609158252002259,0.0609158252002254,0.0609158252002262,0.0609158252002256,0.0609158252002255,0.0609158252002258,0.0609158252002256,0.0609158252002258,0.0609158252002259,0.0609158252002257,0.0609158252002258,0.0609158252002256,0.060915825200225,0.0609158252002254,0.0609158252002253,0.0609158252002255,0.0609158252002256,0.0609158252002255,0.0609158252002255,0.0609158252002256,0.0609158252002255,0.0609158252002259,0.060915825200226,0.0609158252002255,0.0609158252002255,0.0609158252002255,0.0609158252002251,0.060915825200225,0.0609158252002249,0.0609158252002251,0.060915825200225,0.0609158252002251,0.0609158252002252,0.0609158252002251,0.0609158252002251,0.0609158252002251,0.0609158252002251,0.0609158252002251,0.0609158252002252,0.0609158252002252,0.060915825200225,0.0609158252002252,0.0609158252002252,0.060915825200225,0.0609158252002251,0.0609158252002252,0.0609158252002251,0.060915825200225,0.0609158252002251,0.0609158252002251,0.0609158252002251,0.0609158252002251,0.0609158252002252,0.060915825200225,0.060915825200225,0.0609158252002251,0.060915825200225,0.0609158252002251,0.0609158252002252,0.0609158252002252,0.060915825200225,0.060915825200225,0.0609158252002251,0.0609158252002252,0.0609158252002254,0.0609158252002253,0.0609158252002251,0.0609158252002255,0.0609158252002255,0.0609158252002251,0.0609158252002251,0.0609158252002251,0.0609158252002253,0.0609158252002253,0.0609158252002252,0.0609158252002252,0.0609158252002251,0.0609158252002252,0.0609158252002252,0.0609158252002252,0.0609158252002253,0.0609158252002253,0.0609158252002252,0.0609158252002252,0.0609158252002252,0.0609158252002252,0.0609171627409114,0.0609171627409118,0.0609171627409112,0.0609171627409117,0.0609171627409114,1,0.0609171627409122,0.0609171627409117,0.0609171627409119,0.0609171627409117,0.301111508897726,0.0609158252002254,0.0609158252002249,0.060915825200225,0.0609158252002254,0.0609158252002254,0.060915825200225,0.0609158252002251,0.0609158252002251,0.0609158252002251,0.0609158252002252,0.0609158252002251,0.0609158252002254,0.0609158252002254,0.060915825200225,0.0609158252002252,0.0609158252002252,0.0609158252002251,0.060915825200225,0.0609158252002253,0.060915825200225,0.060915825200225,0.060915825200225,0.060915825200225,0.0609158252002248,0.060915825200225,0.060915825200225,0.0609158252002248,0.060915825200225,0.060915825200225,0.060915825200225,0.060915825200225,0.060915825200225,0.060915825200225,0.060915825200225,0.060915825200225,0.0609158252002255,0.0609158252002255,0.0609158252002255,0.0609158252002255,0.0609158252002255,0.0609158252002254,0.0609158252002255,0.0609158252002255,0.0609158252002259,0.0609158252002258,0.0609158252002257,0.0609158252002258,0.0609158252002257,0.0609158252002256,0.0609158252002257,0.0609158252002256,0.0609158252002258,0.0609158252002257,0.0609158252002257,0.0609158252002258,0.0609158252002256,0.0609158252002253,0.0609158252002254,0.060915825200225,0.060915825200225,0.060915825200225,0.060915825200225,0.060915825200225,0.060915825200225,0.060915825200225,0.060915825200225,0.060915825200225,0.060915825200225,0.060915825200225
"122",0.0665776317270931,0.060915825200225,0.0666508954983394,0.0670655742606058,0.0673901355173871,0.0675640397610797,0.060915825200225,0.0661802440456863,0.060915825200225,0.060915825200225,0.0663746568554359,0.060915825200225,0.0668871571781705,0.066718964279787,0.0675022044420544,0.0672757227247073,0.0667319979700059,0.0660031961543498,0.0662573060215712,0.0673958947378617,0.0677709871737986,0.0682208066784017,0.0670956844398246,0.0677288190726801,0.0660013731511621,0.0664214851056847,0.060915825200225,0.0675587317693488,0.073509987690011,0.0692147355972567,0.066045508260343,0.0691663159326979,0.0670045750149265,0.0663659949912836,0.0659682862310728,0.0646461308732113,0.0660639606902552,0.0660027595350975,0.0654094976233586,0.0668447705185282,0.0668659540007017,0.060915825200225,0.066447887151219,0.0648440550418181,0.06610399383066,0.0662812046431528,0.0655366537889419,0.065724373211399,0.0670529022172767,0.066648918200549,0.0678359666479064,0.0673210132866212,0.0662620546398673,0.0653528380751208,0.0661907726235174,0.094760589173768,0.0817414033150166,0.0817414033150167,0.0903102643271346,0.060915825200225,0.0903552673175247,0.0816464722378151,0.0908977978636782,0.0834266899552804,0.0851484133258937,0.0890430659715759,0.0919214868166693,0.252554570455073,0.234240986240078,0.060915825200225,0.085148413325894,0.0894109764862356,0.060915825200225,0.232256305467885,0.23418483836311,0.236463379043988,0.0741850372160855,0.0836099577428899,0.0741285511822364,0.0868029062116276,0.0773186836862554,0.0875909358641634,0.060915825200225,0.0741850372160855,0.0839186870852977,0.0722274799746475,0.0853735487668389,0.236682482129431,0.254514970781553,0.060915825200225,0.060915825200225,0.0920003952188218,0.084950314637636,0.0784252345201101,0.0805163623351593,0.0781728422627645,0.0766883565971109,0.0760220173383542,0.0759496962844679,0.0752518960334378,0.0793530000305269,0.0824539406015168,0.0919901122165355,0.075949696284468,0.0752518960334377,0.320305009522371,0.0902928839367536,0.0917962205164588,0.0933017398890236,0.0996621866377489,0.22517884225107,0.0919946598512986,0.105051295029769,0.0937294472368261,0.284348225122091,0.0609171627409114,0.145084518827563,0.436290250262991,0.185846530253496,0.0609171627409114,0.0609171627409122,1,0.45476680529553,0.185846530253496,0.169167070229749,0.0609171627409122,0.087413180794203,0.0864453469653234,0.0893408235369528,0.087857748199601,0.0880515506592538,0.060915825200225,0.0907695520291993,0.0760947500670348,0.0907695520291993,0.0891382356440906,0.0796662763602501,0.088364135906739,0.0919368331325808,0.0863426897504046,0.0877865780191929,0.0911887401329231,0.085654970517691,0.083986441673398,0.0880330625851475,0.060915825200225,0.060915825200225,0.060915825200225,0.060915825200225,0.0609158252002246,0.060915825200225,0.060915825200225,0.0609158252002246,0.060915825200225,0.060915825200225,0.060915825200225,0.060915825200225,0.060915825200225,0.060915825200225,0.060915825200225,0.060915825200225,0.0609158252002253,0.0609158252002254,0.0609158252002253,0.0609158252002253,0.0609158252002253,0.0609158252002253,0.0609158252002254,0.0609158252002253,0.0609158252002253,0.0609158252002253,0.0609158252002254,0.0609158252002253,0.0609158252002253,0.0609158252002253,0.0609158252002253,0.0609158252002253,0.0609158252002253,0.0609158252002253,0.0609158252002253,0.0609158252002253,0.0609158252002253,0.0609158252002253,0.0609158252002253,0.060915825200225,0.060915825200225,0.060915825200225,0.060915825200225,0.0722274799746478,0.060915825200225,0.060915825200225,0.060915825200225,0.060915825200225,0.060915825200225,0.060915825200225
"123",0.0666522181814139,0.060915825200225,0.0667264471013104,0.0671465886815683,0.0674754255830999,0.06765162077419,0.060915825200225,0.0662495954680423,0.060915825200225,0.060915825200225,0.0664465693971245,0.060915825200225,0.0669658212013394,0.0667954125946174,0.0675889708605339,0.0673595055604407,0.0668086179856416,0.0660702152161072,0.0663276726286597,0.0674812606733226,0.0678612944322641,0.0683170396854376,0.0671770955206688,0.067818570824854,0.0660683681973791,0.0664940145446713,0.060915825200225,0.0676462428570245,0.0736758983266238,0.0693240622403172,0.0661130847254568,0.0692750047137823,0.0670847858553658,0.0664377934249164,0.0660348454029726,0.0646952724806401,0.06613178024056,0.0660697728450014,0.0654686955297742,0.0669228761561998,0.0669443387013929,0.060915825200225,0.066520764400565,0.0648958040258661,0.0661723407621078,0.0663518860814596,0.0655975268016139,0.0657877191673024,0.0671337497016306,0.066724443755362,0.0679271299208885,0.0674053927627399,0.0663324838034207,0.0654112895705125,0.0662602627452948,0.0947200964017261,0.0817164870417667,0.0817164870417668,0.0902198342009723,0.060915825200225,0.090264698742519,0.0815826957180815,0.09093650142863,0.0834104528952273,0.0851272089392803,0.089027872816064,0.0921154488317894,0.252350376117281,0.234148477417315,0.060915825200225,0.0851272089392807,0.0894501314211275,0.060915825200225,0.232242908845757,0.234441192663948,0.236495967171043,0.0741717022716206,0.083586000702618,0.0741152730036234,0.086775586553895,0.0773021995719978,0.0875667944236204,0.060915825200225,0.0741717022716205,0.0838955702728295,0.0722161122846865,0.0853465332620243,0.238031019378694,0.255523767445019,0.060915825200225,0.060915825200225,0.0921650698361787,0.0852405446029061,0.0786574508066868,0.0807682650962279,0.0783835533604479,0.0769008478819337,0.076219582444475,0.0761355009301618,0.075429076517884,0.0795808663410563,0.0827478926167562,0.0924853395178826,0.0761355009301619,0.0754290765178839,0.325892828058562,0.0914899663114332,0.0943561841839946,0.0951634493361975,0.103561066133281,0.232705046587168,0.0935079900008187,0.104848669210367,0.0961227609136229,0.294646221453921,0.0609171627409114,0.152024552855799,0.376326014226734,0.185272979874234,0.0609171627409114,0.0609171627409117,0.45476680529553,1,0.185272979874234,0.168670095205129,0.0609171627409117,0.0885930227712113,0.0877350969484224,0.0908794469300516,0.0888413087000996,0.0900454311697125,0.060915825200225,0.0922232754029921,0.0772937999568818,0.0922232754029921,0.0909633669391325,0.0811474567860898,0.0895690763262854,0.0942055721743339,0.0884028944864001,0.089909216710036,0.093684898614491,0.0876549637313593,0.0858724437046526,0.0901221593426139,0.060915825200225,0.060915825200225,0.060915825200225,0.060915825200225,0.0609158252002245,0.060915825200225,0.060915825200225,0.0609158252002245,0.060915825200225,0.060915825200225,0.060915825200225,0.060915825200225,0.060915825200225,0.060915825200225,0.060915825200225,0.060915825200225,0.0609158252002253,0.0609158252002254,0.0609158252002253,0.0609158252002254,0.0609158252002254,0.0609158252002253,0.0609158252002254,0.0609158252002254,0.0609158252002254,0.0609158252002254,0.0609158252002254,0.0609158252002254,0.0609158252002254,0.0609158252002253,0.0609158252002254,0.0609158252002254,0.0609158252002254,0.0609158252002254,0.0609158252002254,0.0609158252002254,0.0609158252002254,0.0609158252002253,0.0609158252002253,0.060915825200225,0.060915825200225,0.060915825200225,0.060915825200225,0.0722161122846868,0.060915825200225,0.060915825200225,0.060915825200225,0.060915825200225,0.060915825200225,0.060915825200225
"124",0.0658303384121922,0.060915825200225,0.0658939322086316,0.0662538781457119,0.0665356010511088,0.0666865519356345,0.060915825200225,0.0654854013322551,0.060915825200225,0.060915825200225,0.0656541538880967,0.060915825200225,0.0660990100652311,0.0659530166941504,0.0666328781672226,0.0664362894305906,0.0659643300872302,0.0653317217254025,0.0655522920140241,0.0665406001207482,0.0668661846710808,0.0672566331768506,0.0662800141277315,0.0668295822741096,0.0653301393376596,0.0656948013481342,0.060915825200225,0.0666819445377366,0.0718477031540194,0.0681193749148965,0.065368449120262,0.0680773460889264,0.0662009300985845,0.0656466352903463,0.0653014195103128,0.0641537734465259,0.0653844660417456,0.0653313427348676,0.0648163845692076,0.0660622179569466,0.0660806054632175,0.060915825200225,0.065717718627449,0.0643255739022585,0.0654192152682519,0.0655730362925426,0.0649267575840355,0.065089700202691,0.0662428786662934,0.0658922158913981,0.0669225876022821,0.0664756021594604,0.0655564138693444,0.0647672034293935,0.065494540258958,0.0910761522030804,0.0794742718319292,0.0794742718319293,0.0871992350330472,0.060915825200225,0.0872394750265717,0.079452395666363,0.0875138623458492,0.080958881101706,0.0824978516713464,0.0859513487486779,0.0881742816965776,0.0889794726167306,0.0861510524657985,0.060915825200225,0.0824978516713467,0.0861910369047249,0.060915825200225,0.0858260054689908,0.0860460282737162,0.0864559559033574,0.0727364244445651,0.0811342687119032,0.0726861050459276,0.0839788874865767,0.0755279676841368,0.0846744980261022,0.060915825200225,0.0727364244445651,0.0814074422978599,0.0709925756296365,0.0827073965659725,0.0861256165675033,0.0889435940119827,0.060915825200225,0.060915825200225,0.0882915800868961,0.0818205097279818,0.0761116929752439,0.0779394670413346,0.0759218710405403,0.0745989840807338,0.0740304880255123,0.0739851053635496,0.0733784920084366,0.0769436733789929,0.0795947146965757,0.0877504789922244,0.0739851053635497,0.0733784920084365,0.091531985200816,0.0851043195276343,0.0851610884432728,0.0868506287408126,0.0909719743888771,0.0823660874668306,0.0859871099553951,0.100487689033567,0.0868118807197407,0.0903032918092561,0.0609171627409114,0.127061803403555,0.173406922041582,0.249905197548404,0.0609171627409114,0.0609171627409119,0.185846530253496,0.185272979874234,1,0.247509137218197,0.0609171627409119,0.0825979958022489,0.0815941837862663,0.0838330518470846,0.083297044463643,0.0823894516742206,0.060915825200225,0.0851532051881358,0.0728760967060439,0.0851532051881358,0.083417055458525,0.0756902897092934,0.0833994362109808,0.0854575077980645,0.0809199286747579,0.0820887015469112,0.0847064154377585,0.0803815793371882,0.0790561415023512,0.0823129168511028,0.060915825200225,0.060915825200225,0.060915825200225,0.060915825200225,0.0609158252002248,0.060915825200225,0.060915825200225,0.0609158252002248,0.060915825200225,0.060915825200225,0.060915825200225,0.060915825200225,0.060915825200225,0.060915825200225,0.060915825200225,0.060915825200225,0.060915825200225,0.0609158252002251,0.060915825200225,0.060915825200225,0.060915825200225,0.060915825200225,0.060915825200225,0.0609158252002251,0.0609158252002252,0.0609158252002252,0.0609158252002252,0.0609158252002251,0.0609158252002252,0.0609158252002251,0.0609158252002252,0.0609158252002252,0.0609158252002252,0.0609158252002252,0.0609158252002252,0.0609158252002252,0.0609158252002252,0.060915825200225,0.060915825200225,0.060915825200225,0.060915825200225,0.060915825200225,0.060915825200225,0.0709925756296368,0.060915825200225,0.060915825200225,0.060915825200225,0.060915825200225,0.060915825200225,0.060915825200225
"125",0.0651741962393206,0.060915825200225,0.065229299556647,0.0655411887078187,0.0657852984720311,0.0659160957346012,0.060915825200225,0.0648753120959353,0.060915825200225,0.060915825200225,0.065021534308711,0.060915825200225,0.0654069972385204,0.0652804956062131,0.0658695880112304,0.0656992460573931,0.0652902985354895,0.0647421504258177,0.0649332721277319,0.0657896301102741,0.0660717455019954,0.0664100647896879,0.065563835245555,0.0660400299321106,0.0647407793044377,0.0650567548807537,0.060915825200225,0.0659121034755661,0.070388175863157,0.067157620910316,0.0647739743049825,0.0671212034000563,0.0654953098138695,0.065015019527382,0.0647158938934628,0.0637214713432778,0.0647878527893082,0.0647418220347343,0.0642956165115398,0.0653751172858927,0.0653910498555711,0.060915825200225,0.0650766124483946,0.0638703345274104,0.0648179626075961,0.064951246814351,0.0643912535013227,0.0645324414681446,0.0655316577812385,0.065227812386853,0.0661206180145696,0.0657333100997238,0.0649368436695238,0.0642530016008822,0.0648832308742806,0.0870494131059135,0.0769965128000894,0.0769965128000894,0.0836901074970405,0.060915825200225,0.0837249750038814,0.0769775573459323,0.0839627285643076,0.0782829102205695,0.0796164111027767,0.0826088279105898,0.0845349745865488,0.0852326635635512,0.0827818689603757,0.060915825200225,0.079616411102777,0.0828165150319997,0.060915825200225,0.0825002193528052,0.0826908666660125,0.0830460643978934,0.0711582429770824,0.0784348816341495,0.0711146417778138,0.0808997121646362,0.073577084146708,0.0815024509605747,0.060915825200225,0.0711582429770823,0.0786715835081522,0.0696472173739829,0.0797979794234179,0.0827598290374003,0.085201575151578,0.060915825200225,0.060915825200225,0.0846366123371704,0.0790295018422288,0.0740828756192765,0.0756666215190936,0.0739183970240498,0.0727721301864881,0.0722795346774353,0.0722402111055893,0.07171458738012,0.0748037773858629,0.0771008752027434,0.0841677542567482,0.0722402111055894,0.07171458738012,0.08744438732869,0.08187488651119,0.0819240761452085,0.0833880440220083,0.086959144188569,0.0795022388850414,0.0826398145984751,0.0952044050946898,0.0833544692927039,0.0863797381703957,0.0609171627409114,0.118230758216309,0.158388288067089,0.247509137218197,0.0609171627409114,0.0609171627409117,0.169167070229749,0.168670095205129,0.247509137218197,1,0.0609171627409117,0.0797031848784036,0.0788333929309229,0.0807733472049961,0.0803089027687025,0.0795224837108888,0.060915825200225,0.0819172453923096,0.0712792674382229,0.0819172453923096,0.080412890961009,0.0737177343761653,0.0803976240789727,0.082180920219368,0.0782491583758468,0.0792618870705095,0.0815301070427904,0.0777826846623484,0.0766342075199434,0.0794561671378753,0.060915825200225,0.060915825200225,0.060915825200225,0.060915825200225,0.0609158252002249,0.060915825200225,0.060915825200225,0.0609158252002249,0.060915825200225,0.060915825200225,0.060915825200225,0.060915825200225,0.060915825200225,0.060915825200225,0.060915825200225,0.060915825200225,0.0609158252002249,0.060915825200225,0.0609158252002249,0.0609158252002249,0.0609158252002249,0.0609158252002249,0.0609158252002249,0.060915825200225,0.0609158252002251,0.0609158252002251,0.0609158252002251,0.0609158252002251,0.0609158252002251,0.0609158252002251,0.0609158252002251,0.0609158252002251,0.0609158252002251,0.0609158252002251,0.0609158252002251,0.0609158252002251,0.0609158252002251,0.0609158252002249,0.0609158252002249,0.060915825200225,0.060915825200225,0.060915825200225,0.060915825200225,0.0696472173739831,0.060915825200225,0.060915825200225,0.060915825200225,0.060915825200225,0.060915825200225,0.060915825200225
"126",0.0609158252002259,0.060915825200225,0.0609158252002257,0.0609158252002258,0.060915825200226,0.0609158252002261,0.060915825200225,0.0609158252002257,0.060915825200225,0.060915825200225,0.060915825200226,0.060915825200225,0.0609158252002258,0.060915825200226,0.060915825200226,0.060915825200226,0.060915825200226,0.0609158252002258,0.060915825200226,0.0609158252002262,0.060915825200226,0.0609158252002262,0.0609158252002258,0.0609158252002261,0.0609158252002258,0.0609158252002258,0.060915825200225,0.0609158252002255,0.0609158252002258,0.0609158252002259,0.0609158252002254,0.0609158252002262,0.0609158252002256,0.0609158252002254,0.0609158252002258,0.0609158252002256,0.0609158252002258,0.0609158252002258,0.0609158252002257,0.0609158252002258,0.0609158252002255,0.060915825200225,0.0609158252002254,0.0609158252002253,0.0609158252002255,0.0609158252002255,0.0609158252002255,0.0609158252002255,0.0609158252002256,0.0609158252002255,0.0609158252002259,0.060915825200226,0.0609158252002255,0.0609158252002255,0.0609158252002254,0.0609158252002251,0.060915825200225,0.0609158252002249,0.0609158252002251,0.060915825200225,0.0609158252002251,0.0609158252002252,0.0609158252002251,0.0609158252002251,0.0609158252002251,0.0609158252002251,0.0609158252002251,0.0609158252002252,0.0609158252002252,0.060915825200225,0.0609158252002252,0.0609158252002252,0.060915825200225,0.0609158252002251,0.0609158252002252,0.0609158252002251,0.060915825200225,0.0609158252002251,0.0609158252002251,0.0609158252002251,0.0609158252002251,0.0609158252002252,0.060915825200225,0.060915825200225,0.0609158252002251,0.060915825200225,0.0609158252002251,0.0609158252002252,0.0609158252002252,0.060915825200225,0.060915825200225,0.0609158252002251,0.0609158252002252,0.0609158252002254,0.0609158252002253,0.0609158252002251,0.0609158252002255,0.0609158252002255,0.0609158252002251,0.0609158252002251,0.0609158252002251,0.0609158252002253,0.0609158252002253,0.0609158252002252,0.0609158252002252,0.0609158252002251,0.0609158252002252,0.0609158252002252,0.0609158252002252,0.0609158252002253,0.0609158252002253,0.0609158252002252,0.0609158252002252,0.0609158252002252,0.0609158252002252,0.0609171627409114,0.0609171627409118,0.0609171627409112,0.0609171627409117,0.0609171627409114,0.301111508897726,0.0609171627409122,0.0609171627409117,0.0609171627409119,0.0609171627409117,1,0.0609158252002254,0.0609158252002249,0.060915825200225,0.0609158252002254,0.0609158252002254,0.060915825200225,0.0609158252002251,0.0609158252002251,0.0609158252002251,0.0609158252002252,0.0609158252002251,0.0609158252002254,0.0609158252002254,0.060915825200225,0.0609158252002252,0.0609158252002252,0.0609158252002251,0.060915825200225,0.0609158252002253,0.060915825200225,0.060915825200225,0.060915825200225,0.060915825200225,0.0609158252002249,0.060915825200225,0.060915825200225,0.0609158252002248,0.060915825200225,0.060915825200225,0.060915825200225,0.060915825200225,0.060915825200225,0.060915825200225,0.060915825200225,0.060915825200225,0.0609158252002255,0.0609158252002255,0.0609158252002255,0.0609158252002255,0.0609158252002255,0.0609158252002254,0.0609158252002255,0.0609158252002255,0.0609158252002259,0.0609158252002258,0.0609158252002257,0.0609158252002258,0.0609158252002257,0.0609158252002256,0.0609158252002257,0.0609158252002256,0.0609158252002258,0.0609158252002257,0.0609158252002257,0.0609158252002258,0.0609158252002256,0.0609158252002253,0.0609158252002254,0.060915825200225,0.060915825200225,0.060915825200225,0.060915825200225,0.060915825200225,0.060915825200225,0.060915825200225,0.060915825200225,0.060915825200225,0.060915825200225,0.060915825200225
"127",0.0668681857325525,0.060915825200225,0.066945209272362,0.067381168623215,0.0677223857958648,0.067905214501093,0.060915825200225,0.0664504048105776,0.060915825200225,0.060915825200225,0.0666547945455925,0.060915825200225,0.0671935954882552,0.0670167712245851,0.0678402059016781,0.0676021015388333,0.0670304737809833,0.0662642711312082,0.0665314214722427,0.0677284405694583,0.0681227820929719,0.0685956855475786,0.0674128240041527,0.0680784499986784,0.0662623545746863,0.0667040259397166,0.060915825200225,0.0678996341125131,0.0741562980751221,0.0696406211596408,0.0663087546204548,0.0695897166826084,0.0673170390029675,0.0666456881697262,0.0662275696917446,0.064837563634068,0.066328153996787,0.0662638121054198,0.0656401050302999,0.067149033619397,0.0671713042008146,0.060915825200225,0.0667317828920368,0.0650456449247335,0.0663702415679184,0.0665565465292727,0.0657737866278375,0.0659711394826345,0.0673678462727927,0.0669431305031086,0.0681910962000075,0.0676497163331475,0.066536413781322,0.0655805378131742,0.0664614736966031,0.087471611290082,0.0772563025055574,0.0772563025055575,0.0829541658951431,0.060915825200225,0.0829879066727857,0.0764585290520654,0.0858247100338884,0.0787771281195815,0.0800740959676254,0.083328010217762,0.0895319918367525,0.0856775440469286,0.0834952222198896,0.060915825200225,0.0800740959676257,0.0846334617893462,0.060915825200225,0.08347235169517,0.0845996607921212,0.0842020866390468,0.0713744641383566,0.0787817260803778,0.0713299425019272,0.0812955157863165,0.0738443679240587,0.0819903107859945,0.060915825200225,0.0713744641383566,0.0790464140183198,0.0698315402356822,0.0801478995664332,0.088427872974632,0.0898164423632546,0.060915825200225,0.060915825200225,0.0890521344090299,0.0856939486811463,0.0793526279200419,0.0814051777179284,0.0787498887516119,0.077585185613226,0.0767705531445474,0.0764939477902236,0.075770885992436,0.0800204568756097,0.0837488525725682,0.0951783274595864,0.0764939477902237,0.075770885992436,0.0905191773697466,0.103378682858141,0.0907813841127413,0.100625908004246,0.0932191830215185,0.0905866054750625,0.100685966557978,0.0927656393689582,0.0937951372803604,0.0962127218634724,0.060915825200225,0.0808888303817617,0.0836973328238463,0.0825979958022489,0.060915825200225,0.0609158252002254,0.087413180794203,0.0885930227712113,0.0825979958022489,0.0797031848784036,0.0609158252002254,1,0.216850017258733,0.223873900497434,0.240631479898067,0.182458314314703,0.0609171627409114,0.248924085616478,0.125335877101554,0.248924085616478,0.199989836481361,0.140493283448379,0.249619891568518,0.0940053508550863,0.0863614931098497,0.0883422970310836,0.0907858032017011,0.0857173581565073,0.0838393631868375,0.0890513439930038,0.060915825200225,0.060915825200225,0.060915825200225,0.060915825200225,0.060915825200225,0.060915825200225,0.060915825200225,0.060915825200225,0.060915825200225,0.060915825200225,0.060915825200225,0.060915825200225,0.060915825200225,0.060915825200225,0.060915825200225,0.060915825200225,0.0609158252002252,0.0609158252002253,0.0609158252002252,0.0609158252002252,0.0609158252002253,0.0609158252002252,0.0609158252002253,0.0609158252002253,0.0609158252002253,0.0609158252002253,0.0609158252002254,0.0609158252002253,0.0609158252002253,0.0609158252002253,0.0609158252002254,0.0609158252002253,0.0609158252002253,0.0609158252002253,0.0609158252002254,0.0609158252002253,0.0609158252002253,0.0609158252002252,0.0609158252002252,0.060915825200225,0.060915825200225,0.060915825200225,0.060915825200225,0.0698315402356825,0.060915825200225,0.060915825200225,0.060915825200225,0.060915825200225,0.060915825200225,0.060915825200225
"128",0.0662323746500054,0.060915825200225,0.0663011707949919,0.0666905624379067,0.0669953319426526,0.0671586315020301,0.060915825200225,0.065859219677488,0.060915825200225,0.060915825200225,0.0660417771901474,0.060915825200225,0.0665230252327848,0.0663650887407634,0.0671005669020159,0.066887896044396,0.0663773276362878,0.0656929681701637,0.065931582412517,0.0670007399657457,0.0673529592573151,0.0677753487593847,0.0667188364977848,0.06731336256786,0.0656912563337475,0.0660857498527442,0.060915825200225,0.067153647191743,0.072741995405399,0.0687086678725656,0.0657327000830735,0.0686632008401357,0.0666332829274688,0.0660336435266473,0.0656601870547177,0.0644186567574521,0.0657500272834345,0.0656925581759623,0.0651354733876596,0.0664832233125092,0.0665031150255093,0.060915825200225,0.0661105419010054,0.0646045115062345,0.065787619202124,0.065954023695669,0.0652548755676812,0.0654311478559415,0.0666786631360377,0.0662993140728612,0.0674139762817712,0.066930424786924,0.065936041459973,0.0650822689398251,0.0658691062224291,0.0858306825945029,0.0762465956936766,0.0762465956936767,0.0817744127261897,0.060915825200225,0.081806347297553,0.075626499346329,0.0840398940209521,0.0776382153157294,0.078864618365399,0.081882317189566,0.0870026346030637,0.0841388934320727,0.0820406191154825,0.060915825200225,0.0788646183653993,0.0829266279437098,0.060915825200225,0.0819757372218165,0.0828794346424703,0.0826315102053014,0.0707198373184869,0.07766723680116,0.0706781023790113,0.0800241879652984,0.0730351449593002,0.0806624755067336,0.060915825200225,0.0707198373184868,0.0779115847378976,0.06927348806321,0.0789521162821095,0.0858513556395814,0.0873343031803018,0.060915825200225,0.060915825200225,0.0866485912438953,0.0831121144486548,0.077379450169653,0.0792320800096385,0.076885788932869,0.0757930413126605,0.075080539917748,0.0748600509276861,0.074212826792364,0.0780166853958304,0.0812847870683328,0.0913074232852525,0.0748600509276862,0.0742128267923639,0.0896825877022766,0.0995892720552487,0.0908639908774486,0.101135275391764,0.092742166168609,0.0899522882251615,0.0996672522050128,0.0912910994459855,0.0938171361471169,0.095635295214825,0.060915825200225,0.0810499020449731,0.0827552377217809,0.0815941837862662,0.060915825200225,0.0609158252002249,0.0864453469653234,0.0877350969484224,0.0815941837862663,0.0788333929309229,0.0609158252002249,0.216850017258733,1,0.24305474029889,0.204365455907999,0.18529089129415,0.0609171627409114,0.245655129823778,0.126219490592912,0.245655129823778,0.206314223938078,0.141584806844103,0.220569791289124,0.0945327007070811,0.0866273308890886,0.0887184982758714,0.091026688686537,0.0859838450379948,0.084051384297867,0.0894839675590935,0.060915825200225,0.060915825200225,0.060915825200225,0.060915825200225,0.0609158252002246,0.060915825200225,0.060915825200225,0.0609158252002246,0.060915825200225,0.060915825200225,0.060915825200225,0.060915825200225,0.060915825200225,0.060915825200225,0.060915825200225,0.060915825200225,0.0609158252002252,0.0609158252002253,0.0609158252002252,0.0609158252002252,0.0609158252002253,0.0609158252002252,0.0609158252002253,0.0609158252002253,0.0609158252002253,0.0609158252002253,0.0609158252002254,0.0609158252002253,0.0609158252002254,0.0609158252002253,0.0609158252002254,0.0609158252002254,0.0609158252002253,0.0609158252002253,0.0609158252002254,0.0609158252002253,0.0609158252002254,0.0609158252002252,0.0609158252002252,0.060915825200225,0.060915825200225,0.060915825200225,0.060915825200225,0.0692734880632103,0.060915825200225,0.060915825200225,0.060915825200225,0.060915825200225,0.060915825200225,0.060915825200225
"129",0.0666426083550125,0.060915825200225,0.0667167129237642,0.0671361506666694,0.0674644366879616,0.0676403367100833,0.060915825200225,0.0662406601307133,0.060915825200225,0.060915825200225,0.066437304081485,0.060915825200225,0.0669556860150837,0.0667855628834213,0.0675777917499748,0.0673487108589879,0.066798746152266,0.0660615803834833,0.0663186064934648,0.0674702620030166,0.0678496591147718,0.0683046408859488,0.0671666063995383,0.0678070070795939,0.066059736458952,0.0664846697470938,0.060915825200225,0.0676349678022117,0.0736545221607955,0.0693099764378689,0.0661043780761802,0.0692610010943915,0.067074451374941,0.0664285428111236,0.0660262698232215,0.0646889410050287,0.0661230422718365,0.0660611387534546,0.0654610683860902,0.0669128129131375,0.0669342395034485,0.060915825200225,0.0665113747905992,0.0648891366120888,0.0661635348448371,0.0663427793829565,0.0655896838348229,0.0657795575829371,0.0671233331950853,0.0667147129338983,0.0679153843132508,0.067394521189279,0.0663234096083608,0.0654037585955021,0.0662513095377324,0.0883393167715916,0.0777902246301123,0.0777902246301124,0.0839595856175203,0.060915825200225,0.083994865696318,0.0771676087966812,0.0862535681846646,0.0793055211118569,0.0806598783259292,0.0839650190080851,0.0892740503787101,0.0864731796582076,0.0841399238612678,0.060915825200225,0.0806598783259295,0.0850302501135831,0.060915825200225,0.084048242394999,0.0849710798818563,0.0847565699223391,0.0717030804829125,0.0793489960471223,0.0716571599515118,0.0819425612134171,0.0742505900410544,0.0826387812975899,0.060915825200225,0.0717030804829125,0.0796160873627476,0.0701116770394657,0.0807647059593943,0.0879529994174064,0.0896693545134242,0.060915825200225,0.060915825200225,0.0889292392495327,0.0848566239431739,0.0786479375417691,0.0806529939212489,0.078138095939587,0.0769353151219981,0.0761752457801398,0.0759507692626755,0.0752529192091389,0.079354315904974,0.0828441756516251,0.0935490002452655,0.0759507692626756,0.0752529192091388,0.0930412458742352,0.101676422093625,0.0952479711931998,0.10676766576074,0.0968468816570976,0.0927099441500723,0.10269724671542,0.0945798629648336,0.0983805843370234,0.0996164968580718,0.060915825200225,0.0841628994113963,0.085176953678527,0.0838330518470846,0.060915825200225,0.060915825200225,0.0893408235369528,0.0908794469300516,0.0838330518470846,0.0807733472049961,0.060915825200225,0.223873900497434,0.24305474029889,1,0.211975308085882,0.207110153152447,0.0609171627409114,0.253245336874337,0.136808592391432,0.253245336874337,0.236713802196107,0.154665472164203,0.22798420581696,0.099969356629137,0.0906846829533315,0.0932268419314944,0.0956822306046692,0.0899496096746245,0.0876651802149992,0.0941592418147092,0.060915825200225,0.060915825200225,0.060915825200225,0.060915825200225,0.0609158252002248,0.060915825200225,0.060915825200225,0.0609158252002248,0.060915825200225,0.060915825200225,0.060915825200225,0.060915825200225,0.060915825200225,0.060915825200225,0.060915825200225,0.060915825200225,0.0609158252002251,0.0609158252002252,0.0609158252002251,0.0609158252002251,0.0609158252002251,0.0609158252002251,0.0609158252002252,0.0609158252002252,0.0609158252002253,0.0609158252002253,0.0609158252002253,0.0609158252002253,0.0609158252002253,0.0609158252002253,0.0609158252002253,0.0609158252002253,0.0609158252002253,0.0609158252002253,0.0609158252002253,0.0609158252002253,0.0609158252002253,0.060915825200225,0.0609158252002251,0.060915825200225,0.060915825200225,0.060915825200225,0.060915825200225,0.0701116770394661,0.060915825200225,0.060915825200225,0.060915825200225,0.060915825200225,0.060915825200225,0.060915825200225
"130",0.0676477766136774,0.060915825200225,0.067734888058771,0.0682279457544942,0.0686138527262306,0.0688206268209609,0.060915825200225,0.0671752782068811,0.060915825200225,0.060915825200225,0.0674064372164968,0.060915825200225,0.0680158058439225,0.0678158226027728,0.0687471039336391,0.0684778146334872,0.0678313198065144,0.0669647662798705,0.0672669057598573,0.0686207005039197,0.069066689613985,0.069601530046176,0.0682637470950362,0.0690165512691688,0.0669625987086495,0.0674621165308561,0.060915825200225,0.0688143155593053,0.0758904255458947,0.0707833226698559,0.0670150758480968,0.0707257511460466,0.0681554169677507,0.0673961381629444,0.0669232579898517,0.065351200451693,0.0670370159940625,0.0669642471346863,0.066258852072823,0.0679654076305722,0.0679905950282841,0.060915825200225,0.0674935088588898,0.0655865345063424,0.0670846158466635,0.0672953214887546,0.0664100421787663,0.0666332426758773,0.068212878552958,0.0677325370295386,0.0691439509369374,0.0685316656191833,0.0672725519202301,0.0661914832349733,0.0671877968039183,0.0889990760419539,0.0781961919529345,0.0781961919529346,0.0839248238197029,0.060915825200225,0.0839600506780651,0.0771430927799668,0.0876581983963054,0.0798619700104813,0.0812179143552722,0.084716334336034,0.0924196331248149,0.0871158137026641,0.0848908439968123,0.060915825200225,0.0812179143552725,0.086391296865868,0.060915825200225,0.0849374999213296,0.0863808069234209,0.0857563070465789,0.071989688808331,0.0798265249184334,0.0719425482069252,0.0824873641125547,0.0746048835587959,0.0832442688213342,0.060915825200225,0.071989688808331,0.0801129376441987,0.0703560031101271,0.0812661826206173,0.0914402438904025,0.0926147402028808,0.060915825200225,0.060915825200225,0.0917552967144965,0.0888333359628596,0.0817735605573726,0.0840634074979353,0.0810189645286762,0.0797872908031505,0.0788413065878472,0.0784851275077169,0.0776696446894931,0.0824623913823152,0.0867803111802069,0.100010129007502,0.078485127507717,0.077669644689493,0.0906014283443597,0.104996280843894,0.0898264999980303,0.098350424684536,0.0927925637632497,0.0895808421453503,0.0990103531025274,0.0937925001186944,0.0926431895715557,0.0953606292536532,0.060915825200225,0.08019492963745,0.0842536116970986,0.083297044463643,0.060915825200225,0.0609158252002254,0.087857748199601,0.0888413087000996,0.083297044463643,0.0803089027687025,0.0609158252002254,0.240631479898067,0.204365455907999,0.211975308085882,1,0.176984437288719,0.0609171627409114,0.233261707428139,0.122836842428294,0.233261707428139,0.19223357297885,0.137406238219594,0.244601270255944,0.0925656141235429,0.0854339988866127,0.0872783250976047,0.0897480625222485,0.0848080535009256,0.0830234898417479,0.0879081373483261,0.060915825200225,0.060915825200225,0.060915825200225,0.060915825200225,0.0609158252002249,0.060915825200225,0.060915825200225,0.0609158252002249,0.060915825200225,0.060915825200225,0.060915825200225,0.060915825200225,0.060915825200225,0.060915825200225,0.060915825200225,0.060915825200225,0.0609158252002253,0.0609158252002253,0.0609158252002253,0.0609158252002253,0.0609158252002253,0.0609158252002253,0.0609158252002253,0.0609158252002253,0.0609158252002253,0.0609158252002253,0.0609158252002253,0.0609158252002253,0.0609158252002253,0.0609158252002253,0.0609158252002253,0.0609158252002253,0.0609158252002253,0.0609158252002253,0.0609158252002253,0.0609158252002253,0.0609158252002253,0.0609158252002252,0.0609158252002253,0.060915825200225,0.060915825200225,0.060915825200225,0.060915825200225,0.0703560031101274,0.060915825200225,0.060915825200225,0.060915825200225,0.060915825200225,0.060915825200225,0.060915825200225
"131",0.0657421779044877,0.060915825200225,0.0658046309040383,0.066158119840152,0.0664347889725097,0.066583031978138,0.060915825200225,0.0654034285845142,0.060915825200225,0.060915825200225,0.0655691539206989,0.060915825200225,0.0660060299083942,0.0658626554843302,0.066530321053139,0.0663372588840598,0.0658737659286269,0.0652525058065843,0.0654691193272025,0.0664396983648002,0.0667594423164772,0.0671428866415647,0.0661837869738151,0.0667234965228686,0.0652509518049909,0.0656090722137651,0.060915825200225,0.0665785072314653,0.0716515982970345,0.0679901518214318,0.0652885743557682,0.0679488769424909,0.066106121617863,0.065561770197628,0.0652227471771056,0.0640956885154244,0.0653043039527765,0.0652521336146878,0.064746413184562,0.065969897806667,0.0659879554629979,0.060915825200225,0.065631578384412,0.0642644070758099,0.0653384298195889,0.0654894914780968,0.0648548062390959,0.0650148258614406,0.0661473176782806,0.0658029453754899,0.066814833446339,0.0663758663894441,0.0654731672413527,0.0646981142957601,0.0654124035697678,0.0859953918074266,0.0763479456272335,0.0763479456272336,0.0822691319800692,0.060915825200225,0.0823018239683621,0.0759754037833417,0.0837112352989098,0.0776797040427285,0.0789329878460991,0.0819017343715124,0.0856831504592677,0.0842755988929645,0.0820638707120543,0.060915825200225,0.0789329878460994,0.0825991812301981,0.060915825200225,0.0819134387283999,0.0825213301180394,0.0825169550773017,0.0707682452542941,0.0777573494760346,0.0707263042458904,0.0801269280239253,0.0730949848744134,0.0807428256858093,0.060915825200225,0.0707682452542941,0.0779955023857717,0.069314754557222,0.0790568473331101,0.0842980809695094,0.0861440227785691,0.060915825200225,0.060915825200225,0.0855152656223405,0.0811991631716893,0.0758536034478923,0.0775752106531676,0.0754974874371216,0.0743974892570933,0.0737818035832664,0.0736363529334184,0.073045926994835,0.0765159718581542,0.0793550075714151,0.088070598240403,0.0736363529334185,0.0730459269948349,0.0918075566097547,0.0921604092741394,0.0992201238544379,0.10008736551849,0.0978443685652287,0.0881896437654388,0.0946072602100979,0.0924593004951619,0.0988743728095463,0.0963747738434274,0.060915825200225,0.089844801796649,0.0838667303661363,0.0823894516742206,0.060915825200225,0.0609158252002254,0.0880515506592538,0.0900454311697125,0.0823894516742206,0.0795224837108888,0.0609158252002254,0.182458314314703,0.18529089129415,0.207110153152447,0.176984437288719,1,0.0609171627409114,0.2022610983301,0.165621688733167,0.2022610983301,0.238928556463918,0.190258148224294,0.18606882239681,0.106654762753417,0.0996697995228419,0.105494109029567,0.104179614834606,0.0989197969897659,0.0949685797847997,0.106282550208819,0.060915825200225,0.060915825200225,0.060915825200225,0.060915825200225,0.0609158252002249,0.060915825200225,0.060915825200225,0.0609158252002249,0.060915825200225,0.060915825200225,0.060915825200225,0.060915825200225,0.060915825200225,0.060915825200225,0.060915825200225,0.060915825200225,0.0609158252002251,0.0609158252002252,0.0609158252002251,0.0609158252002251,0.0609158252002251,0.0609158252002251,0.0609158252002252,0.0609158252002253,0.0609158252002253,0.0609158252002253,0.0609158252002254,0.0609158252002253,0.0609158252002253,0.0609158252002253,0.0609158252002254,0.0609158252002253,0.0609158252002253,0.0609158252002253,0.0609158252002254,0.0609158252002253,0.0609158252002253,0.0609158252002251,0.0609158252002251,0.060915825200225,0.060915825200225,0.060915825200225,0.060915825200225,0.0693147545572223,0.060915825200225,0.060915825200225,0.060915825200225,0.060915825200225,0.060915825200225,0.060915825200225
"132",0.060915825200225,0.060915825200225,0.060915825200225,0.0692108088070731,0.060915825200225,0.0692108088070731,0.060915825200225,0.0692108088070731,0.0692108088070731,0.060915825200225,0.060915825200225,0.060915825200225,0.060915825200225,0.0692108088070731,0.0692108088070731,0.0692108088070731,0.0692108088070731,0.0692108088070731,0.060915825200225,0.060915825200225,0.060915825200225,0.060915825200225,0.060915825200225,0.060915825200225,0.060915825200225,0.060915825200225,0.060915825200225,0.060915825200225,0.060915825200225,0.060915825200225,0.060915825200225,0.0692108088070731,0.060915825200225,0.060915825200225,0.0692108088070731,0.0692108088070731,0.060915825200225,0.060915825200225,0.0692108088070731,0.060915825200225,0.060915825200225,0.060915825200225,0.060915825200225,0.0692108088070731,0.0692108088070731,0.060915825200225,0.060915825200225,0.060915825200225,0.060915825200225,0.060915825200225,0.060915825200225,0.0692108088070731,0.060915825200225,0.0692108088070731,0.060915825200225,0.060915825200225,0.0692108088070731,0.060915825200225,0.060915825200225,0.060915825200225,0.060915825200225,0.060915825200225,0.060915825200225,0.0692108088070731,0.060915825200225,0.0692108088070731,0.060915825200225,0.060915825200225,0.060915825200225,0.0692108088070731,0.060915825200225,0.0692108088070731,0.0692108088070731,0.060915825200225,0.060915825200225,0.060915825200225,0.0692108088070731,0.060915825200225,0.060915825200225,0.060915825200225,0.0692108088070731,0.0692108088070731,0.060915825200225,0.0692108088070731,0.060915825200225,0.060915825200225,0.060915825200225,0.060915825200225,0.060915825200225,0.0692108088070731,0.0692108088070731,0.060915825200225,0.060915825200225,0.0692108088070731,0.0692108088070731,0.0692108088070731,0.060915825200225,0.0692108088070731,0.060915825200225,0.0692108088070731,0.060915825200225,0.060915825200225,0.060915825200225,0.0692108088070731,0.0692108088070731,0.060915825200225,0.060915825200225,0.060915825200225,0.060915825200225,0.060915825200225,0.060915825200225,0.060915825200225,0.060915825200225,0.060915825200225,0.060915825200225,0.0692108088070731,0.060915825200225,0.060915825200225,0.060915825200225,0.060915825200225,0.060915825200225,0.060915825200225,0.060915825200225,0.060915825200225,0.060915825200225,0.060915825200225,0.0609171627409114,0.0609171627409114,0.0609171627409114,0.0609171627409114,0.0609171627409114,1,0.0609171627409114,0.0609171627409114,0.0609171627409114,0.0609171627409114,0.0609171627409114,0.0609171627409114,0.060915825200225,0.060915825200225,0.060915825200225,0.060915825200225,0.060915825200225,0.060915825200225,0.060915825200225,0.060915825200225,0.0692108088070731,0.0692108088070731,0.060915825200225,0.060915825200225,0.0692108088070731,0.060915825200225,0.060915825200225,0.0692108088070731,0.060915825200225,0.060915825200225,0.060915825200225,0.0692108088070731,0.0692108088070731,0.0692108088070731,0.060915825200225,0.0692108088070731,0.060915825200225,0.060915825200225,0.060915825200225,0.060915825200225,0.060915825200225,0.060915825200225,0.060915825200225,0.060915825200225,0.060915825200225,0.060915825200225,0.060915825200225,0.060915825200225,0.060915825200225,0.060915825200225,0.0692108088070731,0.060915825200225,0.060915825200225,0.060915825200225,0.060915825200225,0.060915825200225,0.060915825200225,0.060915825200225,0.060915825200225,0.060915825200225,0.0692108088070731,0.060915825200225,0.060915825200225,0.0692108088070731,0.060915825200225,0.060915825200225,0.060915825200225,0.060915825200225,0.0692108088070731
"133",0.0672352608565578,0.060915825200225,0.067317034348134,0.0677798788031246,0.0681421384404037,0.0683362419784111,0.060915825200225,0.066791715872929,0.060915825200225,0.060915825200225,0.0670087100842552,0.060915825200225,0.0675807382519436,0.0673930094423945,0.0682672243745749,0.068014436393686,0.0674075570194465,0.0665941035468841,0.0668777287375233,0.0681485666048152,0.0685672267096476,0.0690692935681341,0.0678134863344436,0.0685201607068615,0.0665920687985593,0.067060977520972,0.060915825200225,0.0683303174537832,0.0749728225776359,0.070178669139317,0.0666413302809732,0.0701246254426225,0.0677117943840746,0.0669990421288219,0.0665551387725017,0.0650794126642302,0.0666619259941929,0.0665936162135113,0.065931445851314,0.0675334283046637,0.067557072286834,0.060915825200225,0.0670904462121325,0.0653003260851337,0.0667066090566942,0.0669044032274841,0.0660733714368841,0.0662828948118056,0.0677657348789069,0.067314827383608,0.0686397536679,0.0680649875367702,0.0668830289164744,0.0658682051934593,0.0668034673642316,0.0902191949352601,0.0789469633674358,0.078946963367436,0.0854033332997386,0.060915825200225,0.0854408237613502,0.0781858225983525,0.0881738632354538,0.0805924358274694,0.0820324841973635,0.0855904339450938,0.0917862237407249,0.0882315401427137,0.0857762667153402,0.060915825200225,0.0820324841973639,0.0868634222055741,0.060915825200225,0.0857107196603622,0.0868117533410289,0.0864891565124215,0.0724487940596705,0.0806204451644556,0.072399699081868,0.0833929241294229,0.0751724107381729,0.0841470045239105,0.060915825200225,0.0724487940596705,0.0809088202237107,0.0707473782801123,0.0821308694258776,0.0904607573800497,0.0921602526033517,0.060915825200225,0.060915825200225,0.0913459842557497,0.0872822148150516,0.0804860573801867,0.0826831259548713,0.0798876378800264,0.0786024166384584,0.0777515775100019,0.0774825789609734,0.0767136296419175,0.0812328901627958,0.0851336216616394,0.0970952964452187,0.0774825789609735,0.0767136296419173,0.0945041224101165,0.107360781385733,0.0954122682673372,0.107378977935133,0.0978700085391432,0.095154927310293,0.106955945317724,0.0965190894084623,0.0989481844235611,0.101493034079016,0.060915825200225,0.0840197204670444,0.0864837466979849,0.0851532051881358,0.060915825200225,0.0609158252002251,0.0907695520291993,0.0922232754029921,0.0851532051881358,0.0819172453923096,0.0609158252002251,0.248924085616478,0.245655129823778,0.253245336874337,0.233261707428139,0.2022610983301,0.0609171627409114,1,0.135590171574056,0.265470614160418,0.223554875821107,0.153160362926952,0.253290568216231,0.0993643130786897,0.0903762784123944,0.0927080954063958,0.0954681039933157,0.0896336793880297,0.0874444216089738,0.0935606739933379,0.060915825200225,0.060915825200225,0.060915825200225,0.060915825200225,0.0609158252002248,0.060915825200225,0.060915825200225,0.0609158252002248,0.060915825200225,0.060915825200225,0.060915825200225,0.060915825200225,0.060915825200225,0.060915825200225,0.060915825200225,0.060915825200225,0.0609158252002252,0.0609158252002253,0.0609158252002252,0.0609158252002252,0.0609158252002252,0.0609158252002252,0.0609158252002253,0.0609158252002253,0.0609158252002253,0.0609158252002253,0.0609158252002254,0.0609158252002253,0.0609158252002253,0.0609158252002253,0.0609158252002253,0.0609158252002253,0.0609158252002253,0.0609158252002253,0.0609158252002253,0.0609158252002253,0.0609158252002253,0.0609158252002251,0.0609158252002252,0.060915825200225,0.060915825200225,0.060915825200225,0.060915825200225,0.0707473782801127,0.060915825200225,0.060915825200225,0.060915825200225,0.060915825200225,0.060915825200225,0.060915825200225
"134",0.0635454078888247,0.060915825200225,0.0635794346863947,0.0637720290623083,0.0639227690528347,0.0640035375472221,0.060915825200225,0.0633608442230176,0.060915825200225,0.060915825200225,0.0634511377638748,0.060915825200225,0.063689164614522,0.0636110487107312,0.0639748186067778,0.0638696309073405,0.0636171021083537,0.063278615685553,0.063396635067649,0.0639254438786854,0.0640996526884502,0.0643085679130672,0.063786013504491,0.0640800680367696,0.0632777690056812,0.0634728867861359,0.060915825200225,0.0640010722911064,0.0667650875343203,0.0647701905888538,0.0632982672191951,0.0647477024464018,0.0637436984297276,0.0634471148273936,0.0632624020389945,0.0626483371068614,0.0633068373089765,0.0632784129010845,0.0630028769488207,0.0636694784550086,0.0636793169611009,0.060915825200225,0.0634851490140224,0.0627402614714532,0.0633254303945014,0.0634077345994494,0.0630619336562832,0.0631491185046642,0.063766143628815,0.0635785163455764,0.0641298319076478,0.0638906657620288,0.0633988405270561,0.0629765618554874,0.0633657341403734,0.0748176072499282,0.069469959252902,0.0694699592529021,0.072783154695317,0.060915825200225,0.0728013236187967,0.0692853476796084,0.073509595506455,0.070202154886285,0.0708984920572117,0.0725380956753816,0.0745147477949943,0.0738628507047441,0.0726282115169315,0.060915825200225,0.0708984920572119,0.0728939216695562,0.060915825200225,0.0725374214283405,0.0728481285041962,0.0728670319829297,0.0663756646034693,0.0702494073415607,0.066352422479297,0.071562624597974,0.0676650558991408,0.0719017063249012,0.060915825200225,0.0663756646034692,0.0703807377781073,0.065570194908047,0.0709702609758051,0.0737273188884609,0.074781261117016,0.060915825200225,0.060915825200225,0.0744380853056381,0.0719798542198456,0.0690537428401303,0.069995579082228,0.0688685939608153,0.0682588548421747,0.0679264074996463,0.0678524374474631,0.0675304731482951,0.0694227182030782,0.0709572126419118,0.0756688647125237,0.0678524374474632,0.067530473148295,0.0782065488230222,0.077554339760237,0.082783806247725,0.0816070630710807,0.0820002110291359,0.0756791528942604,0.0789196384739559,0.0784847500030013,0.081777745773234,0.0803551630807543,0.060915825200225,0.0790755145275689,0.0737271787806829,0.0728760967060439,0.060915825200225,0.0609158252002251,0.0760947500670348,0.0772937999568818,0.0728760967060439,0.0712792674382229,0.0609158252002251,0.125335877101554,0.126219490592912,0.136808592391432,0.122836842428294,0.165621688733167,0.0609171627409114,0.135590171574056,1,0.135590171574056,0.148862779429334,0.256576633081287,0.127300151271626,0.0852885109896244,0.0871410378761669,0.093751944800125,0.0880739576790986,0.0868531693298243,0.0831419493278367,0.0868597564241643,0.060915825200225,0.060915825200225,0.060915825200225,0.060915825200225,0.0609158252002248,0.060915825200225,0.060915825200225,0.0609158252002248,0.060915825200225,0.060915825200225,0.060915825200225,0.060915825200225,0.060915825200225,0.060915825200225,0.060915825200225,0.060915825200225,0.0609158252002251,0.0609158252002251,0.0609158252002251,0.0609158252002251,0.0609158252002251,0.060915825200225,0.0609158252002251,0.0609158252002251,0.0609158252002251,0.0609158252002251,0.0609158252002251,0.0609158252002251,0.0609158252002251,0.0609158252002251,0.0609158252002251,0.0609158252002251,0.0609158252002251,0.0609158252002251,0.0609158252002251,0.0609158252002251,0.0609158252002251,0.060915825200225,0.060915825200225,0.060915825200225,0.060915825200225,0.060915825200225,0.060915825200225,0.0655701949080472,0.060915825200225,0.060915825200225,0.060915825200225,0.060915825200225,0.060915825200225,0.060915825200225
"135",0.0672352608565578,0.060915825200225,0.067317034348134,0.0677798788031246,0.0681421384404037,0.0683362419784111,0.060915825200225,0.066791715872929,0.060915825200225,0.060915825200225,0.0670087100842552,0.060915825200225,0.0675807382519436,0.0673930094423945,0.0682672243745749,0.068014436393686,0.0674075570194465,0.0665941035468841,0.0668777287375233,0.0681485666048152,0.0685672267096476,0.0690692935681341,0.0678134863344436,0.0685201607068615,0.0665920687985593,0.067060977520972,0.060915825200225,0.0683303174537832,0.0749728225776359,0.070178669139317,0.0666413302809732,0.0701246254426225,0.0677117943840746,0.0669990421288218,0.0665551387725017,0.0650794126642302,0.066661925994193,0.0665936162135113,0.065931445851314,0.0675334283046637,0.067557072286834,0.060915825200225,0.0670904462121325,0.0653003260851337,0.0667066090566942,0.0669044032274841,0.0660733714368841,0.0662828948118056,0.0677657348789069,0.0673148273836079,0.0686397536679,0.0680649875367702,0.0668830289164744,0.0658682051934593,0.0668034673642316,0.0902191949352601,0.0789469633674358,0.0789469633674359,0.0854033332997386,0.060915825200225,0.0854408237613502,0.0781858225983525,0.0881738632354538,0.0805924358274694,0.0820324841973635,0.0855904339450938,0.0917862237407249,0.0882315401427137,0.0857762667153402,0.060915825200225,0.0820324841973639,0.0868634222055741,0.060915825200225,0.0857107196603622,0.0868117533410289,0.0864891565124215,0.0724487940596705,0.0806204451644556,0.072399699081868,0.083392924129423,0.0751724107381729,0.0841470045239105,0.060915825200225,0.0724487940596705,0.0809088202237107,0.0707473782801123,0.0821308694258776,0.0904607573800497,0.0921602526033517,0.060915825200225,0.060915825200225,0.0913459842557497,0.0872822148150516,0.0804860573801867,0.0826831259548713,0.0798876378800264,0.0786024166384584,0.0777515775100019,0.0774825789609734,0.0767136296419175,0.0812328901627958,0.0851336216616394,0.0970952964452187,0.0774825789609735,0.0767136296419173,0.0945041224101165,0.107360781385733,0.0954122682673372,0.107378977935133,0.0978700085391432,0.095154927310293,0.106955945317724,0.0965190894084623,0.0989481844235611,0.101493034079016,0.060915825200225,0.0840197204670444,0.0864837466979849,0.0851532051881358,0.060915825200225,0.0609158252002251,0.0907695520291993,0.0922232754029921,0.0851532051881358,0.0819172453923096,0.0609158252002251,0.248924085616478,0.245655129823778,0.253245336874337,0.233261707428139,0.2022610983301,0.0609171627409114,0.265470614160418,0.135590171574056,1,0.223554875821107,0.153160362926952,0.253290568216231,0.0993643130786897,0.0903762784123944,0.0927080954063958,0.0954681039933157,0.0896336793880297,0.0874444216089738,0.0935606739933379,0.060915825200225,0.060915825200225,0.060915825200225,0.060915825200225,0.0609158252002249,0.060915825200225,0.060915825200225,0.0609158252002249,0.060915825200225,0.060915825200225,0.060915825200225,0.060915825200225,0.060915825200225,0.060915825200225,0.060915825200225,0.060915825200225,0.0609158252002252,0.0609158252002253,0.0609158252002252,0.0609158252002252,0.0609158252002252,0.0609158252002252,0.0609158252002253,0.0609158252002253,0.0609158252002253,0.0609158252002253,0.0609158252002254,0.0609158252002253,0.0609158252002253,0.0609158252002253,0.0609158252002254,0.0609158252002253,0.0609158252002253,0.0609158252002253,0.0609158252002253,0.0609158252002253,0.0609158252002254,0.0609158252002251,0.0609158252002252,0.060915825200225,0.060915825200225,0.060915825200225,0.060915825200225,0.0707473782801127,0.060915825200225,0.060915825200225,0.060915825200225,0.060915825200225,0.060915825200225,0.060915825200225
"136",0.0661804686117062,0.060915825200225,0.0662485930926049,0.0666341830634537,0.0669359770710778,0.0670976823194716,0.060915825200225,0.065810956790913,0.060915825200225,0.060915825200225,0.0659917319751405,0.060915825200225,0.0664682815419021,0.0663118870006668,0.0670401846103291,0.066829590080934,0.0663240064065512,0.0656463284147545,0.065882613040856,0.0669413322950657,0.0672901128321928,0.0677083785005844,0.0666621810806751,0.0672509027294325,0.0656446332911795,0.066035275327951,0.060915825200225,0.0670927466715365,0.0726265352466246,0.0686325855198984,0.0656856724207686,0.0685875623869468,0.0665774627789744,0.0659836777214631,0.0656138673448287,0.0643844582400336,0.0657028304538278,0.0656459224233702,0.0650942765131651,0.0664288682120116,0.0664485657200999,0.060915825200225,0.0660598253288055,0.0645684984691167,0.0657400553586128,0.0659048352273714,0.0652125129569912,0.0653870642801345,0.0666223999357357,0.06624675449785,0.067350534140943,0.0668717036108208,0.0658870285541569,0.0650415915060192,0.0658207468124632,0.0874323794241598,0.0772321621011808,0.0772321621011809,0.0833827481998975,0.060915825200225,0.0834171451385662,0.0767607899133141,0.085165611125915,0.0786614905137651,0.0799808036124807,0.0831408658999427,0.0875616192943356,0.0856192260510732,0.0833114337902716,0.060915825200225,0.0799808036124811,0.083987200293262,0.060915825200225,0.0831785914675917,0.0839142320764766,0.0838341123377834,0.0713378120241084,0.0787286724668733,0.0712934464129625,0.0812349306928385,0.073799060075898,0.0818943106617986,0.060915825200225,0.0713378120241083,0.078982875692092,0.0698002952708243,0.0801007421935187,0.0861668304331167,0.0880097912929111,0.060915825200225,0.060915825200225,0.0873260758793925,0.0829955229283874,0.0772128187139786,0.0790771822810603,0.0767929429587981,0.0756299261907912,0.0749477034210673,0.0747703655954422,0.0741273042234565,0.0779066974798087,0.0810471643839636,0.0906849767190268,0.0747703655954423,0.0741273042234564,0.0929840839573551,0.0963485758423442,0.098266849159395,0.105339897804961,0.0980635058984399,0.0907834550563538,0.0987245615442913,0.0939687891054087,0.099935252732731,0.0987868064162501,0.060915825200225,0.0871001775375038,0.0848728720821732,0.083417055458525,0.060915825200225,0.0609158252002252,0.0891382356440906,0.0909633669391325,0.083417055458525,0.080412890961009,0.0609158252002252,0.199989836481361,0.206314223938078,0.236713802196107,0.19223357297885,0.238928556463918,0.0609171627409114,0.223554875821107,0.148862779429334,0.223554875821107,1,0.169555950067694,0.203915261793074,0.105580441051511,0.0948565101043469,0.0983589502717519,0.100074981330642,0.0940681257624436,0.0912288301934606,0.0995605525219728,0.060915825200225,0.060915825200225,0.060915825200225,0.060915825200225,0.0609158252002248,0.060915825200225,0.060915825200225,0.0609158252002247,0.060915825200225,0.060915825200225,0.060915825200225,0.060915825200225,0.060915825200225,0.060915825200225,0.060915825200225,0.060915825200225,0.060915825200225,0.0609158252002252,0.060915825200225,0.060915825200225,0.0609158252002251,0.060915825200225,0.0609158252002251,0.0609158252002252,0.0609158252002253,0.0609158252002253,0.0609158252002253,0.0609158252002253,0.0609158252002253,0.0609158252002253,0.0609158252002253,0.0609158252002253,0.0609158252002253,0.0609158252002253,0.0609158252002253,0.0609158252002253,0.0609158252002253,0.060915825200225,0.060915825200225,0.060915825200225,0.060915825200225,0.060915825200225,0.060915825200225,0.0698002952708246,0.060915825200225,0.060915825200225,0.060915825200225,0.060915825200225,0.060915825200225,0.060915825200225
"137",0.0641641357496531,0.060915825200225,0.0642061688851727,0.06444407976957,0.0646302881377535,0.0647300610612358,0.060915825200225,0.063936145161914,0.060915825200225,0.060915825200225,0.0640476843284074,0.060915825200225,0.0643417177251727,0.0642452215337954,0.0646945846954922,0.064564646848231,0.0642526992660768,0.0638345686544065,0.0639803574160839,0.0646335923369584,0.0648487916220067,0.0651068635704576,0.064461354682151,0.0648245987982036,0.0638335227549292,0.064074550788533,0.060915825200225,0.0647270157424928,0.0681413901648058,0.0656771037892245,0.0638588440971673,0.0656493242975658,0.0644090830786186,0.0640427148147776,0.0638145400166348,0.0630559886290974,0.0638694306868826,0.0638343181557509,0.063493949950421,0.0643173995092434,0.0643295529673829,0.060915825200225,0.0640896982582725,0.0631695423441211,0.063892398633895,0.0639940686130723,0.063566902410405,0.063674601424387,0.0644368095225504,0.064205034463281,0.064886071862905,0.0645906311006699,0.0639830818092317,0.0634614430451791,0.0639421856527498,0.0780886281258289,0.0714827048823127,0.0714827048823127,0.0755754789010088,0.060915825200225,0.0755979228827351,0.0712546551146913,0.076472847658639,0.0723871825435304,0.073247364422612,0.075272758700142,0.077714507332168,0.0769092220659614,0.0753840783555559,0.060915825200225,0.0732473644226122,0.0757123087989653,0.060915825200225,0.0752719258060916,0.0756557407272422,0.0756790921014573,0.0676603379355086,0.0724455532689021,0.0676316270539427,0.0740677640805993,0.0692531166552001,0.0744866300685263,0.060915825200225,0.0676603379355086,0.0726077851106102,0.0666653451861921,0.0733360202144222,0.0767418002805486,0.0780437299267795,0.060915825200225,0.060915825200225,0.0776198065364863,0.0745831657784182,0.0709685547967065,0.0721320004697799,0.0707398412976024,0.0699866335661754,0.0695759630006344,0.0694845881593374,0.0690868672456499,0.0714243482460395,0.0733199016718023,0.0791401822785149,0.0694845881593374,0.0690868672456498,0.0822749709668442,0.0814693003225009,0.087929234529109,0.0864756094762693,0.0869612632133333,0.0791528912187642,0.0831558471020036,0.0826186315148495,0.0866864529779448,0.0849291435814957,0.060915825200225,0.0833484000236329,0.0767416272061002,0.0756902897092934,0.060915825200225,0.0609158252002251,0.0796662763602501,0.0811474567860898,0.0756902897092934,0.0737177343761653,0.0609158252002251,0.140493283448379,0.141584806844103,0.154665472164203,0.137406238219594,0.190258148224294,0.0609171627409114,0.153160362926952,0.256576633081287,0.153160362926952,0.169555950067694,1,0.142919741660275,0.0910232839657698,0.0933117013084701,0.101478122085227,0.0944641325481384,0.0929560987103898,0.0883716469127834,0.0929642357155986,0.060915825200225,0.060915825200225,0.060915825200225,0.060915825200225,0.0609158252002249,0.060915825200225,0.060915825200225,0.0609158252002249,0.060915825200225,0.060915825200225,0.060915825200225,0.060915825200225,0.060915825200225,0.060915825200225,0.060915825200225,0.060915825200225,0.0609158252002251,0.0609158252002252,0.0609158252002251,0.0609158252002251,0.0609158252002251,0.0609158252002251,0.0609158252002252,0.0609158252002252,0.0609158252002252,0.0609158252002252,0.0609158252002252,0.0609158252002252,0.0609158252002252,0.0609158252002252,0.0609158252002252,0.0609158252002252,0.0609158252002252,0.0609158252002252,0.0609158252002252,0.0609158252002252,0.0609158252002252,0.0609158252002251,0.0609158252002251,0.060915825200225,0.060915825200225,0.060915825200225,0.060915825200225,0.0666653451861924,0.060915825200225,0.060915825200225,0.060915825200225,0.060915825200225,0.060915825200225,0.060915825200225
"138",0.0671275317305357,0.060915825200225,0.0672079112073204,0.0676628654279083,0.0680189495273326,0.0682097441299153,0.060915825200225,0.0666915479780099,0.060915825200225,0.060915825200225,0.0669048430304223,0.060915825200225,0.0674671196794758,0.067282591133634,0.068141903087808,0.0678934244518877,0.0672968907142118,0.0664973044026468,0.066776094558076,0.0680252681090896,0.0684367912020674,0.068930299191248,0.0676959000425662,0.0683905275461397,0.0664953043412261,0.066956219450032,0.060915825200225,0.0682039206022585,0.0747331891476404,0.0700207629375128,0.0665437260498477,0.0699676405383089,0.0675959416623343,0.0668953398872358,0.0664590038712946,0.0650084348644698,0.0665639706623828,0.0664968253769776,0.0658459432117454,0.067420616237642,0.0674438571544638,0.060915825200225,0.0669851857804572,0.0652255823146356,0.0666078920006523,0.0668023143208037,0.0659854493535352,0.0661914009269085,0.0676489626189861,0.0672057418655145,0.0685080817736786,0.0679431138359858,0.0667813043834455,0.0657837806344616,0.0667030991384671,0.0884981188320396,0.0778879397365681,0.0778879397365682,0.0837861793337606,0.060915825200225,0.0838211939269239,0.0770453127240397,0.0868143756863082,0.0794713988420785,0.0808174551042413,0.0842009861110343,0.0907212362769907,0.0866356391106499,0.0843745063814664,0.060915825200225,0.0808174551042416,0.0855766026284005,0.060915825200225,0.084355492609816,0.0855431851667466,0.0851165871570114,0.0717796540050824,0.0794734771194875,0.0717334075059783,0.0820846012941608,0.0743452471048219,0.0828077354405048,0.060915825200225,0.0717796540050824,0.0797488315040291,0.0701769539561817,0.0808921186284405,0.0895870349942936,0.0910096083091445,0.060915825200225,0.060915825200225,0.0902123316545326,0.0867664550696659,0.0801563416368953,0.082296211660111,0.0795224614120329,0.0783127384309294,0.0774609620683087,0.077169404171373,0.076414990925267,0.0808488201973192,0.0847464361749759,0.0966942005904279,0.0771694041713732,0.0764149909252668,0.0915551344690982,0.106619719073751,0.0917193265370669,0.10176178485266,0.0942988996939535,0.0916364802076663,0.10214582438338,0.0939429074826516,0.094825584632836,0.0974063344251448,0.060915825200225,0.0815077858510969,0.0845270251452702,0.0833994362109807,0.060915825200225,0.0609158252002254,0.088364135906739,0.0895690763262854,0.0833994362109808,0.0803976240789727,0.0609158252002254,0.249619891568518,0.220569791289124,0.22798420581696,0.244601270255944,0.18606882239681,0.0609171627409114,0.253290568216231,0.127300151271626,0.253290568216231,0.203915261793074,0.142919741660275,1,0.0949984338448862,0.0871447095390343,0.0891785929852677,0.0917114619137925,0.0864800989444807,0.0845473652751123,0.0899034874704688,0.060915825200225,0.060915825200225,0.060915825200225,0.060915825200225,0.0609158252002251,0.060915825200225,0.060915825200225,0.0609158252002251,0.060915825200225,0.060915825200225,0.060915825200225,0.060915825200225,0.060915825200225,0.060915825200225,0.060915825200225,0.060915825200225,0.0609158252002253,0.0609158252002253,0.0609158252002253,0.0609158252002253,0.0609158252002253,0.0609158252002252,0.0609158252002253,0.0609158252002253,0.0609158252002253,0.0609158252002253,0.0609158252002254,0.0609158252002253,0.0609158252002253,0.0609158252002253,0.0609158252002253,0.0609158252002253,0.0609158252002253,0.0609158252002253,0.0609158252002253,0.0609158252002253,0.0609158252002253,0.0609158252002252,0.0609158252002252,0.060915825200225,0.060915825200225,0.060915825200225,0.060915825200225,0.0701769539561821,0.060915825200225,0.060915825200225,0.060915825200225,0.060915825200225,0.060915825200225,0.060915825200225
"139",0.0664099590641445,0.060915825200225,0.0664810531512865,0.0668834513292539,0.0671984008040084,0.0673671549268871,0.060915825200225,0.0660243398969829,0.060915825200225,0.060915825200225,0.0662129952310279,0.060915825200225,0.0667103180139672,0.0665471060966587,0.0673071508418605,0.067087376311076,0.0665597537981413,0.0658525352246205,0.0660991197060987,0.0672039894669361,0.067567973655481,0.0680044718934839,0.0669126698047547,0.0675270543497377,0.0658507662091129,0.066258436677015,0.060915825200225,0.0673620041297028,0.0731370154324357,0.0689689659123972,0.0658935942705784,0.0689219801813465,0.0668242585575177,0.0662045898853246,0.0658186591480092,0.0645356590153629,0.065911500237441,0.0658521115357135,0.0652764188934462,0.0666691866222438,0.0666897427620931,0.060915825200225,0.0662840568340725,0.0647277217204502,0.0659503478086771,0.0661223105773357,0.0653998093682042,0.0655819695375676,0.0668711545645999,0.0664791344105637,0.0676310287824023,0.0671313256068964,0.0661037276955212,0.0652214373003435,0.0660345566742123,0.0895537625755049,0.078537505242716,0.0785375052427161,0.085310353943137,0.060915825200225,0.0853477020530243,0.0781202482148724,0.0869299425937588,0.0800559834169754,0.0814876946226856,0.0848754272702059,0.0891489476117999,0.0875894156326373,0.0850606582464998,0.060915825200225,0.0814876946226859,0.0856603840010884,0.060915825200225,0.0848861283843085,0.0855705052791054,0.0855734425709344,0.0721656079770084,0.0801462124594648,0.072117718500982,0.0828518989644069,0.074822347657293,0.0835543212448878,0.060915825200225,0.0721656079770084,0.0804179025761919,0.0705059695815277,0.0816302854622437,0.0875600418960253,0.0896793194484643,0.060915825200225,0.060915825200225,0.088963341618822,0.0840103880902809,0.0779201338744627,0.0798813728192456,0.0775180468333319,0.0762619764627356,0.0755622201721156,0.075398607538553,0.0747263861862034,0.0786771581599594,0.0819044240534808,0.0918121778822459,0.0753986075385531,0.0747263861862034,0.0962541739537475,0.0963499878794611,0.105676436440743,0.105797226401312,0.103068817788032,0.0921236930132079,0.0993040404356667,0.0969660917753002,0.105720647460203,0.101660827949023,0.060915825200225,0.0920150050262605,0.08714944225849,0.0854575077980645,0.060915825200225,0.0609158252002254,0.0919368331325808,0.0942055721743339,0.0854575077980645,0.082180920219368,0.0609158252002254,0.0940053508550863,0.0945327007070811,0.099969356629137,0.0925656141235429,0.106654762753417,0.060915825200225,0.0993643130786897,0.0852885109896244,0.0993643130786897,0.105580441051511,0.0910232839657698,0.0949984338448862,1,0.226375610628232,0.240317454466587,0.254301526664061,0.222274547200241,0.209650405350726,0.249812930304607,0.060915825200225,0.060915825200225,0.060915825200225,0.060915825200225,0.0609158252002248,0.060915825200225,0.060915825200225,0.0609158252002248,0.060915825200225,0.060915825200225,0.060915825200225,0.060915825200225,0.060915825200225,0.060915825200225,0.060915825200225,0.060915825200225,0.0609158252002251,0.0609158252002252,0.0609158252002251,0.0609158252002251,0.0609158252002251,0.0609158252002251,0.0609158252002252,0.0609158252002253,0.0609158252002253,0.0609158252002253,0.0609158252002254,0.0609158252002253,0.0609158252002253,0.0609158252002253,0.0609158252002254,0.0609158252002254,0.0609158252002253,0.0609158252002253,0.0609158252002254,0.0609158252002253,0.0609158252002253,0.0609158252002251,0.0609158252002251,0.060915825200225,0.060915825200225,0.060915825200225,0.060915825200225,0.0705059695815281,0.060915825200225,0.060915825200225,0.060915825200225,0.060915825200225,0.060915825200225,0.060915825200225
"140",0.0652791317960042,0.060915825200225,0.0653355929793372,0.06565516775992,0.0659052929215143,0.0660393133141111,0.060915825200225,0.0649728824949843,0.060915825200225,0.060915825200225,0.0651227079422261,0.060915825200225,0.0655176695199335,0.0653880506113046,0.0659916595389292,0.0658171199875628,0.0653980951061546,0.0648364394306777,0.0650322707884674,0.0659097313007781,0.0661987986314936,0.0665454548448472,0.0656783723577746,0.066166301520745,0.0648350345218741,0.0651587964260358,0.060915825200225,0.0660352226770999,0.0706215952577518,0.0673114323798961,0.0648690475196833,0.0672741174626992,0.065608158309889,0.0651160326224657,0.0648095358800583,0.0637906085878195,0.0648832680001541,0.0648361029473213,0.0643789019461513,0.065485003975692,0.0655013291586616,0.060915825200225,0.0651791433274842,0.0639431400857164,0.0649141197900817,0.065050688410596,0.0644768956400987,0.0646215627865785,0.065645401970507,0.0653340691624338,0.0662488754694462,0.0658520234422441,0.0650359303408442,0.064335236911084,0.0649809964093112,0.0841274535418337,0.0751985538248819,0.075198553824882,0.0807490792371515,0.060915825200225,0.0807794440193125,0.0749033752695163,0.0819184835985886,0.0764175061233026,0.0775811460639167,0.0803151941709989,0.0835443163357265,0.0825324354902065,0.0804658041817954,0.060915825200225,0.077581146063917,0.080890945851746,0.060915825200225,0.080309793919004,0.0808129101325611,0.0808572023992992,0.0700311977726236,0.076498917379414,0.0699923943197091,0.0786914261290325,0.0721838768504497,0.0792562050893297,0.060915825200225,0.0700311977726236,0.0767177926466144,0.068686440935053,0.0777028354544085,0.0822178138313274,0.0839959042299349,0.060915825200225,0.060915825200225,0.0834261002008943,0.0792823612729368,0.0744187351121398,0.0759838689722594,0.0741169047121006,0.0730988296979521,0.0725490174991755,0.0724294820628026,0.071895073286516,0.0750358946967594,0.0775746231625387,0.0853703111903952,0.0724294820628027,0.0718950732865159,0.089885654243649,0.0882902692828628,0.0977682334912475,0.0948270060759556,0.0964992857028543,0.0853443354828324,0.0905673463827787,0.0903006589408335,0.0955649102756206,0.0932277112597853,0.060915825200225,0.092642122593883,0.0823605465687194,0.0809199286747579,0.060915825200225,0.060915825200225,0.0863426897504046,0.0884028944864001,0.0809199286747579,0.0782491583758468,0.060915825200225,0.0863614931098497,0.0866273308890886,0.0906846829533315,0.0854339988866127,0.0996697995228419,0.060915825200225,0.0903762784123944,0.0871410378761669,0.0903762784123944,0.0948565101043469,0.0933117013084701,0.0871447095390343,0.226375610628232,1,0.253953369143664,0.258201138570166,0.252060124842351,0.245300011737836,0.230139449538811,0.060915825200225,0.060915825200225,0.060915825200225,0.060915825200225,0.060915825200225,0.060915825200225,0.060915825200225,0.060915825200225,0.060915825200225,0.060915825200225,0.060915825200225,0.060915825200225,0.060915825200225,0.060915825200225,0.060915825200225,0.060915825200225,0.0609158252002252,0.0609158252002253,0.0609158252002252,0.0609158252002252,0.0609158252002253,0.0609158252002252,0.0609158252002253,0.0609158252002254,0.0609158252002254,0.0609158252002254,0.0609158252002254,0.0609158252002254,0.0609158252002254,0.0609158252002254,0.0609158252002254,0.0609158252002254,0.0609158252002254,0.0609158252002254,0.0609158252002254,0.0609158252002254,0.0609158252002254,0.0609158252002252,0.0609158252002252,0.060915825200225,0.060915825200225,0.060915825200225,0.060915825200225,0.0686864409350533,0.060915825200225,0.060915825200225,0.060915825200225,0.060915825200225,0.060915825200225,0.060915825200225
"141",0.0655708891828457,0.060915825200225,0.065631125706496,0.0659720692130293,0.0662389192739467,0.0663819010903328,0.060915825200225,0.0652441621790043,0.060915825200225,0.060915825200225,0.0654040058727319,0.060915825200225,0.065825376999089,0.0656870909768305,0.066331060892053,0.0661448505579236,0.0656978071080886,0.0650985956962486,0.0653075215373061,0.0662436544304154,0.0665520505722469,0.0669218863419118,0.065996825412332,0.0665173805057584,0.065097096846643,0.0654425074534671,0.060915825200225,0.0663775369282922,0.0712705824529235,0.0677390818235109,0.0651333841616797,0.0676992718025453,0.0659219164234239,0.0653968842002327,0.0650698932095579,0.0639828342016949,0.0651485555105185,0.0650982367135554,0.0646104644549148,0.0657905272366135,0.065807944021243,0.060915825200225,0.0654642148732901,0.0641455648891882,0.0651814702399648,0.0653271706743848,0.0647150106070601,0.0648693510844628,0.0659616504231597,0.0656294999978671,0.0666054758541059,0.0661820878712294,0.065311425789755,0.0645638797083288,0.0652528186393085,0.0855256939806911,0.0760589281358226,0.0760589281358227,0.081924169353844,0.060915825200225,0.0819563332031346,0.0757321163229291,0.083210163694351,0.0773551100493903,0.0785878129030387,0.0814903494088532,0.0849895518214916,0.0838355197850186,0.0816498785273254,0.060915825200225,0.078587812903039,0.0821202564951536,0.060915825200225,0.0814891558114317,0.0820391903565448,0.0820726545649077,0.0705811998116136,0.077438759521072,0.0705400550415392,0.0797635049562274,0.0728637669299659,0.0803637702154365,0.060915825200225,0.0705811998116136,0.0776712494852173,0.0691553032294263,0.0787148630655853,0.0835955922561314,0.0854613516137592,0.060915825200225,0.060915825200225,0.0848538387311341,0.0805021128705845,0.0753221138723004,0.0769894156792086,0.0749943508841817,0.073914949722056,0.0733264290959386,0.0731954823387964,0.0726255195004933,0.0759752988548382,0.078691764028082,0.0870326471452539,0.0731954823387965,0.0726255195004933,0.0915250260893603,0.090370441778141,0.0996279947730594,0.0975448449249326,0.0982408218597211,0.0870508599759273,0.0927873853088791,0.0920175165132051,0.097846998914117,0.0953286474347081,0.060915825200225,0.0930633275738153,0.0835953442279277,0.0820887015469112,0.060915825200225,0.0609158252002252,0.0877865780191929,0.089909216710036,0.0820887015469112,0.0792618870705095,0.0609158252002252,0.0883422970310836,0.0887184982758714,0.0932268419314944,0.0872783250976047,0.105494109029567,0.060915825200225,0.0927080954063958,0.093751944800125,0.0927080954063958,0.0983589502717519,0.101478122085227,0.0891785929852677,0.240317454466587,0.253953369143664,1,0.260820322020698,0.251834452023132,0.224517234841252,0.251882937719636,0.060915825200225,0.060915825200225,0.060915825200225,0.060915825200225,0.060915825200225,0.060915825200225,0.060915825200225,0.060915825200225,0.060915825200225,0.060915825200225,0.060915825200225,0.060915825200225,0.060915825200225,0.060915825200225,0.060915825200225,0.060915825200225,0.0609158252002252,0.0609158252002253,0.0609158252002252,0.0609158252002252,0.0609158252002252,0.0609158252002252,0.0609158252002253,0.0609158252002253,0.0609158252002254,0.0609158252002254,0.0609158252002254,0.0609158252002254,0.0609158252002254,0.0609158252002253,0.0609158252002254,0.0609158252002254,0.0609158252002254,0.0609158252002254,0.0609158252002254,0.0609158252002254,0.0609158252002254,0.0609158252002252,0.0609158252002252,0.060915825200225,0.060915825200225,0.060915825200225,0.060915825200225,0.0691553032294267,0.060915825200225,0.060915825200225,0.060915825200225,0.060915825200225,0.060915825200225,0.060915825200225
"142",0.0660758138080547,0.060915825200225,0.0661425840558903,0.0665205089600793,0.0668163036643998,0.0669747944061884,0.060915825200225,0.0657136474395609,0.060915825200225,0.060915825200225,0.0658908290297059,0.060915825200225,0.066357905362016,0.06620461975689,0.0669184396826179,0.066712031520162,0.0662164982435054,0.0655522916782855,0.0657838792491036,0.0668215524329508,0.0671633996308605,0.0675733506788726,0.0665479504102618,0.0671249689779669,0.0655506302517362,0.0659335067928299,0.060915825200225,0.066969956873021,0.0723937403610575,0.0684791855698998,0.0655908535725964,0.0684350574428907,0.0664649162069011,0.0658829348849419,0.0655204758955394,0.0643155059708394,0.0656076705245149,0.0655518937575235,0.0650112139071073,0.066319275521904,0.0663385814671303,0.060915825200225,0.0659575687690798,0.0644958877006598,0.0656441554427904,0.0658056596851745,0.0651270999520846,0.065298181404047,0.0665089600668234,0.0661407820101965,0.0672226198363811,0.0667533078835291,0.0657882069872901,0.0649595762147834,0.0657232428472116,0.0884876914725114,0.0778815235065553,0.0778815235065554,0.0844902891857764,0.060915825200225,0.0845263817736164,0.0775418914393133,0.0858427344996703,0.0793264351791764,0.0807094817631301,0.0839541026051242,0.0877298296644241,0.0865923189892012,0.0841331260805268,0.060915825200225,0.0807094817631304,0.0846225512315825,0.060915825200225,0.083944090733254,0.0845285308957575,0.0845918557907919,0.0717427776570833,0.0794252553386265,0.071696688137809,0.082029491511187,0.0742996620680474,0.0826991999935089,0.060915825200225,0.0717427776570833,0.0796849044570546,0.07014551783794,0.0808555935473346,0.0861442655190205,0.0882717962565027,0.060915825200225,0.060915825200225,0.087597642623168,0.0826424732649118,0.0768837975122959,0.0787366777137555,0.0765314211692255,0.0753221025191066,0.07467344541426,0.0745347977507848,0.0739026703092696,0.0776178027891461,0.0806137339973881,0.0898138190877558,0.0745347977507849,0.0739026703092695,0.0954114803170784,0.093090244032408,0.104976744794309,0.100661293919448,0.103502595422445,0.0897466476997919,0.095792921989237,0.0958627819389193,0.101918965860651,0.0991747679738443,0.060915825200225,0.0997844489392999,0.0864341243824874,0.0847064154377585,0.060915825200225,0.0609158252002252,0.0911887401329231,0.093684898614491,0.0847064154377585,0.0815301070427904,0.0609158252002252,0.0907858032017011,0.091026688686537,0.0956822306046692,0.0897480625222485,0.104179614834606,0.060915825200225,0.0954681039933157,0.0880739576790986,0.0954681039933157,0.100074981330642,0.0944641325481384,0.0917114619137925,0.254301526664061,0.258201138570166,0.260820322020698,1,0.252158882570561,0.242548650069971,0.252759877579957,0.060915825200225,0.060915825200225,0.060915825200225,0.060915825200225,0.0609158252002249,0.060915825200225,0.060915825200225,0.0609158252002249,0.060915825200225,0.060915825200225,0.060915825200225,0.060915825200225,0.060915825200225,0.060915825200225,0.060915825200225,0.060915825200225,0.0609158252002252,0.0609158252002253,0.0609158252002252,0.0609158252002252,0.0609158252002253,0.0609158252002252,0.0609158252002253,0.0609158252002254,0.0609158252002254,0.0609158252002254,0.0609158252002254,0.0609158252002254,0.0609158252002254,0.0609158252002253,0.0609158252002254,0.0609158252002254,0.0609158252002254,0.0609158252002254,0.0609158252002254,0.0609158252002254,0.0609158252002254,0.0609158252002252,0.0609158252002252,0.060915825200225,0.060915825200225,0.060915825200225,0.060915825200225,0.0701455178379404,0.060915825200225,0.060915825200225,0.060915825200225,0.060915825200225,0.060915825200225,0.060915825200225
"143",0.0651647368303162,0.060915825200225,0.0652197177428985,0.0655309140735015,0.065774481580104,0.0659049882938254,0.060915825200225,0.064866516618592,0.060915825200225,0.060915825200225,0.0650124140180287,0.060915825200225,0.0653970206928344,0.0652708000672002,0.0658585838812215,0.0656886203195434,0.065280581220564,0.0647336507495425,0.0649243478998308,0.0657788035961849,0.0660602923058128,0.0663978600618779,0.0655535103049447,0.066028647187879,0.0647322826739275,0.0650475563522208,0.060915825200225,0.0659010049030666,0.0703671342868495,0.067143755585288,0.0647654039361614,0.0671074189717191,0.0654851370934575,0.065005913708426,0.0647074525426074,0.0637152389708179,0.0647792515912669,0.0647333230879366,0.0642881087513965,0.065365211557312,0.0653811087348906,0.060915825200225,0.0650673698088971,0.0638637714750422,0.0648092945245687,0.0649422826580568,0.0643835332962341,0.0645244076326295,0.0655214043186165,0.065218233876656,0.0661090562545531,0.0657226086931016,0.0649279115079141,0.0642455885041361,0.0648744178064165,0.0835062446407468,0.074816307563531,0.0748163075635312,0.0802166690054489,0.060915825200225,0.0802462186656598,0.0745278889897824,0.0813585740099423,0.076002950049505,0.0771353626598788,0.0797965519799208,0.0829454713831078,0.0819539899704769,0.0799431186129441,0.060915825200225,0.0771353626598792,0.0803584972585369,0.060915825200225,0.079791669171382,0.0802826874434729,0.0803246837759486,0.0697873188965931,0.076081963143253,0.0697495536176433,0.0782158075307678,0.0718824037346023,0.0787655919310959,0.060915825200225,0.0697873188965931,0.0762950160646055,0.0684785405978563,0.0772536332228306,0.0816554942916916,0.0833843982267941,0.060915825200225,0.060915825200225,0.0828295652657001,0.0788001498411871,0.0740647630967645,0.0755886584657619,0.0737703727585927,0.0727795444348084,0.0722439869190734,0.0721273041112866,0.0716069209874247,0.074665310986766,0.0771381371435992,0.0847314106808007,0.0721273041112867,0.0716069209874246,0.0891016390089119,0.0875931308822578,0.096752320604133,0.0939749957793168,0.0955138951054197,0.0847098950177115,0.0898094889639435,0.0895098559038969,0.0946536377148438,0.0923756674951378,0.060915825200225,0.0916704349037585,0.0817819342617631,0.0803815793371881,0.060915825200225,0.0609158252002251,0.085654970517691,0.0876549637313593,0.0803815793371882,0.0777826846623484,0.0609158252002251,0.0857173581565073,0.0859838450379948,0.0899496096746245,0.0848080535009256,0.0989197969897659,0.060915825200225,0.0896336793880297,0.0868531693298243,0.0896336793880297,0.0940681257624436,0.0929560987103898,0.0864800989444807,0.222274547200241,0.252060124842351,0.251834452023132,0.252158882570561,1,0.220326727258699,0.226560965642249,0.060915825200225,0.060915825200225,0.060915825200225,0.060915825200225,0.0609158252002251,0.060915825200225,0.060915825200225,0.0609158252002251,0.060915825200225,0.060915825200225,0.060915825200225,0.060915825200225,0.060915825200225,0.060915825200225,0.060915825200225,0.060915825200225,0.0609158252002252,0.0609158252002254,0.0609158252002253,0.0609158252002253,0.0609158252002253,0.0609158252002252,0.0609158252002253,0.0609158252002254,0.0609158252002254,0.0609158252002254,0.0609158252002254,0.0609158252002254,0.0609158252002254,0.0609158252002254,0.0609158252002254,0.0609158252002254,0.0609158252002254,0.0609158252002254,0.0609158252002254,0.0609158252002254,0.0609158252002254,0.0609158252002252,0.0609158252002252,0.060915825200225,0.060915825200225,0.060915825200225,0.060915825200225,0.0684785405978566,0.060915825200225,0.060915825200225,0.060915825200225,0.060915825200225,0.060915825200225,0.060915825200225
"144",0.0648613216486529,0.060915825200225,0.0649123763690637,0.0652013501402437,0.0654275244681461,0.0655487116850882,0.060915825200225,0.0645843973704744,0.060915825200225,0.060915825200225,0.0647198762228082,0.060915825200225,0.0650770180985631,0.0649598108997521,0.0655056210159805,0.065347794568329,0.0649688935800285,0.0644610194657094,0.0646380989144463,0.0654315378486496,0.0656929254228801,0.0660063874335339,0.0652223327726608,0.0656635400858132,0.0644597490845036,0.0647525090395894,0.060915825200225,0.0655450127486406,0.0696922154104094,0.0666990184870185,0.0644905051542664,0.0666652766744638,0.0651588420986774,0.0647138401009294,0.0644366920752113,0.063515332568496,0.0645033639470102,0.0644607152024499,0.0640472936638215,0.065047480456419,0.0650622424150421,0.060915825200225,0.064770907615449,0.0636532583525351,0.0645312615116014,0.0646547529498897,0.0641359039328803,0.06426671841958,0.0651925194778552,0.0649109984658501,0.0657382071334254,0.0653793558289143,0.064641408044939,0.0640078097914425,0.0645917343337285,0.0819519360005174,0.0738599003619062,0.0738599003619063,0.0788962173611803,0.060915825200225,0.0789237454052481,0.0735966306368214,0.0799418834571534,0.0749634415186282,0.0760183354540509,0.0784949722461717,0.0813982979855536,0.0805061279499683,0.0786315132905221,0.060915825200225,0.0760183354540512,0.0790107965520342,0.060915825200225,0.0784886899178702,0.0789395630971794,0.078983838164838,0.0691765798563265,0.0750380390886921,0.0691414144473659,0.0770250044211108,0.071127433052288,0.0775364006248658,0.060915825200225,0.0691765798563264,0.0752362685086629,0.0679579016049379,0.0761292228036291,0.0801923087657552,0.0818097021826717,0.060915825200225,0.060915825200225,0.0812943399695159,0.0775262233127834,0.0731256080667123,0.0745416335679635,0.0728544409896423,0.0719317849454547,0.071435215900934,0.07132817375722,0.0708448824348341,0.0736852769045547,0.0759784634661523,0.083020342851123,0.0713281737572201,0.070844882434834,0.087202836075926,0.0855925159917368,0.0944245596372978,0.0914418838447415,0.093287343935592,0.0829827867111965,0.0876553468260888,0.0875628668543861,0.0922577214161259,0.0901519408510523,0.060915825200225,0.0901249617194601,0.0803680950160553,0.0790561415023512,0.060915825200225,0.060915825200225,0.083986441673398,0.0858724437046526,0.0790561415023512,0.0766342075199434,0.060915825200225,0.0838393631868375,0.084051384297867,0.0876651802149992,0.0830234898417479,0.0949685797847997,0.060915825200225,0.0874444216089738,0.0831419493278367,0.0874444216089738,0.0912288301934606,0.0883716469127834,0.0845473652751123,0.209650405350726,0.245300011737836,0.224517234841252,0.242548650069971,0.220326727258699,1,0.210741150975583,0.060915825200225,0.060915825200225,0.060915825200225,0.060915825200225,0.0609158252002247,0.060915825200225,0.060915825200225,0.0609158252002247,0.060915825200225,0.060915825200225,0.060915825200225,0.060915825200225,0.060915825200225,0.060915825200225,0.060915825200225,0.060915825200225,0.0609158252002252,0.0609158252002253,0.0609158252002252,0.0609158252002252,0.0609158252002252,0.0609158252002252,0.0609158252002253,0.0609158252002253,0.0609158252002253,0.0609158252002253,0.0609158252002254,0.0609158252002253,0.0609158252002253,0.0609158252002253,0.0609158252002253,0.0609158252002253,0.0609158252002253,0.0609158252002253,0.0609158252002253,0.0609158252002253,0.0609158252002253,0.0609158252002251,0.0609158252002251,0.060915825200225,0.060915825200225,0.060915825200225,0.060915825200225,0.0679579016049382,0.060915825200225,0.060915825200225,0.060915825200225,0.060915825200225,0.060915825200225,0.060915825200225
"145",0.0656516610680468,0.060915825200225,0.0657129427798172,0.0660598021340967,0.0663312824176204,0.0664767451689415,0.060915825200225,0.0653192648927085,0.060915825200225,0.060915825200225,0.0654818820985785,0.060915825200225,0.0659105646046229,0.0657698791260397,0.0664250228219577,0.0662355814775162,0.0657807811971961,0.0651711726274333,0.065383723624689,0.0663360997356912,0.0666498469828689,0.0670260999215442,0.0660849878881586,0.0666145753421291,0.0651696477706862,0.0655210517357081,0.060915825200225,0.0664723052825721,0.0714502520057425,0.0678574748902296,0.0652065647215034,0.0678169741095976,0.0660087791232914,0.0654746368550789,0.0651419721123656,0.0640360511069623,0.0652219993145105,0.0651708074158872,0.0646745716248384,0.0658751101499188,0.0658928291401751,0.060915825200225,0.0655431358096927,0.0642016053999868,0.0652554851606501,0.0654037137018386,0.064780931799268,0.064937950300296,0.0660492025636186,0.0657112888628649,0.0667041992682556,0.0662734649104042,0.0653876956213906,0.0646271785676003,0.0653280715547329,0.0858222599297054,0.0762414130053348,0.0762414130053349,0.0821605745164617,0.060915825200225,0.0821931003028934,0.0758988428239157,0.0835014430939547,0.0775564585712612,0.0788031345818343,0.0817438849521641,0.0853497326252143,0.0841125079705261,0.0819052055606532,0.060915825200225,0.0788031345818347,0.0823979991511395,0.060915825200225,0.0817465441242184,0.0823173814378551,0.0823397325340619,0.0706984448104532,0.0776388412453752,0.0706568009372696,0.0799917402265189,0.0730087004137222,0.0806004889338136,0.060915825200225,0.0706984448104531,0.0778744997243272,0.0692552515119103,0.0789300350705622,0.0839495984255479,0.0858212522812962,0.060915825200225,0.060915825200225,0.0852035303894861,0.0808348837453368,0.0755725000136102,0.077266623290142,0.0752341735359573,0.0741417660891118,0.073541384756353,0.0734052670220104,0.072825566984034,0.076232573701713,0.0790029419564307,0.0875088419054556,0.0734052670220105,0.072825566984034,0.0918038753012745,0.0910947677545309,0.0999059660947264,0.0986428159054145,0.0983107340147855,0.087596019538408,0.0935668498592372,0.0923468754092015,0.0986894086807409,0.0959259245552753,0.060915825200225,0.0917670841441241,0.0838189557815951,0.0823129168511027,0.060915825200225,0.0609158252002253,0.0880330625851475,0.0901221593426139,0.0823129168511028,0.0794561671378753,0.0609158252002253,0.0890513439930038,0.0894839675590935,0.0941592418147092,0.0879081373483261,0.106282550208819,0.060915825200225,0.0935606739933379,0.0868597564241643,0.0935606739933379,0.0995605525219728,0.0929642357155986,0.0899034874704688,0.249812930304607,0.230139449538811,0.251882937719636,0.252759877579957,0.226560965642249,0.210741150975583,1,0.060915825200225,0.060915825200225,0.060915825200225,0.060915825200225,0.0609158252002249,0.060915825200225,0.060915825200225,0.0609158252002249,0.060915825200225,0.060915825200225,0.060915825200225,0.060915825200225,0.060915825200225,0.060915825200225,0.060915825200225,0.060915825200225,0.0609158252002251,0.0609158252002253,0.0609158252002251,0.0609158252002251,0.0609158252002252,0.0609158252002251,0.0609158252002252,0.0609158252002253,0.0609158252002253,0.0609158252002253,0.0609158252002253,0.0609158252002253,0.0609158252002253,0.0609158252002253,0.0609158252002253,0.0609158252002253,0.0609158252002253,0.0609158252002253,0.0609158252002253,0.0609158252002253,0.0609158252002253,0.0609158252002251,0.0609158252002251,0.060915825200225,0.060915825200225,0.060915825200225,0.060915825200225,0.0692552515119106,0.060915825200225,0.060915825200225,0.060915825200225,0.060915825200225,0.060915825200225,0.060915825200225
"146",0.060915825200225,0.060915825200225,0.060915825200225,0.060915825200225,0.060915825200225,0.060915825200225,0.060915825200225,0.060915825200225,0.060915825200225,0.060915825200225,0.060915825200225,0.060915825200225,0.060915825200225,0.060915825200225,0.060915825200225,0.060915825200225,0.060915825200225,0.060915825200225,0.060915825200225,0.060915825200225,0.060915825200225,0.060915825200225,0.060915825200225,0.060915825200225,0.060915825200225,0.060915825200225,0.060915825200225,0.060915825200225,0.060915825200225,0.060915825200225,0.060915825200225,0.060915825200225,0.060915825200225,0.060915825200225,0.060915825200225,0.060915825200225,0.060915825200225,0.060915825200225,0.060915825200225,0.060915825200225,0.060915825200225,0.060915825200225,0.060915825200225,0.060915825200225,0.060915825200225,0.060915825200225,0.060915825200225,0.060915825200225,0.060915825200225,0.060915825200225,0.060915825200225,0.060915825200225,0.060915825200225,0.060915825200225,0.060915825200225,0.060915825200225,0.060915825200225,0.060915825200225,0.060915825200225,0.060915825200225,0.060915825200225,0.060915825200225,0.060915825200225,0.060915825200225,0.060915825200225,0.060915825200225,0.060915825200225,0.060915825200225,0.060915825200225,0.060915825200225,0.060915825200225,0.060915825200225,0.060915825200225,0.060915825200225,0.060915825200225,0.060915825200225,0.060915825200225,0.060915825200225,0.0692108088070731,0.060915825200225,0.060915825200225,0.060915825200225,0.060915825200225,0.060915825200225,0.060915825200225,0.060915825200225,0.060915825200225,0.060915825200225,0.060915825200225,0.060915825200225,0.060915825200225,0.060915825200225,0.060915825200225,0.060915825200225,0.060915825200225,0.060915825200225,0.060915825200225,0.060915825200225,0.060915825200225,0.060915825200225,0.060915825200225,0.060915825200225,0.060915825200225,0.060915825200225,0.060915825200225,0.060915825200225,0.060915825200225,0.060915825200225,0.060915825200225,0.060915825200225,0.060915825200225,0.060915825200225,0.060915825200225,0.060915825200225,0.060915825200225,0.060915825200225,0.060915825200225,0.060915825200225,0.060915825200225,0.060915825200225,0.060915825200225,0.060915825200225,0.060915825200225,0.060915825200225,0.060915825200225,0.060915825200225,0.060915825200225,0.060915825200225,0.060915825200225,0.060915825200225,0.060915825200225,0.060915825200225,0.060915825200225,0.060915825200225,0.060915825200225,0.060915825200225,0.060915825200225,0.060915825200225,0.060915825200225,0.060915825200225,0.060915825200225,0.060915825200225,0.060915825200225,0.060915825200225,0.060915825200225,1,0.0609171627409114,0.0609171627409114,0.0609171627409114,0.0609171627409114,0.0609171627409114,0.0609171627409114,0.0609171627409114,0.0609171627409114,0.0609171627409114,0.0692121463477595,0.0609171627409114,0.0609171627409114,0.0609171627409114,0.0609171627409114,0.0609171627409114,0.060915825200225,0.060915825200225,0.060915825200225,0.060915825200225,0.060915825200225,0.060915825200225,0.060915825200225,0.060915825200225,0.060915825200225,0.060915825200225,0.060915825200225,0.060915825200225,0.060915825200225,0.060915825200225,0.060915825200225,0.060915825200225,0.060915825200225,0.060915825200225,0.0692108088070731,0.060915825200225,0.060915825200225,0.060915825200225,0.060915825200225,0.060915825200225,0.060915825200225,0.060915825200225,0.060915825200225,0.060915825200225,0.060915825200225,0.060915825200225,0.060915825200225,0.060915825200225,0.060915825200225,0.060915825200225
"147",0.060915825200225,0.060915825200225,0.060915825200225,0.0692108088070731,0.060915825200225,0.0692108088070731,0.060915825200225,0.0692108088070731,0.0692108088070731,0.060915825200225,0.060915825200225,0.060915825200225,0.060915825200225,0.0692108088070731,0.0692108088070731,0.0692108088070731,0.0692108088070731,0.0692108088070731,0.060915825200225,0.060915825200225,0.060915825200225,0.060915825200225,0.060915825200225,0.060915825200225,0.060915825200225,0.060915825200225,0.060915825200225,0.060915825200225,0.060915825200225,0.060915825200225,0.060915825200225,0.0692108088070731,0.060915825200225,0.060915825200225,0.0692108088070731,0.0692108088070731,0.060915825200225,0.060915825200225,0.0692108088070731,0.060915825200225,0.060915825200225,0.060915825200225,0.060915825200225,0.0692108088070731,0.0692108088070731,0.060915825200225,0.060915825200225,0.060915825200225,0.060915825200225,0.060915825200225,0.060915825200225,0.0692108088070731,0.060915825200225,0.0692108088070731,0.060915825200225,0.060915825200225,0.0692108088070731,0.060915825200225,0.060915825200225,0.060915825200225,0.060915825200225,0.060915825200225,0.060915825200225,0.0692108088070731,0.060915825200225,0.0692108088070731,0.060915825200225,0.060915825200225,0.060915825200225,0.0692108088070731,0.060915825200225,0.0692108088070731,0.0692108088070731,0.060915825200225,0.060915825200225,0.060915825200225,0.0692108088070731,0.060915825200225,0.060915825200225,0.060915825200225,0.0692108088070731,0.0692108088070731,0.060915825200225,0.0692108088070731,0.060915825200225,0.060915825200225,0.060915825200225,0.060915825200225,0.060915825200225,0.0692108088070731,0.0692108088070731,0.060915825200225,0.060915825200225,0.0692108088070731,0.0692108088070731,0.0692108088070731,0.060915825200225,0.0692108088070731,0.060915825200225,0.0692108088070731,0.060915825200225,0.060915825200225,0.060915825200225,0.0692108088070731,0.0692108088070731,0.060915825200225,0.060915825200225,0.060915825200225,0.060915825200225,0.060915825200225,0.060915825200225,0.060915825200225,0.060915825200225,0.060915825200225,0.060915825200225,0.0692108088070731,0.060915825200225,0.060915825200225,0.060915825200225,0.060915825200225,0.060915825200225,0.060915825200225,0.060915825200225,0.060915825200225,0.060915825200225,0.060915825200225,0.060915825200225,0.060915825200225,0.060915825200225,0.060915825200225,0.060915825200225,0.0692108088070731,0.060915825200225,0.060915825200225,0.060915825200225,0.060915825200225,0.060915825200225,0.060915825200225,0.060915825200225,0.060915825200225,0.060915825200225,0.060915825200225,0.060915825200225,0.060915825200225,0.060915825200225,0.0609171627409114,1,0.0692121463477595,0.0609171627409114,0.0609171627409114,0.0692121463477595,0.0609171627409114,0.0609171627409114,0.0692121463477595,0.0609171627409114,0.0609171627409114,0.0609171627409114,0.0692121463477595,0.0692121463477595,0.0692121463477595,0.0609171627409114,0.0692108088070731,0.060915825200225,0.060915825200225,0.060915825200225,0.060915825200225,0.060915825200225,0.060915825200225,0.060915825200225,0.060915825200225,0.060915825200225,0.060915825200225,0.060915825200225,0.060915825200225,0.060915825200225,0.060915825200225,0.0692108088070731,0.060915825200225,0.060915825200225,0.060915825200225,0.060915825200225,0.060915825200225,0.060915825200225,0.060915825200225,0.060915825200225,0.060915825200225,0.0692108088070731,0.060915825200225,0.060915825200225,0.0692108088070731,0.060915825200225,0.060915825200225,0.060915825200225,0.060915825200225,0.0692108088070731
"148",0.060915825200225,0.060915825200225,0.060915825200225,0.0692108088070731,0.060915825200225,0.0692108088070731,0.060915825200225,0.0692108088070731,0.0692108088070731,0.060915825200225,0.060915825200225,0.060915825200225,0.060915825200225,0.0692108088070731,0.0692108088070731,0.0692108088070731,0.0692108088070731,0.0692108088070731,0.060915825200225,0.060915825200225,0.060915825200225,0.060915825200225,0.060915825200225,0.060915825200225,0.060915825200225,0.060915825200225,0.060915825200225,0.060915825200225,0.060915825200225,0.060915825200225,0.060915825200225,0.0692108088070731,0.060915825200225,0.060915825200225,0.0692108088070731,0.0692108088070731,0.060915825200225,0.060915825200225,0.0692108088070731,0.060915825200225,0.060915825200225,0.060915825200225,0.060915825200225,0.0692108088070731,0.0692108088070731,0.060915825200225,0.060915825200225,0.060915825200225,0.060915825200225,0.060915825200225,0.060915825200225,0.0692108088070731,0.060915825200225,0.0692108088070731,0.060915825200225,0.060915825200225,0.0692108088070731,0.060915825200225,0.060915825200225,0.060915825200225,0.060915825200225,0.060915825200225,0.060915825200225,0.0692108088070731,0.060915825200225,0.0692108088070731,0.060915825200225,0.060915825200225,0.060915825200225,0.0692108088070731,0.060915825200225,0.0692108088070731,0.0692108088070731,0.060915825200225,0.060915825200225,0.060915825200225,0.0692108088070731,0.060915825200225,0.060915825200225,0.060915825200225,0.0692108088070731,0.0692108088070731,0.060915825200225,0.0692108088070731,0.060915825200225,0.060915825200225,0.060915825200225,0.060915825200225,0.060915825200225,0.0692108088070731,0.0692108088070731,0.060915825200225,0.060915825200225,0.0692108088070731,0.0692108088070731,0.0692108088070731,0.060915825200225,0.0692108088070731,0.060915825200225,0.0692108088070731,0.060915825200225,0.060915825200225,0.060915825200225,0.0692108088070731,0.0692108088070731,0.060915825200225,0.060915825200225,0.060915825200225,0.060915825200225,0.060915825200225,0.060915825200225,0.060915825200225,0.060915825200225,0.060915825200225,0.060915825200225,0.0692108088070731,0.060915825200225,0.060915825200225,0.060915825200225,0.060915825200225,0.060915825200225,0.060915825200225,0.060915825200225,0.060915825200225,0.060915825200225,0.060915825200225,0.060915825200225,0.060915825200225,0.060915825200225,0.060915825200225,0.060915825200225,0.0692108088070731,0.060915825200225,0.060915825200225,0.060915825200225,0.060915825200225,0.060915825200225,0.060915825200225,0.060915825200225,0.060915825200225,0.060915825200225,0.060915825200225,0.060915825200225,0.060915825200225,0.060915825200225,0.0609171627409114,0.0692121463477595,1,0.0609171627409114,0.0609171627409114,0.0692121463477595,0.0609171627409114,0.0609171627409114,0.0692121463477595,0.0609171627409114,0.0609171627409114,0.0609171627409114,0.0692121463477595,0.0692121463477595,0.0692121463477595,0.0609171627409114,0.0692108088070731,0.060915825200225,0.060915825200225,0.060915825200225,0.060915825200225,0.060915825200225,0.060915825200225,0.060915825200225,0.060915825200225,0.060915825200225,0.060915825200225,0.060915825200225,0.060915825200225,0.060915825200225,0.060915825200225,0.0692108088070731,0.060915825200225,0.060915825200225,0.060915825200225,0.060915825200225,0.060915825200225,0.060915825200225,0.060915825200225,0.060915825200225,0.060915825200225,0.0692108088070731,0.060915825200225,0.060915825200225,0.0692108088070731,0.060915825200225,0.060915825200225,0.060915825200225,0.060915825200225,0.0692108088070731
"149",0.060915825200225,0.060915825200225,0.060915825200225,0.060915825200225,0.060915825200225,0.060915825200225,0.060915825200225,0.060915825200225,0.060915825200225,0.060915825200225,0.060915825200225,0.060915825200225,0.060915825200225,0.060915825200225,0.060915825200225,0.060915825200225,0.060915825200225,0.060915825200225,0.060915825200225,0.060915825200225,0.060915825200225,0.060915825200225,0.060915825200225,0.060915825200225,0.060915825200225,0.060915825200225,0.060915825200225,0.060915825200225,0.060915825200225,0.060915825200225,0.060915825200225,0.060915825200225,0.060915825200225,0.060915825200225,0.060915825200225,0.060915825200225,0.060915825200225,0.060915825200225,0.060915825200225,0.060915825200225,0.060915825200225,0.060915825200225,0.060915825200225,0.060915825200225,0.060915825200225,0.060915825200225,0.060915825200225,0.060915825200225,0.060915825200225,0.060915825200225,0.060915825200225,0.060915825200225,0.060915825200225,0.060915825200225,0.060915825200225,0.060915825200225,0.060915825200225,0.060915825200225,0.060915825200225,0.060915825200225,0.060915825200225,0.060915825200225,0.060915825200225,0.060915825200225,0.060915825200225,0.060915825200225,0.060915825200225,0.060915825200225,0.060915825200225,0.060915825200225,0.060915825200225,0.060915825200225,0.060915825200225,0.060915825200225,0.060915825200225,0.060915825200225,0.060915825200225,0.060915825200225,0.060915825200225,0.060915825200225,0.060915825200225,0.060915825200225,0.060915825200225,0.060915825200225,0.060915825200225,0.060915825200225,0.060915825200225,0.060915825200225,0.060915825200225,0.060915825200225,0.060915825200225,0.060915825200225,0.060915825200225,0.060915825200225,0.060915825200225,0.060915825200225,0.060915825200225,0.060915825200225,0.060915825200225,0.060915825200225,0.060915825200225,0.060915825200225,0.060915825200225,0.060915825200225,0.060915825200225,0.060915825200225,0.060915825200225,0.060915825200225,0.060915825200225,0.060915825200225,0.060915825200225,0.060915825200225,0.060915825200225,0.060915825200225,0.060915825200225,0.060915825200225,0.060915825200225,0.060915825200225,0.060915825200225,0.060915825200225,0.060915825200225,0.060915825200225,0.060915825200225,0.060915825200225,0.060915825200225,0.060915825200225,0.060915825200225,0.060915825200225,0.060915825200225,0.060915825200225,0.060915825200225,0.060915825200225,0.060915825200225,0.060915825200225,0.060915825200225,0.060915825200225,0.060915825200225,0.060915825200225,0.060915825200225,0.060915825200225,0.060915825200225,0.060915825200225,0.060915825200225,0.060915825200225,0.060915825200225,0.0609171627409114,0.0609171627409114,0.0609171627409114,1,0.0609171627409114,0.0609171627409114,0.0609171627409114,0.0609171627409114,0.0609171627409114,0.0609171627409114,0.0609171627409114,0.0609171627409114,0.0609171627409114,0.0609171627409114,0.0609171627409114,0.0609171627409114,0.060915825200225,0.060915825200225,0.060915825200225,0.060915825200225,0.060915825200225,0.060915825200225,0.060915825200225,0.060915825200225,0.060915825200225,0.060915825200225,0.060915825200225,0.060915825200225,0.060915825200225,0.060915825200225,0.060915825200225,0.060915825200225,0.060915825200225,0.060915825200225,0.060915825200225,0.060915825200225,0.060915825200225,0.060915825200225,0.060915825200225,0.060915825200225,0.060915825200225,0.060915825200225,0.060915825200225,0.060915825200225,0.060915825200225,0.060915825200225,0.060915825200225,0.060915825200225,0.060915825200225,0.060915825200225
"150",0.0609158252002243,0.060915825200225,0.0609158252002242,0.0609158252002241,0.060915825200224,0.060915825200224,0.060915825200225,0.0609158252002238,0.060915825200225,0.060915825200225,0.060915825200224,0.060915825200225,0.0609158252002243,0.0609158252002241,0.0609158252002242,0.060915825200224,0.0609158252002239,0.0609158252002241,0.060915825200224,0.060915825200224,0.0609158252002239,0.0609158252002239,0.0609158252002241,0.060915825200224,0.0609158252002243,0.0609158252002242,0.060915825200225,0.060915825200224,0.0609158252002239,0.0609158252002238,0.0609158252002243,0.0609158252002238,0.0609158252002239,0.0609158252002242,0.0609158252002241,0.0609158252002244,0.060915825200224,0.0609158252002242,0.0609158252002243,0.0609158252002241,0.0609158252002241,0.060915825200225,0.0609158252002243,0.0609158252002245,0.0609158252002242,0.0609158252002243,0.0609158252002244,0.0609158252002245,0.0609158252002241,0.0609158252002243,0.0609158252002239,0.060915825200224,0.0609158252002242,0.0609158252002246,0.0609158252002241,0.0609158252002248,0.0609158252002249,0.0609158252002249,0.0609158252002249,0.060915825200225,0.0609158252002248,0.0609158252002251,0.0609158252002247,0.0609158252002244,0.0609158252002249,0.0609158252002248,0.0609158252002246,0.0609158252002246,0.0609158252002247,0.060915825200225,0.0609158252002249,0.0609158252002246,0.060915825200225,0.0609158252002247,0.0609158252002246,0.0609158252002247,0.060915825200225,0.0609158252002248,0.060915825200225,0.0609158252002247,0.0609158252002251,0.0609158252002246,0.060915825200225,0.0609158252002251,0.0609158252002247,0.0609158252002251,0.0609158252002247,0.0609158252002247,0.0609158252002246,0.060915825200225,0.060915825200225,0.0609158252002247,0.0609158252002245,0.0609158252002242,0.0609158252002241,0.0609158252002243,0.0609158252002245,0.0609158252002241,0.0609158252002244,0.0609158252002244,0.0609158252002242,0.0609158252002245,0.0609158252002247,0.0609158252002243,0.0609158252002244,0.0609158252002246,0.0609158252002248,0.0609158252002247,0.0609158252002248,0.0609158252002245,0.0609158252002248,0.0609158252002248,0.0609158252002246,0.0609158252002248,0.0609158252002246,0.060915825200225,0.0609158252002248,0.0609158252002249,0.0609158252002248,0.060915825200225,0.0609158252002248,0.0609158252002246,0.0609158252002245,0.0609158252002248,0.0609158252002249,0.0609158252002249,0.060915825200225,0.0609158252002246,0.0609158252002248,0.0609158252002249,0.0609158252002249,0.060915825200225,0.0609158252002248,0.0609158252002248,0.0609158252002249,0.0609158252002248,0.0609158252002249,0.0609158252002251,0.0609158252002248,0.060915825200225,0.060915825200225,0.0609158252002249,0.0609158252002251,0.0609158252002247,0.0609158252002249,0.0609171627409114,0.0609171627409114,0.0609171627409114,0.0609171627409114,1,0.0609171627409114,0.0609171627409114,0.301111508897726,0.0609171627409114,0.0609171627409114,0.0609171627409114,0.0609171627409114,0.0609171627409114,0.0609171627409114,0.0609171627409114,0.0609171627409114,0.0609158252002295,0.0609158252002304,0.0609158252002296,0.0609158252002297,0.0609158252002298,0.0609158252002295,0.0609158252002301,0.060915825200231,0.0609158252002317,0.0609158252002317,0.0609158252002318,0.0609158252002315,0.0609158252002317,0.0609158252002313,0.060915825200231,0.0609158252002312,0.0609158252002315,0.0609158252002317,0.0609158252002312,0.0609158252002313,0.0609158252002314,0.0609158252002289,0.0609158252002292,0.060915825200225,0.060915825200225,0.060915825200225,0.060915825200225,0.0609158252002251,0.060915825200225,0.060915825200225,0.060915825200225,0.060915825200225,0.060915825200225,0.060915825200225
"151",0.060915825200225,0.060915825200225,0.060915825200225,0.0692108088070731,0.060915825200225,0.0692108088070731,0.060915825200225,0.0692108088070731,0.0692108088070731,0.060915825200225,0.060915825200225,0.060915825200225,0.060915825200225,0.0692108088070731,0.0692108088070731,0.0692108088070731,0.0692108088070731,0.0692108088070731,0.060915825200225,0.060915825200225,0.060915825200225,0.060915825200225,0.060915825200225,0.060915825200225,0.060915825200225,0.060915825200225,0.060915825200225,0.060915825200225,0.060915825200225,0.060915825200225,0.060915825200225,0.0692108088070731,0.060915825200225,0.060915825200225,0.0692108088070731,0.0692108088070731,0.060915825200225,0.060915825200225,0.0692108088070731,0.060915825200225,0.060915825200225,0.060915825200225,0.060915825200225,0.0692108088070731,0.0692108088070731,0.060915825200225,0.060915825200225,0.060915825200225,0.060915825200225,0.060915825200225,0.060915825200225,0.0692108088070731,0.060915825200225,0.0692108088070731,0.060915825200225,0.060915825200225,0.0692108088070731,0.060915825200225,0.060915825200225,0.060915825200225,0.060915825200225,0.060915825200225,0.060915825200225,0.0692108088070731,0.060915825200225,0.0692108088070731,0.060915825200225,0.060915825200225,0.060915825200225,0.0692108088070731,0.060915825200225,0.0692108088070731,0.0692108088070731,0.060915825200225,0.060915825200225,0.060915825200225,0.0692108088070731,0.060915825200225,0.060915825200225,0.060915825200225,0.0692108088070731,0.0692108088070731,0.060915825200225,0.0692108088070731,0.060915825200225,0.060915825200225,0.060915825200225,0.060915825200225,0.060915825200225,0.0692108088070731,0.0692108088070731,0.060915825200225,0.060915825200225,0.0692108088070731,0.0692108088070731,0.0692108088070731,0.060915825200225,0.0692108088070731,0.060915825200225,0.0692108088070731,0.060915825200225,0.060915825200225,0.060915825200225,0.0692108088070731,0.0692108088070731,0.060915825200225,0.060915825200225,0.060915825200225,0.060915825200225,0.060915825200225,0.060915825200225,0.060915825200225,0.060915825200225,0.060915825200225,0.060915825200225,0.0692108088070731,0.060915825200225,0.060915825200225,0.060915825200225,0.060915825200225,0.060915825200225,0.060915825200225,0.060915825200225,0.060915825200225,0.060915825200225,0.060915825200225,0.060915825200225,0.060915825200225,0.060915825200225,0.060915825200225,0.060915825200225,0.0692108088070731,0.060915825200225,0.060915825200225,0.060915825200225,0.060915825200225,0.060915825200225,0.060915825200225,0.060915825200225,0.060915825200225,0.060915825200225,0.060915825200225,0.060915825200225,0.060915825200225,0.060915825200225,0.0609171627409114,0.0692121463477595,0.0692121463477595,0.0609171627409114,0.0609171627409114,1,0.0609171627409114,0.0609171627409114,0.0692121463477595,0.0609171627409114,0.0609171627409114,0.0609171627409114,0.0692121463477595,0.0692121463477595,0.0692121463477595,0.0609171627409114,0.0692108088070731,0.060915825200225,0.060915825200225,0.060915825200225,0.060915825200225,0.060915825200225,0.060915825200225,0.060915825200225,0.060915825200225,0.060915825200225,0.060915825200225,0.060915825200225,0.060915825200225,0.060915825200225,0.060915825200225,0.0692108088070731,0.060915825200225,0.060915825200225,0.060915825200225,0.060915825200225,0.060915825200225,0.060915825200225,0.060915825200225,0.060915825200225,0.060915825200225,0.0692108088070731,0.060915825200225,0.060915825200225,0.0692108088070731,0.060915825200225,0.060915825200225,0.060915825200225,0.060915825200225,0.0692108088070731
"152",0.060915825200225,0.0692108088070731,0.0692108088070731,0.060915825200225,0.060915825200225,0.060915825200225,0.0692108088070731,0.060915825200225,0.060915825200225,0.0692108088070731,0.060915825200225,0.0692108088070731,0.060915825200225,0.060915825200225,0.060915825200225,0.060915825200225,0.060915825200225,0.060915825200225,0.060915825200225,0.0692108088070731,0.0692108088070731,0.0692108088070731,0.0692108088070731,0.060915825200225,0.060915825200225,0.0692108088070731,0.060915825200225,0.0692108088070731,0.060915825200225,0.060915825200225,0.0692108088070731,0.060915825200225,0.0692108088070731,0.060915825200225,0.060915825200225,0.060915825200225,0.060915825200225,0.060915825200225,0.060915825200225,0.0692108088070731,0.0692108088070731,0.060915825200225,0.0692108088070731,0.060915825200225,0.060915825200225,0.0692108088070731,0.060915825200225,0.060915825200225,0.0692108088070731,0.0692108088070731,0.0692108088070731,0.060915825200225,0.0692108088070731,0.060915825200225,0.0692108088070731,0.060915825200225,0.060915825200225,0.060915825200225,0.060915825200225,0.060915825200225,0.060915825200225,0.060915825200225,0.060915825200225,0.060915825200225,0.060915825200225,0.060915825200225,0.060915825200225,0.060915825200225,0.060915825200225,0.060915825200225,0.060915825200225,0.060915825200225,0.060915825200225,0.060915825200225,0.060915825200225,0.060915825200225,0.060915825200225,0.0692108088070731,0.060915825200225,0.0692108088070731,0.060915825200225,0.060915825200225,0.060915825200225,0.060915825200225,0.060915825200225,0.060915825200225,0.0692108088070731,0.060915825200225,0.060915825200225,0.060915825200225,0.060915825200225,0.060915825200225,0.060915825200225,0.060915825200225,0.060915825200225,0.060915825200225,0.060915825200225,0.060915825200225,0.060915825200225,0.060915825200225,0.060915825200225,0.0692108088070731,0.060915825200225,0.060915825200225,0.060915825200225,0.060915825200225,0.060915825200225,0.060915825200225,0.060915825200225,0.060915825200225,0.060915825200225,0.060915825200225,0.060915825200225,0.060915825200225,0.060915825200225,0.060915825200225,0.060915825200225,0.060915825200225,0.060915825200225,0.060915825200225,0.060915825200225,0.060915825200225,0.060915825200225,0.060915825200225,0.060915825200225,0.060915825200225,0.060915825200225,0.060915825200225,0.060915825200225,0.060915825200225,0.060915825200225,0.060915825200225,0.060915825200225,0.060915825200225,0.060915825200225,0.060915825200225,0.060915825200225,0.060915825200225,0.060915825200225,0.060915825200225,0.060915825200225,0.060915825200225,0.060915825200225,0.060915825200225,0.060915825200225,0.0609171627409114,0.0609171627409114,0.0609171627409114,0.0609171627409114,0.0609171627409114,0.0609171627409114,1,0.0609171627409114,0.0609171627409114,0.0692121463477595,0.0609171627409114,0.0609171627409114,0.0609171627409114,0.0609171627409114,0.0609171627409114,0.0609171627409114,0.060915825200225,0.060915825200225,0.060915825200225,0.060915825200225,0.060915825200225,0.060915825200225,0.060915825200225,0.060915825200225,0.060915825200225,0.060915825200225,0.060915825200225,0.060915825200225,0.060915825200225,0.060915825200225,0.0692108088070731,0.060915825200225,0.060915825200225,0.060915825200225,0.060915825200225,0.060915825200225,0.060915825200225,0.060915825200225,0.060915825200225,0.060915825200225,0.060915825200225,0.060915825200225,0.0692108088070731,0.060915825200225,0.060915825200225,0.060915825200225,0.060915825200225,0.0692108088070731,0.060915825200225,0.060915825200225
"153",0.0609158252002242,0.060915825200225,0.0609158252002242,0.0609158252002241,0.060915825200224,0.060915825200224,0.060915825200225,0.0609158252002238,0.060915825200225,0.060915825200225,0.060915825200224,0.060915825200225,0.0609158252002243,0.0609158252002241,0.0609158252002242,0.060915825200224,0.0609158252002239,0.0609158252002241,0.060915825200224,0.060915825200224,0.0609158252002239,0.0609158252002239,0.0609158252002241,0.060915825200224,0.0609158252002243,0.0609158252002242,0.060915825200225,0.060915825200224,0.0609158252002239,0.0609158252002238,0.0609158252002243,0.0609158252002238,0.0609158252002239,0.0609158252002242,0.0609158252002241,0.0609158252002244,0.060915825200224,0.0609158252002242,0.0609158252002243,0.0609158252002241,0.0609158252002241,0.060915825200225,0.0609158252002243,0.0609158252002245,0.0609158252002242,0.0609158252002243,0.0609158252002244,0.0609158252002245,0.0609158252002241,0.0609158252002243,0.0609158252002239,0.060915825200224,0.0609158252002242,0.0609158252002246,0.0609158252002241,0.0609158252002248,0.0609158252002249,0.0609158252002249,0.0609158252002249,0.060915825200225,0.0609158252002248,0.0609158252002251,0.0609158252002247,0.0609158252002244,0.0609158252002249,0.0609158252002247,0.0609158252002246,0.0609158252002246,0.0609158252002247,0.060915825200225,0.0609158252002249,0.0609158252002246,0.060915825200225,0.0609158252002247,0.0609158252002246,0.0609158252002247,0.060915825200225,0.0609158252002248,0.060915825200225,0.0609158252002247,0.0609158252002251,0.0609158252002246,0.060915825200225,0.0609158252002251,0.0609158252002247,0.0609158252002251,0.0609158252002247,0.0609158252002247,0.0609158252002246,0.060915825200225,0.060915825200225,0.0609158252002247,0.0609158252002245,0.0609158252002242,0.0609158252002241,0.0609158252002243,0.0609158252002245,0.0609158252002241,0.0609158252002244,0.0609158252002244,0.0609158252002242,0.0609158252002245,0.0609158252002247,0.0609158252002243,0.0609158252002244,0.0609158252002246,0.0609158252002248,0.0609158252002247,0.0609158252002248,0.0609158252002245,0.0609158252002247,0.0609158252002248,0.0609158252002246,0.0609158252002248,0.0609158252002246,0.060915825200225,0.0609158252002248,0.0609158252002249,0.0609158252002247,0.060915825200225,0.0609158252002248,0.0609158252002246,0.0609158252002245,0.0609158252002248,0.0609158252002249,0.0609158252002248,0.060915825200225,0.0609158252002246,0.0609158252002248,0.0609158252002249,0.0609158252002249,0.060915825200225,0.0609158252002248,0.0609158252002248,0.0609158252002249,0.0609158252002247,0.0609158252002249,0.0609158252002251,0.0609158252002248,0.060915825200225,0.060915825200225,0.0609158252002249,0.0609158252002251,0.0609158252002247,0.0609158252002249,0.0609171627409114,0.0609171627409114,0.0609171627409114,0.0609171627409114,0.301111508897726,0.0609171627409114,0.0609171627409114,1,0.0609171627409114,0.0609171627409114,0.0609171627409114,0.0609171627409114,0.0609171627409114,0.0609171627409114,0.0609171627409114,0.0609171627409114,0.0609158252002295,0.0609158252002304,0.0609158252002296,0.0609158252002297,0.0609158252002298,0.0609158252002295,0.0609158252002301,0.060915825200231,0.0609158252002317,0.0609158252002317,0.0609158252002318,0.0609158252002315,0.0609158252002316,0.0609158252002313,0.060915825200231,0.0609158252002312,0.0609158252002315,0.0609158252002317,0.0609158252002312,0.0609158252002313,0.0609158252002313,0.0609158252002289,0.0609158252002292,0.060915825200225,0.060915825200225,0.060915825200225,0.060915825200225,0.0609158252002251,0.060915825200225,0.060915825200225,0.060915825200225,0.060915825200225,0.060915825200225,0.060915825200225
"154",0.060915825200225,0.060915825200225,0.060915825200225,0.0692108088070731,0.060915825200225,0.0692108088070731,0.060915825200225,0.0692108088070731,0.0692108088070731,0.060915825200225,0.060915825200225,0.060915825200225,0.060915825200225,0.0692108088070731,0.0692108088070731,0.0692108088070731,0.0692108088070731,0.0692108088070731,0.060915825200225,0.060915825200225,0.060915825200225,0.060915825200225,0.060915825200225,0.060915825200225,0.060915825200225,0.060915825200225,0.060915825200225,0.060915825200225,0.060915825200225,0.060915825200225,0.060915825200225,0.0692108088070731,0.060915825200225,0.060915825200225,0.0692108088070731,0.0692108088070731,0.060915825200225,0.060915825200225,0.0692108088070731,0.060915825200225,0.060915825200225,0.060915825200225,0.060915825200225,0.0692108088070731,0.0692108088070731,0.060915825200225,0.060915825200225,0.060915825200225,0.060915825200225,0.060915825200225,0.060915825200225,0.0692108088070731,0.060915825200225,0.0692108088070731,0.060915825200225,0.060915825200225,0.0692108088070731,0.060915825200225,0.060915825200225,0.060915825200225,0.060915825200225,0.060915825200225,0.060915825200225,0.0692108088070731,0.060915825200225,0.0692108088070731,0.060915825200225,0.060915825200225,0.060915825200225,0.0692108088070731,0.060915825200225,0.0692108088070731,0.0692108088070731,0.060915825200225,0.060915825200225,0.060915825200225,0.0692108088070731,0.060915825200225,0.060915825200225,0.060915825200225,0.0692108088070731,0.0692108088070731,0.060915825200225,0.0692108088070731,0.060915825200225,0.060915825200225,0.060915825200225,0.060915825200225,0.060915825200225,0.0692108088070731,0.0692108088070731,0.060915825200225,0.060915825200225,0.0692108088070731,0.0692108088070731,0.0692108088070731,0.060915825200225,0.0692108088070731,0.060915825200225,0.0692108088070731,0.060915825200225,0.060915825200225,0.060915825200225,0.0692108088070731,0.0692108088070731,0.060915825200225,0.060915825200225,0.060915825200225,0.060915825200225,0.060915825200225,0.060915825200225,0.060915825200225,0.060915825200225,0.060915825200225,0.060915825200225,0.0692108088070731,0.060915825200225,0.060915825200225,0.060915825200225,0.060915825200225,0.060915825200225,0.060915825200225,0.060915825200225,0.060915825200225,0.060915825200225,0.060915825200225,0.060915825200225,0.060915825200225,0.060915825200225,0.060915825200225,0.060915825200225,0.0692108088070731,0.060915825200225,0.060915825200225,0.060915825200225,0.060915825200225,0.060915825200225,0.060915825200225,0.060915825200225,0.060915825200225,0.060915825200225,0.060915825200225,0.060915825200225,0.060915825200225,0.060915825200225,0.0609171627409114,0.0692121463477595,0.0692121463477595,0.0609171627409114,0.0609171627409114,0.0692121463477595,0.0609171627409114,0.0609171627409114,1,0.0609171627409114,0.0609171627409114,0.0609171627409114,0.0692121463477595,0.0692121463477595,0.0692121463477595,0.0609171627409114,0.0692108088070731,0.060915825200225,0.060915825200225,0.060915825200225,0.060915825200225,0.060915825200225,0.060915825200225,0.060915825200225,0.060915825200225,0.060915825200225,0.060915825200225,0.060915825200225,0.060915825200225,0.060915825200225,0.060915825200225,0.0692108088070731,0.060915825200225,0.060915825200225,0.060915825200225,0.060915825200225,0.060915825200225,0.060915825200225,0.060915825200225,0.060915825200225,0.060915825200225,0.0692108088070731,0.060915825200225,0.060915825200225,0.0692108088070731,0.060915825200225,0.060915825200225,0.060915825200225,0.060915825200225,0.0692108088070731
"155",0.060915825200225,0.0692108088070731,0.0692108088070731,0.060915825200225,0.060915825200225,0.060915825200225,0.0692108088070731,0.060915825200225,0.060915825200225,0.0692108088070731,0.060915825200225,0.0692108088070731,0.060915825200225,0.060915825200225,0.060915825200225,0.060915825200225,0.060915825200225,0.060915825200225,0.060915825200225,0.0692108088070731,0.0692108088070731,0.0692108088070731,0.0692108088070731,0.060915825200225,0.060915825200225,0.0692108088070731,0.060915825200225,0.0692108088070731,0.060915825200225,0.060915825200225,0.0692108088070731,0.060915825200225,0.0692108088070731,0.060915825200225,0.060915825200225,0.060915825200225,0.060915825200225,0.060915825200225,0.060915825200225,0.0692108088070731,0.0692108088070731,0.060915825200225,0.0692108088070731,0.060915825200225,0.060915825200225,0.0692108088070731,0.060915825200225,0.060915825200225,0.0692108088070731,0.0692108088070731,0.0692108088070731,0.060915825200225,0.0692108088070731,0.060915825200225,0.0692108088070731,0.060915825200225,0.060915825200225,0.060915825200225,0.060915825200225,0.060915825200225,0.060915825200225,0.060915825200225,0.060915825200225,0.060915825200225,0.060915825200225,0.060915825200225,0.060915825200225,0.060915825200225,0.060915825200225,0.060915825200225,0.060915825200225,0.060915825200225,0.060915825200225,0.060915825200225,0.060915825200225,0.060915825200225,0.060915825200225,0.0692108088070731,0.060915825200225,0.0692108088070731,0.060915825200225,0.060915825200225,0.060915825200225,0.060915825200225,0.060915825200225,0.060915825200225,0.0692108088070731,0.060915825200225,0.060915825200225,0.060915825200225,0.060915825200225,0.060915825200225,0.060915825200225,0.060915825200225,0.060915825200225,0.060915825200225,0.060915825200225,0.060915825200225,0.060915825200225,0.060915825200225,0.060915825200225,0.0692108088070731,0.060915825200225,0.060915825200225,0.060915825200225,0.060915825200225,0.060915825200225,0.060915825200225,0.060915825200225,0.060915825200225,0.060915825200225,0.060915825200225,0.060915825200225,0.060915825200225,0.060915825200225,0.060915825200225,0.060915825200225,0.060915825200225,0.060915825200225,0.060915825200225,0.060915825200225,0.060915825200225,0.060915825200225,0.060915825200225,0.060915825200225,0.060915825200225,0.060915825200225,0.060915825200225,0.060915825200225,0.060915825200225,0.060915825200225,0.060915825200225,0.060915825200225,0.060915825200225,0.060915825200225,0.060915825200225,0.060915825200225,0.060915825200225,0.060915825200225,0.060915825200225,0.060915825200225,0.060915825200225,0.060915825200225,0.060915825200225,0.060915825200225,0.0609171627409114,0.0609171627409114,0.0609171627409114,0.0609171627409114,0.0609171627409114,0.0609171627409114,0.0692121463477595,0.0609171627409114,0.0609171627409114,1,0.0609171627409114,0.0609171627409114,0.0609171627409114,0.0609171627409114,0.0609171627409114,0.0609171627409114,0.060915825200225,0.060915825200225,0.060915825200225,0.060915825200225,0.060915825200225,0.060915825200225,0.060915825200225,0.060915825200225,0.060915825200225,0.060915825200225,0.060915825200225,0.060915825200225,0.060915825200225,0.060915825200225,0.0692108088070731,0.060915825200225,0.060915825200225,0.060915825200225,0.060915825200225,0.060915825200225,0.060915825200225,0.060915825200225,0.060915825200225,0.060915825200225,0.060915825200225,0.060915825200225,0.0692108088070731,0.060915825200225,0.060915825200225,0.060915825200225,0.060915825200225,0.0692108088070731,0.060915825200225,0.060915825200225
"156",0.060915825200225,0.060915825200225,0.060915825200225,0.060915825200225,0.060915825200225,0.060915825200225,0.060915825200225,0.060915825200225,0.060915825200225,0.060915825200225,0.060915825200225,0.060915825200225,0.060915825200225,0.060915825200225,0.060915825200225,0.060915825200225,0.060915825200225,0.060915825200225,0.060915825200225,0.060915825200225,0.060915825200225,0.060915825200225,0.060915825200225,0.060915825200225,0.060915825200225,0.060915825200225,0.060915825200225,0.060915825200225,0.060915825200225,0.060915825200225,0.060915825200225,0.060915825200225,0.060915825200225,0.060915825200225,0.060915825200225,0.060915825200225,0.060915825200225,0.060915825200225,0.060915825200225,0.060915825200225,0.060915825200225,0.060915825200225,0.060915825200225,0.060915825200225,0.060915825200225,0.060915825200225,0.060915825200225,0.060915825200225,0.060915825200225,0.060915825200225,0.060915825200225,0.060915825200225,0.060915825200225,0.060915825200225,0.060915825200225,0.060915825200225,0.060915825200225,0.060915825200225,0.060915825200225,0.060915825200225,0.060915825200225,0.060915825200225,0.060915825200225,0.060915825200225,0.060915825200225,0.060915825200225,0.060915825200225,0.060915825200225,0.060915825200225,0.060915825200225,0.060915825200225,0.060915825200225,0.060915825200225,0.060915825200225,0.060915825200225,0.060915825200225,0.060915825200225,0.060915825200225,0.0692108088070731,0.060915825200225,0.060915825200225,0.060915825200225,0.060915825200225,0.060915825200225,0.060915825200225,0.060915825200225,0.060915825200225,0.060915825200225,0.060915825200225,0.060915825200225,0.060915825200225,0.060915825200225,0.060915825200225,0.060915825200225,0.060915825200225,0.060915825200225,0.060915825200225,0.060915825200225,0.060915825200225,0.060915825200225,0.060915825200225,0.060915825200225,0.060915825200225,0.060915825200225,0.060915825200225,0.060915825200225,0.060915825200225,0.060915825200225,0.060915825200225,0.060915825200225,0.060915825200225,0.060915825200225,0.060915825200225,0.060915825200225,0.060915825200225,0.060915825200225,0.060915825200225,0.060915825200225,0.060915825200225,0.060915825200225,0.060915825200225,0.060915825200225,0.060915825200225,0.060915825200225,0.060915825200225,0.060915825200225,0.060915825200225,0.060915825200225,0.060915825200225,0.060915825200225,0.060915825200225,0.060915825200225,0.060915825200225,0.060915825200225,0.060915825200225,0.060915825200225,0.060915825200225,0.060915825200225,0.060915825200225,0.060915825200225,0.060915825200225,0.060915825200225,0.060915825200225,0.060915825200225,0.060915825200225,0.0692121463477595,0.0609171627409114,0.0609171627409114,0.0609171627409114,0.0609171627409114,0.0609171627409114,0.0609171627409114,0.0609171627409114,0.0609171627409114,0.0609171627409114,1,0.0609171627409114,0.0609171627409114,0.0609171627409114,0.0609171627409114,0.0609171627409114,0.060915825200225,0.060915825200225,0.060915825200225,0.060915825200225,0.060915825200225,0.060915825200225,0.060915825200225,0.060915825200225,0.060915825200225,0.060915825200225,0.060915825200225,0.060915825200225,0.060915825200225,0.060915825200225,0.060915825200225,0.060915825200225,0.060915825200225,0.060915825200225,0.0692108088070731,0.060915825200225,0.060915825200225,0.060915825200225,0.060915825200225,0.060915825200225,0.060915825200225,0.060915825200225,0.060915825200225,0.060915825200225,0.060915825200225,0.060915825200225,0.060915825200225,0.060915825200225,0.060915825200225,0.060915825200225
"157",0.060915825200225,0.060915825200225,0.060915825200225,0.060915825200225,0.060915825200225,0.060915825200225,0.060915825200225,0.060915825200225,0.060915825200225,0.060915825200225,0.060915825200225,0.060915825200225,0.060915825200225,0.060915825200225,0.060915825200225,0.060915825200225,0.060915825200225,0.060915825200225,0.060915825200225,0.060915825200225,0.060915825200225,0.060915825200225,0.060915825200225,0.060915825200225,0.060915825200225,0.060915825200225,0.060915825200225,0.060915825200225,0.060915825200225,0.060915825200225,0.060915825200225,0.060915825200225,0.060915825200225,0.060915825200225,0.060915825200225,0.060915825200225,0.060915825200225,0.060915825200225,0.060915825200225,0.060915825200225,0.060915825200225,0.060915825200225,0.060915825200225,0.060915825200225,0.060915825200225,0.060915825200225,0.060915825200225,0.060915825200225,0.060915825200225,0.060915825200225,0.060915825200225,0.060915825200225,0.060915825200225,0.060915825200225,0.060915825200225,0.060915825200225,0.060915825200225,0.060915825200225,0.060915825200225,0.060915825200225,0.060915825200225,0.060915825200225,0.060915825200225,0.060915825200225,0.060915825200225,0.060915825200225,0.060915825200225,0.060915825200225,0.060915825200225,0.060915825200225,0.060915825200225,0.060915825200225,0.060915825200225,0.060915825200225,0.060915825200225,0.060915825200225,0.060915825200225,0.060915825200225,0.060915825200225,0.060915825200225,0.060915825200225,0.060915825200225,0.0692108088070731,0.060915825200225,0.060915825200225,0.060915825200225,0.060915825200225,0.060915825200225,0.060915825200225,0.060915825200225,0.060915825200225,0.060915825200225,0.060915825200225,0.060915825200225,0.060915825200225,0.060915825200225,0.060915825200225,0.060915825200225,0.060915825200225,0.060915825200225,0.060915825200225,0.060915825200225,0.060915825200225,0.060915825200225,0.060915825200225,0.060915825200225,0.060915825200225,0.060915825200225,0.060915825200225,0.060915825200225,0.060915825200225,0.060915825200225,0.060915825200225,0.060915825200225,0.060915825200225,0.060915825200225,0.060915825200225,0.060915825200225,0.060915825200225,0.060915825200225,0.060915825200225,0.060915825200225,0.060915825200225,0.060915825200225,0.060915825200225,0.060915825200225,0.060915825200225,0.060915825200225,0.060915825200225,0.060915825200225,0.060915825200225,0.060915825200225,0.060915825200225,0.060915825200225,0.060915825200225,0.060915825200225,0.060915825200225,0.060915825200225,0.060915825200225,0.060915825200225,0.060915825200225,0.060915825200225,0.060915825200225,0.060915825200225,0.060915825200225,0.0609171627409114,0.0609171627409114,0.0609171627409114,0.0609171627409114,0.0609171627409114,0.0609171627409114,0.0609171627409114,0.0609171627409114,0.0609171627409114,0.0609171627409114,0.0609171627409114,1,0.0609171627409114,0.0609171627409114,0.0609171627409114,0.0692121463477595,0.060915825200225,0.060915825200225,0.060915825200225,0.060915825200225,0.060915825200225,0.060915825200225,0.060915825200225,0.060915825200225,0.060915825200225,0.060915825200225,0.060915825200225,0.060915825200225,0.060915825200225,0.060915825200225,0.060915825200225,0.060915825200225,0.060915825200225,0.060915825200225,0.060915825200225,0.060915825200225,0.060915825200225,0.060915825200225,0.060915825200225,0.060915825200225,0.060915825200225,0.060915825200225,0.060915825200225,0.060915825200225,0.060915825200225,0.0692108088070731,0.0692108088070731,0.060915825200225,0.060915825200225,0.060915825200225
"158",0.060915825200225,0.060915825200225,0.060915825200225,0.0692108088070731,0.060915825200225,0.0692108088070731,0.060915825200225,0.0692108088070731,0.0692108088070731,0.060915825200225,0.060915825200225,0.060915825200225,0.060915825200225,0.0692108088070731,0.0692108088070731,0.0692108088070731,0.0692108088070731,0.0692108088070731,0.060915825200225,0.060915825200225,0.060915825200225,0.060915825200225,0.060915825200225,0.060915825200225,0.060915825200225,0.060915825200225,0.060915825200225,0.060915825200225,0.060915825200225,0.060915825200225,0.060915825200225,0.0692108088070731,0.060915825200225,0.060915825200225,0.0692108088070731,0.0692108088070731,0.060915825200225,0.060915825200225,0.0692108088070731,0.060915825200225,0.060915825200225,0.060915825200225,0.060915825200225,0.0692108088070731,0.0692108088070731,0.060915825200225,0.060915825200225,0.060915825200225,0.060915825200225,0.060915825200225,0.060915825200225,0.0692108088070731,0.060915825200225,0.0692108088070731,0.060915825200225,0.060915825200225,0.0692108088070731,0.060915825200225,0.060915825200225,0.060915825200225,0.060915825200225,0.060915825200225,0.060915825200225,0.0692108088070731,0.060915825200225,0.0692108088070731,0.060915825200225,0.060915825200225,0.060915825200225,0.0692108088070731,0.060915825200225,0.0692108088070731,0.0692108088070731,0.060915825200225,0.060915825200225,0.060915825200225,0.0692108088070731,0.060915825200225,0.060915825200225,0.060915825200225,0.0692108088070731,0.0692108088070731,0.060915825200225,0.0692108088070731,0.060915825200225,0.060915825200225,0.060915825200225,0.060915825200225,0.060915825200225,0.0692108088070731,0.0692108088070731,0.060915825200225,0.060915825200225,0.0692108088070731,0.0692108088070731,0.0692108088070731,0.060915825200225,0.0692108088070731,0.060915825200225,0.0692108088070731,0.060915825200225,0.060915825200225,0.060915825200225,0.0692108088070731,0.0692108088070731,0.060915825200225,0.060915825200225,0.060915825200225,0.060915825200225,0.060915825200225,0.060915825200225,0.060915825200225,0.060915825200225,0.060915825200225,0.060915825200225,0.0692108088070731,0.060915825200225,0.060915825200225,0.060915825200225,0.060915825200225,0.060915825200225,0.060915825200225,0.060915825200225,0.060915825200225,0.060915825200225,0.060915825200225,0.060915825200225,0.060915825200225,0.060915825200225,0.060915825200225,0.060915825200225,0.0692108088070731,0.060915825200225,0.060915825200225,0.060915825200225,0.060915825200225,0.060915825200225,0.060915825200225,0.060915825200225,0.060915825200225,0.060915825200225,0.060915825200225,0.060915825200225,0.060915825200225,0.060915825200225,0.0609171627409114,0.0692121463477595,0.0692121463477595,0.0609171627409114,0.0609171627409114,0.0692121463477595,0.0609171627409114,0.0609171627409114,0.0692121463477595,0.0609171627409114,0.0609171627409114,0.0609171627409114,1,0.0692121463477595,0.0692121463477595,0.0609171627409114,0.0692108088070731,0.060915825200225,0.060915825200225,0.060915825200225,0.060915825200225,0.060915825200225,0.060915825200225,0.060915825200225,0.060915825200225,0.060915825200225,0.060915825200225,0.060915825200225,0.060915825200225,0.060915825200225,0.060915825200225,0.0692108088070731,0.060915825200225,0.060915825200225,0.060915825200225,0.060915825200225,0.060915825200225,0.060915825200225,0.060915825200225,0.060915825200225,0.060915825200225,0.0692108088070731,0.060915825200225,0.060915825200225,0.0692108088070731,0.060915825200225,0.060915825200225,0.060915825200225,0.060915825200225,0.0692108088070731
"159",0.060915825200225,0.060915825200225,0.060915825200225,0.0692108088070731,0.060915825200225,0.0692108088070731,0.060915825200225,0.0692108088070731,0.0692108088070731,0.060915825200225,0.060915825200225,0.060915825200225,0.060915825200225,0.0692108088070731,0.0692108088070731,0.0692108088070731,0.0692108088070731,0.0692108088070731,0.060915825200225,0.060915825200225,0.060915825200225,0.060915825200225,0.060915825200225,0.060915825200225,0.060915825200225,0.060915825200225,0.060915825200225,0.060915825200225,0.060915825200225,0.060915825200225,0.060915825200225,0.0692108088070731,0.060915825200225,0.060915825200225,0.0692108088070731,0.0692108088070731,0.060915825200225,0.060915825200225,0.0692108088070731,0.060915825200225,0.060915825200225,0.060915825200225,0.060915825200225,0.0692108088070731,0.0692108088070731,0.060915825200225,0.060915825200225,0.060915825200225,0.060915825200225,0.060915825200225,0.060915825200225,0.0692108088070731,0.060915825200225,0.0692108088070731,0.060915825200225,0.060915825200225,0.0692108088070731,0.060915825200225,0.060915825200225,0.060915825200225,0.060915825200225,0.060915825200225,0.060915825200225,0.0692108088070731,0.060915825200225,0.0692108088070731,0.060915825200225,0.060915825200225,0.060915825200225,0.0692108088070731,0.060915825200225,0.0692108088070731,0.0692108088070731,0.060915825200225,0.060915825200225,0.060915825200225,0.0692108088070731,0.060915825200225,0.060915825200225,0.060915825200225,0.0692108088070731,0.0692108088070731,0.060915825200225,0.0692108088070731,0.060915825200225,0.060915825200225,0.060915825200225,0.060915825200225,0.060915825200225,0.0692108088070731,0.0692108088070731,0.060915825200225,0.060915825200225,0.0692108088070731,0.0692108088070731,0.0692108088070731,0.060915825200225,0.0692108088070731,0.060915825200225,0.0692108088070731,0.060915825200225,0.060915825200225,0.060915825200225,0.0692108088070731,0.0692108088070731,0.060915825200225,0.060915825200225,0.060915825200225,0.060915825200225,0.060915825200225,0.060915825200225,0.060915825200225,0.060915825200225,0.060915825200225,0.060915825200225,0.0692108088070731,0.060915825200225,0.060915825200225,0.060915825200225,0.060915825200225,0.060915825200225,0.060915825200225,0.060915825200225,0.060915825200225,0.060915825200225,0.060915825200225,0.060915825200225,0.060915825200225,0.060915825200225,0.060915825200225,0.060915825200225,0.0692108088070731,0.060915825200225,0.060915825200225,0.060915825200225,0.060915825200225,0.060915825200225,0.060915825200225,0.060915825200225,0.060915825200225,0.060915825200225,0.060915825200225,0.060915825200225,0.060915825200225,0.060915825200225,0.0609171627409114,0.0692121463477595,0.0692121463477595,0.0609171627409114,0.0609171627409114,0.0692121463477595,0.0609171627409114,0.0609171627409114,0.0692121463477595,0.0609171627409114,0.0609171627409114,0.0609171627409114,0.0692121463477595,1,0.0692121463477595,0.0609171627409114,0.0692108088070731,0.060915825200225,0.060915825200225,0.060915825200225,0.060915825200225,0.060915825200225,0.060915825200225,0.060915825200225,0.060915825200225,0.060915825200225,0.060915825200225,0.060915825200225,0.060915825200225,0.060915825200225,0.060915825200225,0.0692108088070731,0.060915825200225,0.060915825200225,0.060915825200225,0.060915825200225,0.060915825200225,0.060915825200225,0.060915825200225,0.060915825200225,0.060915825200225,0.0692108088070731,0.060915825200225,0.060915825200225,0.0692108088070731,0.060915825200225,0.060915825200225,0.060915825200225,0.060915825200225,0.0692108088070731
"160",0.060915825200225,0.060915825200225,0.060915825200225,0.0692108088070731,0.060915825200225,0.0692108088070731,0.060915825200225,0.0692108088070731,0.0692108088070731,0.060915825200225,0.060915825200225,0.060915825200225,0.060915825200225,0.0692108088070731,0.0692108088070731,0.0692108088070731,0.0692108088070731,0.0692108088070731,0.060915825200225,0.060915825200225,0.060915825200225,0.060915825200225,0.060915825200225,0.060915825200225,0.060915825200225,0.060915825200225,0.060915825200225,0.060915825200225,0.060915825200225,0.060915825200225,0.060915825200225,0.0692108088070731,0.060915825200225,0.060915825200225,0.0692108088070731,0.0692108088070731,0.060915825200225,0.060915825200225,0.0692108088070731,0.060915825200225,0.060915825200225,0.060915825200225,0.060915825200225,0.0692108088070731,0.0692108088070731,0.060915825200225,0.060915825200225,0.060915825200225,0.060915825200225,0.060915825200225,0.060915825200225,0.0692108088070731,0.060915825200225,0.0692108088070731,0.060915825200225,0.060915825200225,0.0692108088070731,0.060915825200225,0.060915825200225,0.060915825200225,0.060915825200225,0.060915825200225,0.060915825200225,0.0692108088070731,0.060915825200225,0.0692108088070731,0.060915825200225,0.060915825200225,0.060915825200225,0.0692108088070731,0.060915825200225,0.0692108088070731,0.0692108088070731,0.060915825200225,0.060915825200225,0.060915825200225,0.0692108088070731,0.060915825200225,0.060915825200225,0.060915825200225,0.0692108088070731,0.0692108088070731,0.060915825200225,0.0692108088070731,0.060915825200225,0.060915825200225,0.060915825200225,0.060915825200225,0.060915825200225,0.0692108088070731,0.0692108088070731,0.060915825200225,0.060915825200225,0.0692108088070731,0.0692108088070731,0.0692108088070731,0.060915825200225,0.0692108088070731,0.060915825200225,0.0692108088070731,0.060915825200225,0.060915825200225,0.060915825200225,0.0692108088070731,0.0692108088070731,0.060915825200225,0.060915825200225,0.060915825200225,0.060915825200225,0.060915825200225,0.060915825200225,0.060915825200225,0.060915825200225,0.060915825200225,0.060915825200225,0.0692108088070731,0.060915825200225,0.060915825200225,0.060915825200225,0.060915825200225,0.060915825200225,0.060915825200225,0.060915825200225,0.060915825200225,0.060915825200225,0.060915825200225,0.060915825200225,0.060915825200225,0.060915825200225,0.060915825200225,0.060915825200225,0.0692108088070731,0.060915825200225,0.060915825200225,0.060915825200225,0.060915825200225,0.060915825200225,0.060915825200225,0.060915825200225,0.060915825200225,0.060915825200225,0.060915825200225,0.060915825200225,0.060915825200225,0.060915825200225,0.0609171627409114,0.0692121463477595,0.0692121463477595,0.0609171627409114,0.0609171627409114,0.0692121463477595,0.0609171627409114,0.0609171627409114,0.0692121463477595,0.0609171627409114,0.0609171627409114,0.0609171627409114,0.0692121463477595,0.0692121463477595,1,0.0609171627409114,0.0692108088070731,0.060915825200225,0.060915825200225,0.060915825200225,0.060915825200225,0.060915825200225,0.060915825200225,0.060915825200225,0.060915825200225,0.060915825200225,0.060915825200225,0.060915825200225,0.060915825200225,0.060915825200225,0.060915825200225,0.0692108088070731,0.060915825200225,0.060915825200225,0.060915825200225,0.060915825200225,0.060915825200225,0.060915825200225,0.060915825200225,0.060915825200225,0.060915825200225,0.0692108088070731,0.060915825200225,0.060915825200225,0.0692108088070731,0.060915825200225,0.060915825200225,0.060915825200225,0.060915825200225,0.0692108088070731
"161",0.060915825200225,0.060915825200225,0.060915825200225,0.060915825200225,0.060915825200225,0.060915825200225,0.060915825200225,0.060915825200225,0.060915825200225,0.060915825200225,0.060915825200225,0.060915825200225,0.060915825200225,0.060915825200225,0.060915825200225,0.060915825200225,0.060915825200225,0.060915825200225,0.060915825200225,0.060915825200225,0.060915825200225,0.060915825200225,0.060915825200225,0.060915825200225,0.060915825200225,0.060915825200225,0.060915825200225,0.060915825200225,0.060915825200225,0.060915825200225,0.060915825200225,0.060915825200225,0.060915825200225,0.060915825200225,0.060915825200225,0.060915825200225,0.060915825200225,0.060915825200225,0.060915825200225,0.060915825200225,0.060915825200225,0.060915825200225,0.060915825200225,0.060915825200225,0.060915825200225,0.060915825200225,0.060915825200225,0.060915825200225,0.060915825200225,0.060915825200225,0.060915825200225,0.060915825200225,0.060915825200225,0.060915825200225,0.060915825200225,0.060915825200225,0.060915825200225,0.060915825200225,0.060915825200225,0.060915825200225,0.060915825200225,0.060915825200225,0.060915825200225,0.060915825200225,0.060915825200225,0.060915825200225,0.060915825200225,0.060915825200225,0.060915825200225,0.060915825200225,0.060915825200225,0.060915825200225,0.060915825200225,0.060915825200225,0.060915825200225,0.060915825200225,0.060915825200225,0.060915825200225,0.060915825200225,0.060915825200225,0.060915825200225,0.060915825200225,0.0692108088070731,0.060915825200225,0.060915825200225,0.060915825200225,0.060915825200225,0.060915825200225,0.060915825200225,0.060915825200225,0.060915825200225,0.060915825200225,0.060915825200225,0.060915825200225,0.060915825200225,0.060915825200225,0.060915825200225,0.060915825200225,0.060915825200225,0.060915825200225,0.060915825200225,0.060915825200225,0.060915825200225,0.060915825200225,0.060915825200225,0.060915825200225,0.060915825200225,0.060915825200225,0.060915825200225,0.060915825200225,0.060915825200225,0.060915825200225,0.060915825200225,0.060915825200225,0.060915825200225,0.060915825200225,0.060915825200225,0.060915825200225,0.060915825200225,0.060915825200225,0.060915825200225,0.060915825200225,0.060915825200225,0.060915825200225,0.060915825200225,0.060915825200225,0.060915825200225,0.060915825200225,0.060915825200225,0.060915825200225,0.060915825200225,0.060915825200225,0.060915825200225,0.060915825200225,0.060915825200225,0.060915825200225,0.060915825200225,0.060915825200225,0.060915825200225,0.060915825200225,0.060915825200225,0.060915825200225,0.060915825200225,0.060915825200225,0.060915825200225,0.0609171627409114,0.0609171627409114,0.0609171627409114,0.0609171627409114,0.0609171627409114,0.0609171627409114,0.0609171627409114,0.0609171627409114,0.0609171627409114,0.0609171627409114,0.0609171627409114,0.0692121463477595,0.0609171627409114,0.0609171627409114,0.0609171627409114,1,0.060915825200225,0.060915825200225,0.060915825200225,0.060915825200225,0.060915825200225,0.060915825200225,0.060915825200225,0.060915825200225,0.060915825200225,0.060915825200225,0.060915825200225,0.060915825200225,0.060915825200225,0.060915825200225,0.060915825200225,0.060915825200225,0.060915825200225,0.060915825200225,0.060915825200225,0.060915825200225,0.060915825200225,0.060915825200225,0.060915825200225,0.060915825200225,0.060915825200225,0.060915825200225,0.060915825200225,0.060915825200225,0.060915825200225,0.0692108088070731,0.0692108088070731,0.060915825200225,0.060915825200225,0.060915825200225
"162",0.0609158252002249,0.060915825200225,0.0609158252002253,0.0692108088070744,0.0609158252002253,0.0692108088070738,0.060915825200225,0.0692108088070713,0.0692108088070731,0.060915825200225,0.0609158252002247,0.060915825200225,0.060915825200225,0.0692108088070741,0.0692108088070731,0.0692108088070721,0.0692108088070715,0.0692108088070715,0.0609158252002248,0.0609158252002252,0.0609158252002252,0.0609158252002254,0.0609158252002251,0.060915825200225,0.0609158252002251,0.0609158252002251,0.060915825200225,0.0609158252002248,0.060915825200225,0.0609158252002251,0.0609158252002247,0.0692108088070741,0.060915825200225,0.0609158252002246,0.0692108088070714,0.0692108088070721,0.0609158252002247,0.0609158252002248,0.0692108088070717,0.0609158252002256,0.0609158252002255,0.060915825200225,0.0609158252002251,0.0692108088070703,0.0692108088070757,0.0609158252002247,0.0609158252002246,0.0609158252002248,0.0609158252002249,0.0609158252002246,0.0609158252002254,0.0692108088070753,0.0609158252002245,0.0692108088070714,0.0609158252002257,0.0609158252002252,0.0692108088070735,0.0609158252002251,0.0609158252002252,0.060915825200225,0.0609158252002252,0.0609158252002251,0.0609158252002252,0.0692108088070744,0.0609158252002253,0.0692108088070749,0.0609158252002254,0.0609158252002251,0.060915825200225,0.0692108088070731,0.0609158252002252,0.0692108088070743,0.0692108088070731,0.060915825200225,0.0609158252002251,0.060915825200225,0.0692108088070744,0.0609158252002255,0.060915825200225,0.0609158252002254,0.0692108088070742,0.069210808807075,0.060915825200225,0.0692108088070745,0.0609158252002255,0.0609158252002249,0.0609158252002254,0.0609158252002255,0.0609158252002255,0.0692108088070731,0.0692108088070731,0.0609158252002255,0.0609158252002252,0.0692108088070716,0.0692108088070721,0.0692108088070734,0.0609158252002248,0.0692108088070719,0.0609158252002252,0.0692108088070738,0.0609158252002252,0.0609158252002249,0.0609158252002254,0.0692108088070741,0.0692108088070739,0.0609158252002253,0.0609158252002253,0.0609158252002252,0.0609158252002251,0.0609158252002253,0.0609158252002251,0.0609158252002252,0.0609158252002253,0.0609158252002252,0.0609158252002252,0.0692108088070731,0.0609158252002251,0.0609158252002254,0.060915825200225,0.060915825200225,0.0609158252002255,0.0609158252002253,0.0609158252002253,0.060915825200225,0.0609158252002249,0.0609158252002255,0.0609158252002252,0.0609158252002252,0.0609158252002251,0.0609158252002253,0.0609158252002251,0.0692108088070731,0.0609158252002252,0.0609158252002251,0.0609158252002252,0.060915825200225,0.0609158252002251,0.0609158252002253,0.0609158252002251,0.0609158252002252,0.0609158252002252,0.0609158252002252,0.0609158252002252,0.0609158252002252,0.0609158252002251,0.060915825200225,0.0692108088070731,0.0692108088070731,0.060915825200225,0.0609158252002295,0.0692108088070731,0.060915825200225,0.0609158252002295,0.0692108088070731,0.060915825200225,0.060915825200225,0.060915825200225,0.0692108088070731,0.0692108088070731,0.0692108088070731,0.060915825200225,1,0.217548544396218,0.267559662987832,0.284902145840393,0.26713710771654,0.285311506657621,0.241629608893659,0.194646545111146,0.0845132900862103,0.0847487603611053,0.0856825100067955,0.0841153601434844,0.0877665813635943,0.0848981244965312,0.0831441867858632,0.204729974222607,0.0840075153777475,0.0856370244303161,0.08379389391783,0.0833321409439544,0.0851076827437401,0.105729303828105,0.109728824169693,0.060915825200225,0.060915825200225,0.0692108088070731,0.060915825200225,0.0609158252002249,0.0692108088070731,0.060915825200225,0.060915825200225,0.060915825200225,0.060915825200225,0.0692108088070731
"163",0.0609158252002248,0.060915825200225,0.0609158252002255,0.0609158252002255,0.0609158252002255,0.0609158252002252,0.060915825200225,0.0609158252002246,0.060915825200225,0.060915825200225,0.0609158252002246,0.060915825200225,0.0609158252002248,0.0609158252002254,0.060915825200225,0.0609158252002248,0.0609158252002247,0.0609158252002247,0.0609158252002247,0.0609158252002251,0.0609158252002251,0.0609158252002253,0.060915825200225,0.0609158252002248,0.060915825200225,0.060915825200225,0.060915825200225,0.0609158252002248,0.060915825200225,0.0609158252002251,0.0609158252002246,0.0609158252002252,0.060915825200225,0.0609158252002246,0.0609158252002247,0.0609158252002248,0.0609158252002246,0.0609158252002247,0.0609158252002247,0.0609158252002257,0.0609158252002255,0.060915825200225,0.0609158252002251,0.0609158252002245,0.0609158252002255,0.0609158252002246,0.0609158252002246,0.0609158252002248,0.0609158252002249,0.0609158252002246,0.0609158252002254,0.0609158252002254,0.0609158252002244,0.0609158252002247,0.0609158252002257,0.0609158252002253,0.0609158252002251,0.0609158252002251,0.0609158252002253,0.060915825200225,0.0609158252002252,0.0609158252002251,0.0609158252002253,0.0609158252002253,0.0609158252002253,0.0609158252002254,0.0609158252002255,0.0609158252002252,0.0609158252002251,0.060915825200225,0.0609158252002253,0.0609158252002253,0.060915825200225,0.0609158252002251,0.0609158252002252,0.0609158252002252,0.0609158252002254,0.0609158252002256,0.0609158252002252,0.0609158252002255,0.0609158252002254,0.0609158252002255,0.060915825200225,0.0609158252002254,0.0609158252002256,0.060915825200225,0.0609158252002255,0.0609158252002256,0.0609158252002256,0.060915825200225,0.060915825200225,0.0609158252002255,0.0609158252002252,0.0609158252002249,0.0609158252002249,0.0609158252002251,0.0609158252002248,0.0609158252002249,0.0609158252002252,0.0609158252002252,0.0609158252002252,0.060915825200225,0.0609158252002254,0.0609158252002252,0.0609158252002252,0.0609158252002254,0.0609158252002253,0.0609158252002253,0.0609158252002252,0.0609158252002253,0.0609158252002251,0.0609158252002252,0.0609158252002253,0.0609158252002253,0.0609158252002253,0.060915825200225,0.0609158252002252,0.0609158252002254,0.060915825200225,0.060915825200225,0.0609158252002255,0.0609158252002254,0.0609158252002254,0.0609158252002251,0.060915825200225,0.0609158252002255,0.0609158252002253,0.0609158252002253,0.0609158252002252,0.0609158252002253,0.0609158252002252,0.060915825200225,0.0609158252002253,0.0609158252002251,0.0609158252002253,0.0609158252002252,0.0609158252002252,0.0609158252002253,0.0609158252002252,0.0609158252002253,0.0609158252002253,0.0609158252002253,0.0609158252002254,0.0609158252002253,0.0609158252002253,0.060915825200225,0.060915825200225,0.060915825200225,0.060915825200225,0.0609158252002304,0.060915825200225,0.060915825200225,0.0609158252002304,0.060915825200225,0.060915825200225,0.060915825200225,0.060915825200225,0.060915825200225,0.060915825200225,0.060915825200225,0.060915825200225,0.217548544396218,1,0.230065551474313,0.229934579858153,0.244494766357271,0.21750287399161,0.270406681158058,0.2672743711177,0.0973289671166348,0.0976923202386026,0.0991331851165544,0.0967149232120342,0.102349106252393,0.0979228033640895,0.095216309972546,0.096840414586085,0.0965485084391469,0.0990629965280982,0.0962188701252877,0.0955063411884169,0.0982461717526956,0.0921873372271464,0.0949782620179323,0.060915825200225,0.060915825200225,0.060915825200225,0.060915825200225,0.060915825200225,0.060915825200225,0.060915825200225,0.060915825200225,0.060915825200225,0.060915825200225,0.060915825200225
"164",0.0609158252002249,0.060915825200225,0.0609158252002253,0.0609158252002253,0.0609158252002253,0.0609158252002252,0.060915825200225,0.0609158252002247,0.060915825200225,0.060915825200225,0.0609158252002247,0.060915825200225,0.060915825200225,0.0609158252002252,0.060915825200225,0.0609158252002249,0.0609158252002247,0.0609158252002247,0.0609158252002248,0.0609158252002252,0.0609158252002252,0.0609158252002254,0.0609158252002251,0.060915825200225,0.0609158252002251,0.0609158252002251,0.060915825200225,0.0609158252002248,0.060915825200225,0.0609158252002251,0.0609158252002247,0.0609158252002252,0.060915825200225,0.0609158252002246,0.0609158252002247,0.0609158252002249,0.0609158252002247,0.0609158252002248,0.0609158252002248,0.0609158252002256,0.0609158252002255,0.060915825200225,0.0609158252002251,0.0609158252002246,0.0609158252002255,0.0609158252002247,0.0609158252002246,0.0609158252002248,0.0609158252002249,0.0609158252002246,0.0609158252002254,0.0609158252002254,0.0609158252002245,0.0609158252002248,0.0609158252002257,0.0609158252002252,0.0609158252002251,0.0609158252002251,0.0609158252002252,0.060915825200225,0.0609158252002251,0.0609158252002251,0.0609158252002252,0.0609158252002253,0.0609158252002253,0.0609158252002254,0.0609158252002254,0.0609158252002251,0.060915825200225,0.060915825200225,0.0609158252002252,0.0609158252002253,0.060915825200225,0.060915825200225,0.0609158252002251,0.0609158252002251,0.0609158252002253,0.0609158252002255,0.0609158252002251,0.0609158252002254,0.0609158252002252,0.0609158252002254,0.060915825200225,0.0609158252002253,0.0609158252002255,0.0609158252002249,0.0609158252002254,0.0609158252002255,0.0609158252002255,0.060915825200225,0.060915825200225,0.0609158252002255,0.0609158252002252,0.0609158252002248,0.0609158252002249,0.0609158252002251,0.0609158252002248,0.0609158252002248,0.0609158252002252,0.0609158252002252,0.0609158252002252,0.0609158252002249,0.0609158252002254,0.0609158252002252,0.0609158252002252,0.0609158252002253,0.0609158252002253,0.0609158252002252,0.0609158252002251,0.0609158252002253,0.0609158252002251,0.0609158252002252,0.0609158252002253,0.0609158252002252,0.0609158252002252,0.060915825200225,0.0609158252002251,0.0609158252002254,0.060915825200225,0.060915825200225,0.0609158252002255,0.0609158252002253,0.0609158252002253,0.060915825200225,0.0609158252002249,0.0609158252002255,0.0609158252002252,0.0609158252002252,0.0609158252002251,0.0609158252002253,0.0609158252002251,0.060915825200225,0.0609158252002252,0.0609158252002251,0.0609158252002252,0.060915825200225,0.0609158252002251,0.0609158252002253,0.0609158252002251,0.0609158252002252,0.0609158252002252,0.0609158252002252,0.0609158252002253,0.0609158252002252,0.0609158252002251,0.060915825200225,0.060915825200225,0.060915825200225,0.060915825200225,0.0609158252002296,0.060915825200225,0.060915825200225,0.0609158252002296,0.060915825200225,0.060915825200225,0.060915825200225,0.060915825200225,0.060915825200225,0.060915825200225,0.060915825200225,0.060915825200225,0.267559662987832,0.230065551474313,1,0.283900458229196,0.283616924746979,0.267499410396712,0.256071025062557,0.205333366666237,0.0863990529000312,0.0866533404966301,0.0876617096138513,0.0859693228680955,0.089912327007904,0.0868146408859573,0.08492053936835,0.0860571462497372,0.085852859818578,0.0876125891126415,0.0856221670585317,0.085123513655245,0.0870409457265747,0.102172075151243,0.10585411939215,0.060915825200225,0.060915825200225,0.060915825200225,0.060915825200225,0.0609158252002249,0.060915825200225,0.060915825200225,0.060915825200225,0.060915825200225,0.060915825200225,0.060915825200225
"165",0.0609158252002249,0.060915825200225,0.0609158252002253,0.0609158252002253,0.0609158252002253,0.0609158252002252,0.060915825200225,0.0609158252002247,0.060915825200225,0.060915825200225,0.0609158252002247,0.060915825200225,0.060915825200225,0.0609158252002252,0.060915825200225,0.0609158252002249,0.0609158252002247,0.0609158252002247,0.0609158252002248,0.0609158252002252,0.0609158252002252,0.0609158252002254,0.0609158252002251,0.060915825200225,0.0609158252002251,0.0609158252002251,0.060915825200225,0.0609158252002248,0.0609158252002249,0.0609158252002251,0.0609158252002247,0.0609158252002252,0.060915825200225,0.0609158252002246,0.0609158252002247,0.0609158252002248,0.0609158252002247,0.0609158252002247,0.0609158252002248,0.0609158252002256,0.0609158252002255,0.060915825200225,0.0609158252002251,0.0609158252002245,0.0609158252002255,0.0609158252002247,0.0609158252002246,0.0609158252002248,0.0609158252002249,0.0609158252002246,0.0609158252002254,0.0609158252002254,0.0609158252002244,0.0609158252002247,0.0609158252002257,0.0609158252002252,0.0609158252002251,0.0609158252002251,0.0609158252002252,0.060915825200225,0.0609158252002252,0.0609158252002251,0.0609158252002252,0.0609158252002253,0.0609158252002253,0.0609158252002254,0.0609158252002254,0.0609158252002251,0.060915825200225,0.060915825200225,0.0609158252002252,0.0609158252002253,0.060915825200225,0.060915825200225,0.0609158252002251,0.060915825200225,0.0609158252002253,0.0609158252002255,0.060915825200225,0.0609158252002254,0.0609158252002252,0.0609158252002254,0.060915825200225,0.0609158252002253,0.0609158252002255,0.0609158252002249,0.0609158252002254,0.0609158252002255,0.0609158252002255,0.060915825200225,0.060915825200225,0.0609158252002255,0.0609158252002252,0.0609158252002248,0.0609158252002249,0.0609158252002251,0.0609158252002247,0.0609158252002248,0.0609158252002252,0.0609158252002252,0.0609158252002252,0.0609158252002249,0.0609158252002254,0.0609158252002252,0.0609158252002252,0.0609158252002253,0.0609158252002253,0.0609158252002252,0.0609158252002251,0.0609158252002253,0.0609158252002251,0.0609158252002252,0.0609158252002253,0.0609158252002252,0.0609158252002252,0.060915825200225,0.0609158252002251,0.0609158252002254,0.060915825200225,0.060915825200225,0.0609158252002255,0.0609158252002253,0.0609158252002254,0.060915825200225,0.0609158252002249,0.0609158252002255,0.0609158252002252,0.0609158252002252,0.0609158252002251,0.0609158252002253,0.0609158252002251,0.060915825200225,0.0609158252002252,0.0609158252002251,0.0609158252002252,0.060915825200225,0.0609158252002251,0.0609158252002253,0.0609158252002251,0.0609158252002252,0.0609158252002252,0.0609158252002252,0.0609158252002253,0.0609158252002252,0.0609158252002251,0.060915825200225,0.060915825200225,0.060915825200225,0.060915825200225,0.0609158252002297,0.060915825200225,0.060915825200225,0.0609158252002297,0.060915825200225,0.060915825200225,0.060915825200225,0.060915825200225,0.060915825200225,0.060915825200225,0.060915825200225,0.060915825200225,0.284902145840393,0.229934579858153,0.283900458229196,1,0.283444488296554,0.28483683654735,0.255919917405313,0.205221545183518,0.0863793212339965,0.0866334119356812,0.087641000272583,0.0859499239420722,0.0898898750133379,0.086794587430099,0.0849019525155068,0.0860376793220597,0.0858335510699069,0.0875919178053827,0.0856030369352902,0.085104769639389,0.0870207170428531,0.105634508128397,0.109625568128569,0.060915825200225,0.060915825200225,0.060915825200225,0.060915825200225,0.0609158252002249,0.060915825200225,0.060915825200225,0.060915825200225,0.060915825200225,0.060915825200225,0.060915825200225
"166",0.0609158252002249,0.060915825200225,0.0609158252002253,0.0609158252002253,0.0609158252002254,0.0609158252002252,0.060915825200225,0.0609158252002247,0.060915825200225,0.060915825200225,0.0609158252002247,0.060915825200225,0.0609158252002249,0.0609158252002253,0.060915825200225,0.0609158252002248,0.0609158252002247,0.0609158252002247,0.0609158252002248,0.0609158252002252,0.0609158252002252,0.0609158252002254,0.0609158252002251,0.060915825200225,0.0609158252002251,0.0609158252002251,0.060915825200225,0.0609158252002248,0.060915825200225,0.0609158252002251,0.0609158252002247,0.0609158252002252,0.060915825200225,0.0609158252002246,0.0609158252002247,0.0609158252002248,0.0609158252002247,0.0609158252002247,0.0609158252002248,0.0609158252002256,0.0609158252002255,0.060915825200225,0.0609158252002251,0.0609158252002245,0.0609158252002255,0.0609158252002247,0.0609158252002246,0.0609158252002248,0.0609158252002249,0.0609158252002246,0.0609158252002254,0.0609158252002254,0.0609158252002244,0.0609158252002247,0.0609158252002257,0.0609158252002252,0.0609158252002251,0.0609158252002251,0.0609158252002252,0.060915825200225,0.0609158252002252,0.0609158252002251,0.0609158252002252,0.0609158252002253,0.0609158252002253,0.0609158252002254,0.0609158252002254,0.0609158252002251,0.060915825200225,0.060915825200225,0.0609158252002252,0.0609158252002253,0.060915825200225,0.060915825200225,0.0609158252002251,0.0609158252002251,0.0609158252002253,0.0609158252002255,0.0609158252002251,0.0609158252002254,0.0609158252002253,0.0609158252002254,0.060915825200225,0.0609158252002253,0.0609158252002255,0.0609158252002249,0.0609158252002255,0.0609158252002256,0.0609158252002256,0.060915825200225,0.060915825200225,0.0609158252002255,0.0609158252002252,0.0609158252002248,0.0609158252002249,0.0609158252002251,0.0609158252002248,0.0609158252002248,0.0609158252002252,0.0609158252002252,0.0609158252002252,0.0609158252002249,0.0609158252002254,0.0609158252002252,0.0609158252002252,0.0609158252002253,0.0609158252002253,0.0609158252002252,0.0609158252002251,0.0609158252002253,0.0609158252002251,0.0609158252002252,0.0609158252002253,0.0609158252002252,0.0609158252002252,0.060915825200225,0.0609158252002251,0.0609158252002254,0.060915825200225,0.060915825200225,0.0609158252002255,0.0609158252002253,0.0609158252002254,0.060915825200225,0.0609158252002249,0.0609158252002255,0.0609158252002253,0.0609158252002253,0.0609158252002251,0.0609158252002253,0.0609158252002251,0.060915825200225,0.0609158252002252,0.0609158252002251,0.0609158252002252,0.0609158252002251,0.0609158252002251,0.0609158252002253,0.0609158252002251,0.0609158252002253,0.0609158252002252,0.0609158252002253,0.0609158252002253,0.0609158252002252,0.0609158252002252,0.060915825200225,0.060915825200225,0.060915825200225,0.060915825200225,0.0609158252002298,0.060915825200225,0.060915825200225,0.0609158252002298,0.060915825200225,0.060915825200225,0.060915825200225,0.060915825200225,0.060915825200225,0.060915825200225,0.060915825200225,0.060915825200225,0.26713710771654,0.244494766357271,0.283616924746979,0.283444488296554,1,0.267076978333618,0.272718638650626,0.217652800830661,0.0885729013838699,0.0888488810013085,0.0899432691151199,0.0881065132021351,0.0923858755800784,0.0890239411313919,0.0869682631541307,0.0882018283633613,0.087980115264204,0.0898899583861911,0.0877297432424657,0.0871885521764675,0.0892695509219338,0.102087711838422,0.105762226809206,0.060915825200225,0.060915825200225,0.060915825200225,0.060915825200225,0.0609158252002249,0.060915825200225,0.060915825200225,0.060915825200225,0.060915825200225,0.060915825200225,0.060915825200225
"167",0.0609158252002249,0.060915825200225,0.0609158252002252,0.0609158252002253,0.0609158252002253,0.0609158252002251,0.060915825200225,0.0609158252002247,0.060915825200225,0.060915825200225,0.0609158252002247,0.060915825200225,0.060915825200225,0.0609158252002252,0.060915825200225,0.0609158252002249,0.0609158252002248,0.0609158252002248,0.0609158252002248,0.0609158252002252,0.0609158252002252,0.0609158252002254,0.0609158252002251,0.060915825200225,0.0609158252002251,0.0609158252002251,0.060915825200225,0.0609158252002248,0.0609158252002249,0.0609158252002251,0.0609158252002247,0.0609158252002252,0.060915825200225,0.0609158252002246,0.0609158252002247,0.0609158252002249,0.0609158252002247,0.0609158252002248,0.0609158252002248,0.0609158252002256,0.0609158252002255,0.060915825200225,0.0609158252002251,0.0609158252002246,0.0609158252002255,0.0609158252002247,0.0609158252002246,0.0609158252002248,0.0609158252002249,0.0609158252002246,0.0609158252002254,0.0609158252002254,0.0609158252002245,0.0609158252002247,0.0609158252002257,0.0609158252002252,0.0609158252002251,0.0609158252002251,0.0609158252002252,0.060915825200225,0.0609158252002251,0.0609158252002251,0.0609158252002252,0.0609158252002253,0.0609158252002253,0.0609158252002254,0.0609158252002254,0.0609158252002251,0.060915825200225,0.060915825200225,0.0609158252002252,0.0609158252002252,0.060915825200225,0.060915825200225,0.0609158252002251,0.060915825200225,0.0609158252002253,0.0609158252002255,0.060915825200225,0.0609158252002254,0.0609158252002252,0.0609158252002254,0.060915825200225,0.0609158252002253,0.0609158252002255,0.0609158252002249,0.0609158252002254,0.0609158252002255,0.0609158252002255,0.060915825200225,0.060915825200225,0.0609158252002255,0.0609158252002252,0.0609158252002248,0.0609158252002249,0.0609158252002251,0.0609158252002247,0.0609158252002248,0.0609158252002252,0.0609158252002252,0.0609158252002252,0.0609158252002249,0.0609158252002254,0.0609158252002252,0.0609158252002252,0.0609158252002253,0.0609158252002253,0.0609158252002252,0.0609158252002251,0.0609158252002253,0.0609158252002251,0.0609158252002252,0.0609158252002253,0.0609158252002252,0.0609158252002252,0.060915825200225,0.0609158252002251,0.0609158252002253,0.060915825200225,0.060915825200225,0.0609158252002254,0.0609158252002253,0.0609158252002253,0.060915825200225,0.0609158252002249,0.0609158252002254,0.0609158252002252,0.0609158252002252,0.0609158252002251,0.0609158252002253,0.0609158252002251,0.060915825200225,0.0609158252002252,0.060915825200225,0.0609158252002252,0.060915825200225,0.0609158252002251,0.0609158252002252,0.0609158252002251,0.0609158252002252,0.0609158252002252,0.0609158252002252,0.0609158252002252,0.0609158252002252,0.0609158252002251,0.060915825200225,0.060915825200225,0.060915825200225,0.060915825200225,0.0609158252002295,0.060915825200225,0.060915825200225,0.0609158252002295,0.060915825200225,0.060915825200225,0.060915825200225,0.060915825200225,0.060915825200225,0.060915825200225,0.060915825200225,0.060915825200225,0.285311506657621,0.21750287399161,0.267499410396712,0.28483683654735,0.267076978333618,1,0.241576916958963,0.194607552446099,0.0845064095635611,0.0847418111802944,0.0856752885642982,0.0841085956488067,0.0877587522498813,0.0848911317642913,0.0831377054648364,0.0841898963740562,0.0840007823283271,0.0856298162504528,0.083787223155918,0.0833256048194626,0.0851006289087388,0.109184828962028,0.11349274855061,0.060915825200225,0.060915825200225,0.060915825200225,0.060915825200225,0.0609158252002249,0.060915825200225,0.060915825200225,0.060915825200225,0.060915825200225,0.060915825200225,0.060915825200225
"168",0.0609158252002248,0.060915825200225,0.0609158252002254,0.0609158252002254,0.0609158252002254,0.0609158252002252,0.060915825200225,0.0609158252002247,0.060915825200225,0.060915825200225,0.0609158252002247,0.060915825200225,0.0609158252002249,0.0609158252002253,0.060915825200225,0.0609158252002248,0.0609158252002247,0.0609158252002247,0.0609158252002248,0.0609158252002252,0.0609158252002252,0.0609158252002254,0.060915825200225,0.0609158252002249,0.060915825200225,0.060915825200225,0.060915825200225,0.0609158252002248,0.060915825200225,0.0609158252002251,0.0609158252002246,0.0609158252002252,0.060915825200225,0.0609158252002246,0.0609158252002247,0.0609158252002248,0.0609158252002247,0.0609158252002247,0.0609158252002248,0.0609158252002256,0.0609158252002255,0.060915825200225,0.0609158252002251,0.0609158252002245,0.0609158252002255,0.0609158252002246,0.0609158252002246,0.0609158252002248,0.0609158252002249,0.0609158252002246,0.0609158252002254,0.0609158252002254,0.0609158252002244,0.0609158252002247,0.0609158252002257,0.0609158252002253,0.0609158252002251,0.0609158252002251,0.0609158252002253,0.060915825200225,0.0609158252002252,0.0609158252002251,0.0609158252002252,0.0609158252002253,0.0609158252002253,0.0609158252002254,0.0609158252002255,0.0609158252002251,0.060915825200225,0.060915825200225,0.0609158252002253,0.0609158252002253,0.060915825200225,0.060915825200225,0.0609158252002252,0.0609158252002251,0.0609158252002254,0.0609158252002255,0.0609158252002251,0.0609158252002255,0.0609158252002253,0.0609158252002254,0.060915825200225,0.0609158252002254,0.0609158252002255,0.0609158252002249,0.0609158252002255,0.0609158252002256,0.0609158252002256,0.060915825200225,0.060915825200225,0.0609158252002255,0.0609158252002252,0.0609158252002248,0.0609158252002249,0.0609158252002251,0.0609158252002248,0.0609158252002249,0.0609158252002252,0.0609158252002252,0.0609158252002252,0.0609158252002249,0.0609158252002254,0.0609158252002252,0.0609158252002252,0.0609158252002254,0.0609158252002253,0.0609158252002253,0.0609158252002252,0.0609158252002253,0.0609158252002251,0.0609158252002252,0.0609158252002253,0.0609158252002253,0.0609158252002252,0.060915825200225,0.0609158252002252,0.0609158252002254,0.060915825200225,0.060915825200225,0.0609158252002255,0.0609158252002254,0.0609158252002254,0.060915825200225,0.0609158252002249,0.0609158252002255,0.0609158252002253,0.0609158252002253,0.0609158252002252,0.0609158252002253,0.0609158252002252,0.060915825200225,0.0609158252002253,0.0609158252002251,0.0609158252002253,0.0609158252002251,0.0609158252002252,0.0609158252002253,0.0609158252002252,0.0609158252002253,0.0609158252002253,0.0609158252002253,0.0609158252002253,0.0609158252002253,0.0609158252002252,0.060915825200225,0.060915825200225,0.060915825200225,0.060915825200225,0.0609158252002301,0.060915825200225,0.060915825200225,0.0609158252002301,0.060915825200225,0.060915825200225,0.060915825200225,0.060915825200225,0.060915825200225,0.060915825200225,0.060915825200225,0.060915825200225,0.241629608893659,0.270406681158058,0.256071025062557,0.255919917405313,0.272718638650626,0.241576916958963,1,0.239775981547825,0.092476688052788,0.09279162209709,0.0940404827119335,0.0919444693416688,0.0968278622285335,0.0929913919035522,0.0906455556959005,0.0920532382046988,0.0918002303788297,0.0939796471921872,0.0915145184334407,0.090896938437002,0.0932716694304704,0.0969951304681585,0.100215141941218,0.060915825200225,0.060915825200225,0.060915825200225,0.060915825200225,0.0609158252002249,0.060915825200225,0.060915825200225,0.060915825200225,0.060915825200225,0.060915825200225,0.060915825200225
"169",0.0609158252002247,0.060915825200225,0.0609158252002256,0.0609158252002255,0.0609158252002256,0.0609158252002252,0.060915825200225,0.0609158252002246,0.060915825200225,0.060915825200225,0.0609158252002246,0.060915825200225,0.0609158252002248,0.0609158252002255,0.0609158252002249,0.0609158252002247,0.0609158252002246,0.0609158252002247,0.0609158252002247,0.060915825200225,0.060915825200225,0.0609158252002253,0.0609158252002249,0.0609158252002248,0.0609158252002249,0.0609158252002249,0.060915825200225,0.0609158252002248,0.060915825200225,0.0609158252002251,0.0609158252002246,0.0609158252002252,0.0609158252002249,0.0609158252002245,0.0609158252002246,0.0609158252002248,0.0609158252002246,0.0609158252002247,0.0609158252002247,0.0609158252002256,0.0609158252002255,0.060915825200225,0.0609158252002251,0.0609158252002245,0.0609158252002255,0.0609158252002246,0.0609158252002245,0.0609158252002248,0.0609158252002248,0.0609158252002245,0.0609158252002254,0.0609158252002254,0.0609158252002244,0.0609158252002247,0.0609158252002257,0.0609158252002253,0.0609158252002251,0.0609158252002251,0.0609158252002253,0.060915825200225,0.0609158252002252,0.0609158252002251,0.0609158252002253,0.0609158252002254,0.0609158252002254,0.0609158252002255,0.0609158252002255,0.0609158252002252,0.0609158252002251,0.060915825200225,0.0609158252002253,0.0609158252002254,0.060915825200225,0.0609158252002251,0.0609158252002253,0.0609158252002252,0.0609158252002255,0.0609158252002256,0.0609158252002252,0.0609158252002255,0.0609158252002255,0.0609158252002255,0.060915825200225,0.0609158252002255,0.0609158252002256,0.060915825200225,0.0609158252002255,0.0609158252002255,0.0609158252002256,0.060915825200225,0.060915825200225,0.0609158252002255,0.0609158252002252,0.0609158252002249,0.060915825200225,0.0609158252002251,0.0609158252002248,0.060915825200225,0.0609158252002252,0.0609158252002252,0.0609158252002252,0.060915825200225,0.0609158252002254,0.0609158252002252,0.0609158252002251,0.0609158252002254,0.0609158252002253,0.0609158252002253,0.0609158252002252,0.0609158252002253,0.0609158252002251,0.0609158252002252,0.0609158252002254,0.0609158252002253,0.0609158252002253,0.060915825200225,0.0609158252002252,0.0609158252002254,0.0609158252002251,0.060915825200225,0.0609158252002255,0.0609158252002253,0.0609158252002254,0.0609158252002251,0.060915825200225,0.0609158252002255,0.0609158252002253,0.0609158252002253,0.0609158252002252,0.0609158252002253,0.0609158252002253,0.060915825200225,0.0609158252002253,0.0609158252002251,0.0609158252002253,0.0609158252002252,0.0609158252002252,0.0609158252002253,0.0609158252002253,0.0609158252002254,0.0609158252002253,0.0609158252002254,0.0609158252002254,0.0609158252002253,0.0609158252002253,0.060915825200225,0.060915825200225,0.060915825200225,0.060915825200225,0.060915825200231,0.060915825200225,0.060915825200225,0.060915825200231,0.060915825200225,0.060915825200225,0.060915825200225,0.060915825200225,0.060915825200225,0.060915825200225,0.060915825200225,0.060915825200225,0.194646545111146,0.2672743711177,0.205333366666237,0.205221545183518,0.217652800830661,0.194607552446099,0.239775981547825,1,0.103564947088695,0.103990526722085,0.105678148788471,0.102845744296684,0.109444816680545,0.104260481534957,0.101090484098008,0.102992726859192,0.102650829945453,0.105595939962023,0.102264738993479,0.101430184986922,0.104639228797476,0.0876149447824463,0.0899977919780034,0.060915825200225,0.060915825200225,0.060915825200225,0.060915825200225,0.060915825200225,0.060915825200225,0.060915825200225,0.060915825200225,0.060915825200225,0.060915825200225,0.060915825200225
"170",0.0609158252002246,0.060915825200225,0.0609158252002257,0.0609158252002256,0.0609158252002257,0.0609158252002253,0.060915825200225,0.0609158252002246,0.060915825200225,0.060915825200225,0.0609158252002246,0.060915825200225,0.0609158252002246,0.0609158252002256,0.0609158252002249,0.0609158252002247,0.0609158252002246,0.0609158252002246,0.0609158252002246,0.0609158252002249,0.0609158252002249,0.0609158252002252,0.0609158252002248,0.0609158252002246,0.0609158252002248,0.0609158252002248,0.060915825200225,0.0609158252002247,0.060915825200225,0.0609158252002251,0.0609158252002246,0.0609158252002252,0.0609158252002249,0.0609158252002245,0.0609158252002246,0.0609158252002248,0.0609158252002245,0.0609158252002246,0.0609158252002247,0.0609158252002256,0.0609158252002255,0.060915825200225,0.0609158252002251,0.0609158252002244,0.0609158252002255,0.0609158252002246,0.0609158252002245,0.0609158252002248,0.0609158252002248,0.0609158252002245,0.0609158252002253,0.0609158252002253,0.0609158252002243,0.0609158252002247,0.0609158252002257,0.0609158252002253,0.0609158252002251,0.0609158252002251,0.0609158252002252,0.060915825200225,0.0609158252002252,0.060915825200225,0.0609158252002254,0.0609158252002254,0.0609158252002254,0.0609158252002255,0.0609158252002255,0.0609158252002252,0.0609158252002251,0.060915825200225,0.0609158252002254,0.0609158252002254,0.060915825200225,0.0609158252002252,0.0609158252002253,0.0609158252002252,0.0609158252002256,0.0609158252002256,0.0609158252002253,0.0609158252002255,0.0609158252002256,0.0609158252002256,0.060915825200225,0.0609158252002256,0.0609158252002256,0.060915825200225,0.0609158252002255,0.0609158252002255,0.0609158252002255,0.060915825200225,0.060915825200225,0.0609158252002255,0.0609158252002252,0.060915825200225,0.060915825200225,0.0609158252002251,0.0609158252002248,0.060915825200225,0.0609158252002251,0.0609158252002251,0.0609158252002251,0.060915825200225,0.0609158252002254,0.0609158252002252,0.0609158252002251,0.0609158252002253,0.0609158252002252,0.0609158252002253,0.0609158252002253,0.0609158252002253,0.0609158252002251,0.0609158252002252,0.0609158252002253,0.0609158252002253,0.0609158252002253,0.060915825200225,0.0609158252002253,0.0609158252002253,0.0609158252002251,0.060915825200225,0.0609158252002259,0.0609158252002253,0.0609158252002254,0.0609158252002252,0.0609158252002251,0.0609158252002259,0.0609158252002253,0.0609158252002253,0.0609158252002253,0.0609158252002253,0.0609158252002253,0.060915825200225,0.0609158252002253,0.0609158252002251,0.0609158252002253,0.0609158252002253,0.0609158252002252,0.0609158252002253,0.0609158252002253,0.0609158252002254,0.0609158252002254,0.0609158252002254,0.0609158252002254,0.0609158252002253,0.0609158252002253,0.060915825200225,0.060915825200225,0.060915825200225,0.060915825200225,0.0609158252002317,0.060915825200225,0.060915825200225,0.0609158252002317,0.060915825200225,0.060915825200225,0.060915825200225,0.060915825200225,0.060915825200225,0.060915825200225,0.060915825200225,0.060915825200225,0.0845132900862103,0.0973289671166348,0.0863990529000312,0.0863793212339965,0.0885729013838699,0.0845064095635611,0.092476688052788,0.103564947088695,1,0.286467985033283,0.287068287220765,0.281572635884914,0.273329829783743,0.26150262114748,0.263033554290296,0.268992998933353,0.282822283217221,0.279722393829469,0.268050171639874,0.277963754977998,0.269852950549954,0.0805050108821342,0.0822533095862034,0.060915825200225,0.060915825200225,0.060915825200225,0.060915825200225,0.060915825200225,0.060915825200225,0.060915825200225,0.060915825200225,0.060915825200225,0.060915825200225,0.060915825200225
"171",0.0609158252002246,0.060915825200225,0.0609158252002258,0.0609158252002256,0.0609158252002257,0.0609158252002253,0.060915825200225,0.0609158252002246,0.060915825200225,0.060915825200225,0.0609158252002246,0.060915825200225,0.0609158252002247,0.0609158252002256,0.0609158252002249,0.0609158252002247,0.0609158252002246,0.0609158252002246,0.0609158252002246,0.0609158252002249,0.0609158252002249,0.0609158252002252,0.0609158252002248,0.0609158252002247,0.0609158252002248,0.0609158252002248,0.060915825200225,0.0609158252002247,0.060915825200225,0.0609158252002251,0.0609158252002246,0.0609158252002252,0.0609158252002249,0.0609158252002245,0.0609158252002246,0.0609158252002248,0.0609158252002245,0.0609158252002246,0.0609158252002247,0.0609158252002256,0.0609158252002255,0.060915825200225,0.0609158252002251,0.0609158252002244,0.0609158252002255,0.0609158252002246,0.0609158252002245,0.0609158252002248,0.0609158252002248,0.0609158252002245,0.0609158252002253,0.0609158252002253,0.0609158252002243,0.0609158252002247,0.0609158252002257,0.0609158252002253,0.0609158252002252,0.0609158252002251,0.0609158252002252,0.060915825200225,0.0609158252002252,0.060915825200225,0.0609158252002254,0.0609158252002254,0.0609158252002254,0.0609158252002255,0.0609158252002255,0.0609158252002252,0.0609158252002251,0.060915825200225,0.0609158252002254,0.0609158252002254,0.060915825200225,0.0609158252002252,0.0609158252002253,0.0609158252002252,0.0609158252002256,0.0609158252002256,0.0609158252002253,0.0609158252002255,0.0609158252002256,0.0609158252002256,0.060915825200225,0.0609158252002256,0.0609158252002256,0.060915825200225,0.0609158252002255,0.0609158252002255,0.0609158252002256,0.060915825200225,0.060915825200225,0.0609158252002255,0.0609158252002252,0.060915825200225,0.060915825200225,0.0609158252002251,0.0609158252002249,0.060915825200225,0.0609158252002252,0.0609158252002251,0.0609158252002251,0.060915825200225,0.0609158252002254,0.0609158252002252,0.0609158252002251,0.0609158252002254,0.0609158252002252,0.0609158252002253,0.0609158252002253,0.0609158252002253,0.0609158252002251,0.0609158252002252,0.0609158252002254,0.0609158252002253,0.0609158252002253,0.060915825200225,0.0609158252002253,0.0609158252002253,0.0609158252002251,0.060915825200225,0.0609158252002258,0.0609158252002253,0.0609158252002254,0.0609158252002252,0.0609158252002251,0.0609158252002258,0.0609158252002253,0.0609158252002253,0.0609158252002253,0.0609158252002253,0.0609158252002253,0.060915825200225,0.0609158252002253,0.0609158252002251,0.0609158252002253,0.0609158252002253,0.0609158252002252,0.0609158252002253,0.0609158252002253,0.0609158252002254,0.0609158252002254,0.0609158252002254,0.0609158252002254,0.0609158252002253,0.0609158252002253,0.060915825200225,0.060915825200225,0.060915825200225,0.060915825200225,0.0609158252002317,0.060915825200225,0.060915825200225,0.0609158252002317,0.060915825200225,0.060915825200225,0.060915825200225,0.060915825200225,0.060915825200225,0.060915825200225,0.060915825200225,0.060915825200225,0.0847487603611053,0.0976923202386026,0.0866533404966301,0.0866334119356812,0.0888488810013085,0.0847418111802944,0.09279162209709,0.103990526722085,0.286467985033283,1,0.287027941226958,0.283020486047878,0.27544941633007,0.264634998042916,0.263053896808681,0.2692526718253,0.282786958167331,0.284324516258258,0.268129930372349,0.2703364135994,0.270603543452047,0.0807004840382455,0.0824662283610892,0.060915825200225,0.060915825200225,0.060915825200225,0.060915825200225,0.060915825200225,0.060915825200225,0.060915825200225,0.060915825200225,0.060915825200225,0.060915825200225,0.060915825200225
"172",0.0609158252002246,0.060915825200225,0.0609158252002258,0.0609158252002257,0.0609158252002257,0.0609158252002253,0.060915825200225,0.0609158252002246,0.060915825200225,0.060915825200225,0.0609158252002246,0.060915825200225,0.0609158252002247,0.0609158252002257,0.0609158252002249,0.0609158252002247,0.0609158252002246,0.0609158252002246,0.0609158252002246,0.060915825200225,0.060915825200225,0.0609158252002253,0.0609158252002248,0.0609158252002247,0.0609158252002248,0.0609158252002248,0.060915825200225,0.0609158252002247,0.060915825200225,0.0609158252002251,0.0609158252002246,0.0609158252002253,0.0609158252002249,0.0609158252002245,0.0609158252002246,0.0609158252002248,0.0609158252002245,0.0609158252002246,0.0609158252002247,0.0609158252002256,0.0609158252002255,0.060915825200225,0.0609158252002251,0.0609158252002244,0.0609158252002256,0.0609158252002246,0.0609158252002245,0.0609158252002248,0.0609158252002248,0.0609158252002245,0.0609158252002253,0.0609158252002254,0.0609158252002243,0.0609158252002247,0.0609158252002257,0.0609158252002254,0.0609158252002252,0.0609158252002252,0.0609158252002253,0.060915825200225,0.0609158252002252,0.0609158252002251,0.0609158252002254,0.0609158252002254,0.0609158252002254,0.0609158252002255,0.0609158252002255,0.0609158252002252,0.0609158252002252,0.060915825200225,0.0609158252002254,0.0609158252002254,0.060915825200225,0.0609158252002252,0.0609158252002253,0.0609158252002253,0.0609158252002256,0.0609158252002256,0.0609158252002253,0.0609158252002256,0.0609158252002256,0.0609158252002256,0.060915825200225,0.0609158252002256,0.0609158252002257,0.060915825200225,0.0609158252002255,0.0609158252002255,0.0609158252002256,0.060915825200225,0.060915825200225,0.0609158252002255,0.0609158252002252,0.060915825200225,0.060915825200225,0.0609158252002251,0.0609158252002249,0.060915825200225,0.0609158252002252,0.0609158252002251,0.0609158252002252,0.060915825200225,0.0609158252002254,0.0609158252002252,0.0609158252002251,0.0609158252002254,0.0609158252002253,0.0609158252002254,0.0609158252002253,0.0609158252002254,0.0609158252002252,0.0609158252002252,0.0609158252002254,0.0609158252002254,0.0609158252002253,0.060915825200225,0.0609158252002253,0.0609158252002254,0.0609158252002251,0.060915825200225,0.0609158252002257,0.0609158252002254,0.0609158252002254,0.0609158252002252,0.0609158252002251,0.0609158252002257,0.0609158252002254,0.0609158252002254,0.0609158252002253,0.0609158252002253,0.0609158252002254,0.060915825200225,0.0609158252002254,0.0609158252002251,0.0609158252002254,0.0609158252002253,0.0609158252002252,0.0609158252002254,0.0609158252002254,0.0609158252002254,0.0609158252002254,0.0609158252002254,0.0609158252002254,0.0609158252002254,0.0609158252002253,0.060915825200225,0.060915825200225,0.060915825200225,0.060915825200225,0.0609158252002318,0.060915825200225,0.060915825200225,0.0609158252002318,0.060915825200225,0.060915825200225,0.060915825200225,0.060915825200225,0.060915825200225,0.060915825200225,0.060915825200225,0.060915825200225,0.0856825100067955,0.0991331851165544,0.0876617096138513,0.087641000272583,0.0899432691151199,0.0856752885642982,0.0940404827119335,0.105678148788471,0.287068287220765,0.287027941226958,1,0.278730632567477,0.283854567203253,0.269304489601622,0.276820839104779,0.282735684666593,0.28284099359111,0.285993259301983,0.282068340446531,0.277728244989823,0.2827267881678,0.0814756264223202,0.0833105507737548,0.060915825200225,0.060915825200225,0.060915825200225,0.060915825200225,0.060915825200225,0.060915825200225,0.060915825200225,0.060915825200225,0.060915825200225,0.060915825200225,0.060915825200225
"173",0.0609158252002246,0.060915825200225,0.0609158252002257,0.0609158252002256,0.0609158252002256,0.0609158252002253,0.060915825200225,0.0609158252002246,0.060915825200225,0.060915825200225,0.0609158252002246,0.060915825200225,0.0609158252002247,0.0609158252002256,0.0609158252002249,0.0609158252002247,0.0609158252002246,0.0609158252002246,0.0609158252002246,0.0609158252002249,0.0609158252002249,0.0609158252002252,0.0609158252002248,0.0609158252002247,0.0609158252002248,0.0609158252002248,0.060915825200225,0.0609158252002247,0.060915825200225,0.0609158252002251,0.0609158252002246,0.0609158252002252,0.0609158252002249,0.0609158252002245,0.0609158252002246,0.0609158252002248,0.0609158252002245,0.0609158252002246,0.0609158252002247,0.0609158252002256,0.0609158252002255,0.060915825200225,0.0609158252002251,0.0609158252002244,0.0609158252002255,0.0609158252002246,0.0609158252002245,0.0609158252002248,0.0609158252002248,0.0609158252002245,0.0609158252002253,0.0609158252002253,0.0609158252002243,0.0609158252002247,0.0609158252002257,0.0609158252002253,0.0609158252002251,0.0609158252002251,0.0609158252002252,0.060915825200225,0.0609158252002252,0.060915825200225,0.0609158252002253,0.0609158252002254,0.0609158252002254,0.0609158252002255,0.0609158252002255,0.0609158252002252,0.0609158252002251,0.060915825200225,0.0609158252002254,0.0609158252002254,0.060915825200225,0.0609158252002252,0.0609158252002253,0.0609158252002252,0.0609158252002256,0.0609158252002256,0.0609158252002253,0.0609158252002255,0.0609158252002256,0.0609158252002255,0.060915825200225,0.0609158252002256,0.0609158252002256,0.060915825200225,0.0609158252002255,0.0609158252002255,0.0609158252002255,0.060915825200225,0.060915825200225,0.0609158252002255,0.0609158252002252,0.060915825200225,0.060915825200225,0.0609158252002251,0.0609158252002249,0.060915825200225,0.0609158252002251,0.0609158252002251,0.0609158252002251,0.060915825200225,0.0609158252002253,0.0609158252002252,0.0609158252002251,0.0609158252002253,0.0609158252002252,0.0609158252002253,0.0609158252002253,0.0609158252002253,0.0609158252002251,0.0609158252002252,0.0609158252002253,0.0609158252002253,0.0609158252002253,0.060915825200225,0.0609158252002253,0.0609158252002253,0.0609158252002251,0.060915825200225,0.0609158252002258,0.0609158252002253,0.0609158252002254,0.0609158252002251,0.0609158252002251,0.0609158252002258,0.0609158252002253,0.0609158252002253,0.0609158252002253,0.0609158252002253,0.0609158252002253,0.060915825200225,0.0609158252002253,0.0609158252002251,0.0609158252002253,0.0609158252002253,0.0609158252002252,0.0609158252002253,0.0609158252002253,0.0609158252002254,0.0609158252002254,0.0609158252002254,0.0609158252002254,0.0609158252002253,0.0609158252002253,0.060915825200225,0.060915825200225,0.060915825200225,0.060915825200225,0.0609158252002315,0.060915825200225,0.060915825200225,0.0609158252002315,0.060915825200225,0.060915825200225,0.060915825200225,0.060915825200225,0.060915825200225,0.060915825200225,0.060915825200225,0.060915825200225,0.0841153601434844,0.0967149232120342,0.0859693228680955,0.0859499239420722,0.0881065132021351,0.0841085956488067,0.0919444693416688,0.102845744296684,0.281572635884914,0.283020486047878,0.278730632567477,1,0.269747861939358,0.260347239901418,0.255693084804535,0.261906276506437,0.27228204558804,0.280796373881361,0.260643534916733,0.264245096896906,0.263701698008146,0.0801746735525052,0.0818934902589726,0.060915825200225,0.060915825200225,0.060915825200225,0.060915825200225,0.060915825200225,0.060915825200225,0.060915825200225,0.060915825200225,0.060915825200225,0.060915825200225,0.060915825200225
"174",0.0609158252002246,0.060915825200225,0.0609158252002257,0.0609158252002256,0.0609158252002257,0.0609158252002253,0.060915825200225,0.0609158252002246,0.060915825200225,0.060915825200225,0.0609158252002246,0.060915825200225,0.0609158252002247,0.0609158252002256,0.0609158252002249,0.0609158252002247,0.0609158252002246,0.0609158252002246,0.0609158252002246,0.060915825200225,0.060915825200225,0.0609158252002253,0.0609158252002248,0.0609158252002247,0.0609158252002248,0.0609158252002248,0.060915825200225,0.0609158252002247,0.060915825200225,0.0609158252002251,0.0609158252002246,0.0609158252002252,0.0609158252002249,0.0609158252002245,0.0609158252002246,0.0609158252002248,0.0609158252002245,0.0609158252002246,0.0609158252002247,0.0609158252002256,0.0609158252002255,0.060915825200225,0.0609158252002251,0.0609158252002244,0.0609158252002255,0.0609158252002246,0.0609158252002245,0.0609158252002248,0.0609158252002248,0.0609158252002245,0.0609158252002253,0.0609158252002254,0.0609158252002243,0.0609158252002247,0.0609158252002257,0.0609158252002253,0.0609158252002252,0.0609158252002251,0.0609158252002253,0.060915825200225,0.0609158252002252,0.0609158252002251,0.0609158252002254,0.0609158252002254,0.0609158252002254,0.0609158252002255,0.0609158252002255,0.0609158252002252,0.0609158252002251,0.060915825200225,0.0609158252002254,0.0609158252002254,0.060915825200225,0.0609158252002252,0.0609158252002253,0.0609158252002252,0.0609158252002256,0.0609158252002256,0.0609158252002253,0.0609158252002255,0.0609158252002256,0.0609158252002256,0.060915825200225,0.0609158252002256,0.0609158252002257,0.060915825200225,0.0609158252002255,0.0609158252002255,0.0609158252002256,0.060915825200225,0.060915825200225,0.0609158252002255,0.0609158252002252,0.0609158252002249,0.060915825200225,0.0609158252002251,0.0609158252002248,0.060915825200225,0.0609158252002252,0.0609158252002251,0.0609158252002252,0.060915825200225,0.0609158252002254,0.0609158252002252,0.0609158252002251,0.0609158252002254,0.0609158252002253,0.0609158252002253,0.0609158252002253,0.0609158252002253,0.0609158252002251,0.0609158252002252,0.0609158252002254,0.0609158252002254,0.0609158252002253,0.060915825200225,0.0609158252002253,0.0609158252002254,0.0609158252002251,0.060915825200225,0.0609158252002257,0.0609158252002253,0.0609158252002254,0.0609158252002252,0.0609158252002251,0.0609158252002257,0.0609158252002253,0.0609158252002254,0.0609158252002253,0.0609158252002253,0.0609158252002253,0.060915825200225,0.0609158252002253,0.0609158252002251,0.0609158252002253,0.0609158252002253,0.0609158252002252,0.0609158252002253,0.0609158252002253,0.0609158252002254,0.0609158252002254,0.0609158252002254,0.0609158252002254,0.0609158252002253,0.0609158252002253,0.060915825200225,0.060915825200225,0.060915825200225,0.060915825200225,0.0609158252002317,0.060915825200225,0.060915825200225,0.0609158252002316,0.060915825200225,0.060915825200225,0.060915825200225,0.060915825200225,0.060915825200225,0.060915825200225,0.060915825200225,0.060915825200225,0.0877665813635943,0.102349106252393,0.089912327007904,0.0898898750133379,0.0923858755800784,0.0877587522498813,0.0968278622285335,0.109444816680545,0.273329829783743,0.27544941633007,0.283854567203253,0.269747861939358,1,0.276793918144975,0.261005841385456,0.270479904165052,0.268777096883558,0.283445128619124,0.266854182525685,0.262697711431448,0.278680257478693,0.0832056961980327,0.0851950260870911,0.060915825200225,0.060915825200225,0.060915825200225,0.060915825200225,0.060915825200225,0.060915825200225,0.060915825200225,0.060915825200225,0.060915825200225,0.060915825200225,0.060915825200225
"175",0.0609158252002246,0.060915825200225,0.0609158252002257,0.0609158252002256,0.0609158252002256,0.0609158252002253,0.060915825200225,0.0609158252002246,0.060915825200225,0.060915825200225,0.0609158252002246,0.060915825200225,0.0609158252002247,0.0609158252002256,0.0609158252002249,0.0609158252002247,0.0609158252002246,0.0609158252002246,0.0609158252002246,0.060915825200225,0.060915825200225,0.0609158252002252,0.0609158252002248,0.0609158252002247,0.0609158252002248,0.0609158252002248,0.060915825200225,0.0609158252002247,0.060915825200225,0.0609158252002251,0.0609158252002246,0.0609158252002252,0.0609158252002249,0.0609158252002245,0.0609158252002246,0.0609158252002248,0.0609158252002246,0.0609158252002246,0.0609158252002247,0.0609158252002256,0.0609158252002255,0.060915825200225,0.0609158252002251,0.0609158252002244,0.0609158252002255,0.0609158252002246,0.0609158252002245,0.0609158252002248,0.0609158252002248,0.0609158252002245,0.0609158252002253,0.0609158252002253,0.0609158252002244,0.0609158252002247,0.0609158252002257,0.0609158252002253,0.0609158252002251,0.0609158252002251,0.0609158252002252,0.060915825200225,0.0609158252002252,0.060915825200225,0.0609158252002253,0.0609158252002254,0.0609158252002254,0.0609158252002255,0.0609158252002254,0.0609158252002252,0.0609158252002251,0.060915825200225,0.0609158252002253,0.0609158252002254,0.060915825200225,0.0609158252002251,0.0609158252002253,0.0609158252002252,0.0609158252002256,0.0609158252002256,0.0609158252002253,0.0609158252002255,0.0609158252002255,0.0609158252002255,0.060915825200225,0.0609158252002256,0.0609158252002256,0.060915825200225,0.0609158252002255,0.0609158252002255,0.0609158252002255,0.060915825200225,0.060915825200225,0.0609158252002255,0.0609158252002252,0.0609158252002249,0.060915825200225,0.0609158252002251,0.0609158252002249,0.060915825200225,0.0609158252002251,0.0609158252002251,0.0609158252002251,0.060915825200225,0.0609158252002253,0.0609158252002252,0.0609158252002251,0.0609158252002253,0.0609158252002252,0.0609158252002253,0.0609158252002252,0.0609158252002253,0.0609158252002251,0.0609158252002252,0.0609158252002253,0.0609158252002253,0.0609158252002253,0.060915825200225,0.0609158252002252,0.0609158252002253,0.0609158252002251,0.060915825200225,0.0609158252002256,0.0609158252002253,0.0609158252002253,0.0609158252002251,0.0609158252002251,0.0609158252002256,0.0609158252002253,0.0609158252002253,0.0609158252002253,0.0609158252002253,0.0609158252002253,0.060915825200225,0.0609158252002253,0.0609158252002251,0.0609158252002253,0.0609158252002253,0.0609158252002252,0.0609158252002253,0.0609158252002253,0.0609158252002254,0.0609158252002253,0.0609158252002253,0.0609158252002254,0.0609158252002253,0.0609158252002253,0.060915825200225,0.060915825200225,0.060915825200225,0.060915825200225,0.0609158252002313,0.060915825200225,0.060915825200225,0.0609158252002313,0.060915825200225,0.060915825200225,0.060915825200225,0.060915825200225,0.060915825200225,0.060915825200225,0.060915825200225,0.060915825200225,0.0848981244965312,0.0979228033640895,0.0868146408859573,0.086794587430099,0.0890239411313919,0.0848911317642913,0.0929913919035522,0.104260481534957,0.26150262114748,0.264634998042916,0.269304489601622,0.260347239901418,0.276793918144975,1,0.247684371786189,0.255420750922857,0.256898212441776,0.276885698939447,0.252870189259241,0.250487888756393,0.26079929690538,0.0808244770941612,0.0826012875686301,0.060915825200225,0.060915825200225,0.060915825200225,0.060915825200225,0.060915825200225,0.060915825200225,0.060915825200225,0.060915825200225,0.060915825200225,0.060915825200225,0.060915825200225
"176",0.0609158252002247,0.0692108088070731,0.069210808807077,0.0609158252002256,0.0609158252002257,0.0609158252002253,0.0692108088070731,0.0609158252002246,0.060915825200225,0.0692108088070731,0.0609158252002246,0.0692108088070731,0.0609158252002247,0.0609158252002256,0.0609158252002249,0.0609158252002247,0.0609158252002246,0.0609158252002247,0.0609158252002246,0.0692108088070726,0.0692108088070726,0.0692108088070743,0.0692108088070717,0.0609158252002247,0.0609158252002248,0.0692108088070717,0.060915825200225,0.0692108088070714,0.0609158252002251,0.0609158252002251,0.0692108088070705,0.0609158252002252,0.0692108088070724,0.0609158252002246,0.0609158252002246,0.0609158252002248,0.0609158252002246,0.0609158252002247,0.0609158252002247,0.0692108088070763,0.0692108088070756,0.060915825200225,0.0692108088070734,0.0609158252002245,0.0609158252002255,0.0692108088070708,0.0609158252002245,0.0609158252002248,0.069210808807072,0.0692108088070701,0.0692108088070746,0.0609158252002253,0.0692108088070693,0.0609158252002247,0.0692108088070767,0.0609158252002253,0.0609158252002252,0.0609158252002251,0.0609158252002252,0.060915825200225,0.0609158252002252,0.0609158252002251,0.0609158252002254,0.0609158252002254,0.0609158252002254,0.0609158252002255,0.0609158252002255,0.0609158252002252,0.0609158252002252,0.060915825200225,0.0609158252002254,0.0609158252002254,0.060915825200225,0.0609158252002252,0.0609158252002253,0.0609158252002253,0.0609158252002256,0.0692108088070761,0.0609158252002253,0.0692108088070759,0.0609158252002256,0.0609158252002256,0.060915825200225,0.0609158252002256,0.0609158252002256,0.060915825200225,0.0692108088070756,0.0609158252002255,0.0609158252002255,0.060915825200225,0.060915825200225,0.0609158252002255,0.0609158252002252,0.060915825200225,0.060915825200225,0.0609158252002251,0.0609158252002249,0.060915825200225,0.0609158252002252,0.0609158252002251,0.0609158252002252,0.069210808807073,0.0609158252002254,0.0609158252002252,0.0609158252002251,0.0609158252002254,0.0609158252002253,0.0609158252002253,0.0609158252002253,0.0609158252002254,0.0609158252002252,0.0609158252002252,0.0609158252002254,0.0609158252002254,0.0609158252002253,0.060915825200225,0.0609158252002253,0.0609158252002253,0.0609158252002251,0.060915825200225,0.0609158252002257,0.0609158252002253,0.0609158252002254,0.0609158252002252,0.0609158252002251,0.0609158252002257,0.0609158252002254,0.0609158252002254,0.0609158252002253,0.0609158252002253,0.0609158252002254,0.060915825200225,0.0609158252002253,0.0609158252002251,0.0609158252002254,0.0609158252002253,0.0609158252002252,0.0609158252002253,0.0609158252002254,0.0609158252002254,0.0609158252002254,0.0609158252002254,0.0609158252002254,0.0609158252002253,0.0609158252002253,0.060915825200225,0.060915825200225,0.060915825200225,0.060915825200225,0.060915825200231,0.060915825200225,0.0692108088070731,0.060915825200231,0.060915825200225,0.0692108088070731,0.060915825200225,0.060915825200225,0.060915825200225,0.060915825200225,0.060915825200225,0.060915825200225,0.0831441867858632,0.095216309972546,0.08492053936835,0.0849019525155068,0.0869682631541307,0.0831377054648364,0.0906455556959005,0.101090484098008,0.263033554290296,0.263053896808681,0.276820839104779,0.255693084804535,0.261005841385456,0.247684371786189,1,0.26630810000099,0.259240305113802,0.262363606506437,0.277481039923425,0.254637536434004,0.261785863949882,0.0793684642701232,0.0810153282846061,0.060915825200225,0.060915825200225,0.060915825200225,0.0692108088070731,0.060915825200225,0.060915825200225,0.060915825200225,0.060915825200225,0.0692108088070731,0.060915825200225,0.060915825200225
"177",0.0609158252002246,0.060915825200225,0.0609158252002257,0.0692108088070766,0.0609158252002257,0.0692108088070745,0.060915825200225,0.0692108088070706,0.0692108088070731,0.060915825200225,0.0609158252002246,0.060915825200225,0.0609158252002247,0.0692108088070765,0.0692108088070723,0.0692108088070711,0.0692108088070705,0.0692108088070708,0.0609158252002246,0.060915825200225,0.060915825200225,0.0609158252002253,0.0609158252002248,0.0609158252002247,0.0609158252002248,0.0609158252002248,0.060915825200225,0.0609158252002247,0.060915825200225,0.0609158252002251,0.0609158252002246,0.0692108088070743,0.0609158252002249,0.0609158252002245,0.0692108088070707,0.0692108088070716,0.0609158252002246,0.0609158252002247,0.0692108088070713,0.0609158252002256,0.0609158252002255,0.060915825200225,0.0609158252002251,0.0692108088070696,0.0692108088070759,0.0609158252002246,0.0609158252002245,0.0609158252002248,0.0609158252002248,0.0609158252002245,0.0609158252002253,0.0692108088070749,0.0609158252002244,0.0692108088070713,0.0609158252002257,0.0609158252002253,0.0692108088070738,0.0609158252002251,0.0609158252002252,0.060915825200225,0.0609158252002252,0.0609158252002251,0.0609158252002254,0.0692108088070752,0.0609158252002254,0.0692108088070759,0.0609158252002255,0.0609158252002252,0.0609158252002252,0.0692108088070731,0.0609158252002254,0.0692108088070752,0.0692108088070731,0.0609158252002252,0.0609158252002253,0.0609158252002253,0.0692108088070764,0.0609158252002256,0.0609158252002253,0.0609158252002255,0.0692108088070762,0.0692108088070762,0.060915825200225,0.0692108088070765,0.0609158252002256,0.060915825200225,0.0609158252002255,0.0609158252002255,0.0609158252002256,0.0692108088070731,0.0692108088070731,0.0609158252002255,0.0609158252002252,0.0692108088070727,0.0692108088070728,0.0692108088070736,0.0609158252002249,0.0692108088070729,0.0609158252002252,0.0692108088070736,0.0609158252002252,0.060915825200225,0.0609158252002254,0.0692108088070739,0.0692108088070735,0.0609158252002254,0.0609158252002253,0.0609158252002253,0.0609158252002253,0.0609158252002254,0.0609158252002251,0.0609158252002252,0.0609158252002254,0.0609158252002254,0.0609158252002253,0.0692108088070731,0.0609158252002253,0.0609158252002253,0.0609158252002251,0.060915825200225,0.0609158252002256,0.0609158252002253,0.0609158252002254,0.0609158252002252,0.0609158252002251,0.0609158252002256,0.0609158252002253,0.0609158252002254,0.0609158252002253,0.0609158252002253,0.0609158252002253,0.0692108088070731,0.0609158252002253,0.0609158252002251,0.0609158252002253,0.0609158252002253,0.0609158252002252,0.0609158252002253,0.0609158252002254,0.0609158252002254,0.0609158252002254,0.0609158252002254,0.0609158252002254,0.0609158252002253,0.0609158252002253,0.060915825200225,0.0692108088070731,0.0692108088070731,0.060915825200225,0.0609158252002312,0.0692108088070731,0.060915825200225,0.0609158252002312,0.0692108088070731,0.060915825200225,0.060915825200225,0.060915825200225,0.0692108088070731,0.0692108088070731,0.0692108088070731,0.060915825200225,0.204729974222607,0.096840414586085,0.0860571462497372,0.0860376793220597,0.0882018283633613,0.0841898963740562,0.0920532382046988,0.102992726859192,0.268992998933353,0.2692526718253,0.282735684666593,0.261906276506437,0.270479904165052,0.255420750922857,0.26630810000099,1,0.265023478379821,0.269534308041892,0.278870816404724,0.260143667349644,0.27885086998899,0.0802421841736266,0.0819670260785547,0.060915825200225,0.060915825200225,0.0692108088070731,0.060915825200225,0.060915825200225,0.0692108088070731,0.060915825200225,0.060915825200225,0.060915825200225,0.060915825200225,0.0692108088070731
"178",0.0609158252002246,0.060915825200225,0.0609158252002257,0.0609158252002256,0.0609158252002257,0.0609158252002253,0.060915825200225,0.0609158252002246,0.060915825200225,0.060915825200225,0.0609158252002246,0.060915825200225,0.0609158252002247,0.0609158252002256,0.0609158252002249,0.0609158252002247,0.0609158252002246,0.0609158252002246,0.0609158252002246,0.0609158252002249,0.0609158252002249,0.0609158252002252,0.0609158252002248,0.0609158252002247,0.0609158252002248,0.0609158252002248,0.060915825200225,0.0609158252002247,0.060915825200225,0.0609158252002251,0.0609158252002246,0.0609158252002252,0.0609158252002249,0.0609158252002245,0.0609158252002246,0.0609158252002248,0.0609158252002245,0.0609158252002246,0.0609158252002247,0.0609158252002256,0.0609158252002255,0.060915825200225,0.0609158252002251,0.0609158252002244,0.0609158252002255,0.0609158252002246,0.0609158252002245,0.0609158252002248,0.0609158252002248,0.0609158252002245,0.0609158252002253,0.0609158252002253,0.0609158252002244,0.0609158252002247,0.0609158252002257,0.0609158252002253,0.0609158252002252,0.0609158252002251,0.0609158252002252,0.060915825200225,0.0609158252002252,0.060915825200225,0.0609158252002254,0.0609158252002254,0.0609158252002254,0.0609158252002255,0.0609158252002255,0.0609158252002252,0.0609158252002251,0.060915825200225,0.0609158252002254,0.0609158252002254,0.060915825200225,0.0609158252002252,0.0609158252002253,0.0609158252002252,0.0609158252002256,0.0609158252002256,0.0609158252002253,0.0609158252002255,0.0609158252002256,0.0609158252002256,0.060915825200225,0.0609158252002256,0.0609158252002256,0.060915825200225,0.0609158252002255,0.0609158252002255,0.0609158252002255,0.060915825200225,0.060915825200225,0.0609158252002255,0.0609158252002252,0.060915825200225,0.060915825200225,0.0609158252002251,0.0609158252002249,0.060915825200225,0.0609158252002252,0.0609158252002251,0.0609158252002252,0.060915825200225,0.0609158252002254,0.0609158252002252,0.0609158252002251,0.0609158252002253,0.0609158252002253,0.0609158252002253,0.0609158252002253,0.0609158252002253,0.0609158252002251,0.0609158252002252,0.0609158252002253,0.0609158252002253,0.0609158252002253,0.060915825200225,0.0609158252002253,0.0609158252002253,0.0609158252002251,0.060915825200225,0.0609158252002258,0.0609158252002253,0.0609158252002254,0.0609158252002252,0.0609158252002251,0.0609158252002258,0.0609158252002253,0.0609158252002253,0.0609158252002253,0.0609158252002253,0.0609158252002253,0.060915825200225,0.0609158252002253,0.0609158252002251,0.0609158252002253,0.0609158252002253,0.0609158252002252,0.0609158252002253,0.0609158252002253,0.0609158252002254,0.0609158252002254,0.0609158252002254,0.0609158252002254,0.0609158252002253,0.0609158252002253,0.060915825200225,0.060915825200225,0.060915825200225,0.060915825200225,0.0609158252002315,0.060915825200225,0.060915825200225,0.0609158252002315,0.060915825200225,0.060915825200225,0.060915825200225,0.060915825200225,0.060915825200225,0.060915825200225,0.060915825200225,0.060915825200225,0.0840075153777475,0.0965485084391469,0.085852859818578,0.0858335510699069,0.087980115264204,0.0840007823283271,0.0918002303788297,0.102650829945453,0.282822283217221,0.282786958167331,0.28284099359111,0.27228204558804,0.268777096883558,0.256898212441776,0.259240305113802,0.265023478379821,1,0.27437989503497,0.264146873864856,0.266708721726749,0.265734828675516,0.0800851473618297,0.0817959740208454,0.060915825200225,0.060915825200225,0.060915825200225,0.060915825200225,0.060915825200225,0.060915825200225,0.060915825200225,0.060915825200225,0.060915825200225,0.060915825200225,0.060915825200225
"179",0.0609158252002246,0.060915825200225,0.0609158252002257,0.0609158252002256,0.0609158252002257,0.0609158252002253,0.060915825200225,0.0609158252002246,0.060915825200225,0.060915825200225,0.0609158252002246,0.060915825200225,0.0609158252002246,0.0609158252002256,0.0609158252002249,0.0609158252002247,0.0609158252002246,0.0609158252002246,0.0609158252002246,0.0609158252002249,0.0609158252002249,0.0609158252002252,0.0609158252002248,0.0609158252002246,0.0609158252002248,0.0609158252002248,0.060915825200225,0.0609158252002247,0.060915825200225,0.0609158252002251,0.0609158252002246,0.0609158252002252,0.0609158252002249,0.0609158252002245,0.0609158252002246,0.0609158252002248,0.0609158252002245,0.0609158252002246,0.0609158252002247,0.0609158252002256,0.0609158252002255,0.060915825200225,0.0609158252002251,0.0609158252002244,0.0609158252002255,0.0609158252002246,0.0609158252002245,0.0609158252002248,0.0609158252002248,0.0609158252002245,0.0609158252002253,0.0609158252002253,0.0609158252002243,0.0609158252002247,0.0609158252002257,0.0609158252002253,0.0609158252002251,0.0609158252002251,0.0609158252002252,0.060915825200225,0.0609158252002252,0.060915825200225,0.0609158252002254,0.0609158252002254,0.0609158252002254,0.0609158252002255,0.0609158252002255,0.0609158252002252,0.0609158252002251,0.060915825200225,0.0609158252002254,0.0609158252002254,0.060915825200225,0.0609158252002252,0.0609158252002253,0.0609158252002252,0.0609158252002256,0.0609158252002256,0.0609158252002253,0.0609158252002255,0.0609158252002256,0.0609158252002256,0.060915825200225,0.0609158252002256,0.0609158252002256,0.060915825200225,0.0609158252002255,0.0609158252002255,0.0609158252002256,0.060915825200225,0.060915825200225,0.0609158252002255,0.0609158252002252,0.0609158252002249,0.060915825200225,0.0609158252002251,0.0609158252002248,0.060915825200225,0.0609158252002252,0.0609158252002251,0.0609158252002251,0.060915825200225,0.0609158252002254,0.0609158252002252,0.0609158252002251,0.0609158252002254,0.0609158252002252,0.0609158252002253,0.0609158252002253,0.0609158252002253,0.0609158252002251,0.0609158252002252,0.0609158252002253,0.0609158252002253,0.0609158252002253,0.060915825200225,0.0609158252002253,0.0609158252002253,0.0609158252002251,0.060915825200225,0.0609158252002257,0.0609158252002253,0.0609158252002254,0.0609158252002252,0.0609158252002251,0.0609158252002257,0.0609158252002253,0.0609158252002253,0.0609158252002253,0.0609158252002253,0.0609158252002253,0.060915825200225,0.0609158252002253,0.0609158252002251,0.0609158252002253,0.0609158252002253,0.0609158252002252,0.0609158252002253,0.0609158252002253,0.0609158252002254,0.0609158252002254,0.0609158252002254,0.0609158252002254,0.0609158252002253,0.0609158252002253,0.060915825200225,0.060915825200225,0.060915825200225,0.060915825200225,0.0609158252002317,0.060915825200225,0.060915825200225,0.0609158252002317,0.060915825200225,0.060915825200225,0.060915825200225,0.060915825200225,0.060915825200225,0.060915825200225,0.060915825200225,0.060915825200225,0.0856370244303161,0.0990629965280982,0.0876125891126415,0.0875919178053827,0.0898899583861911,0.0856298162504528,0.0939796471921872,0.105595939962023,0.279722393829469,0.284324516258258,0.285993259301983,0.280796373881361,0.283445128619124,0.276885698939447,0.262363606506437,0.269534308041892,0.27437989503497,1,0.267667370674178,0.266685649728081,0.272922384245979,0.0814378670524978,0.0832694214497955,0.060915825200225,0.060915825200225,0.060915825200225,0.060915825200225,0.060915825200225,0.060915825200225,0.060915825200225,0.060915825200225,0.060915825200225,0.060915825200225,0.060915825200225
"180",0.0609158252002246,0.060915825200225,0.0609158252002257,0.0609158252002256,0.0609158252002257,0.0609158252002253,0.060915825200225,0.0609158252002246,0.060915825200225,0.060915825200225,0.0609158252002246,0.060915825200225,0.0609158252002247,0.0609158252002256,0.0609158252002249,0.0609158252002247,0.0609158252002246,0.0609158252002247,0.0609158252002246,0.060915825200225,0.060915825200225,0.0609158252002253,0.0609158252002248,0.0609158252002247,0.0609158252002248,0.0609158252002248,0.060915825200225,0.0609158252002248,0.0609158252002251,0.0609158252002251,0.0609158252002246,0.0609158252002253,0.0609158252002249,0.0609158252002246,0.0609158252002246,0.0609158252002248,0.0609158252002246,0.0609158252002247,0.0609158252002247,0.0609158252002256,0.0609158252002255,0.060915825200225,0.0609158252002251,0.0609158252002245,0.0609158252002255,0.0609158252002246,0.0609158252002245,0.0609158252002248,0.0609158252002249,0.0609158252002245,0.0609158252002253,0.0609158252002254,0.0609158252002244,0.0609158252002247,0.0609158252002257,0.0609158252002253,0.0609158252002252,0.0609158252002251,0.0609158252002252,0.060915825200225,0.0609158252002252,0.0609158252002251,0.0609158252002254,0.0609158252002254,0.0609158252002254,0.0609158252002255,0.0609158252002255,0.0609158252002252,0.0609158252002252,0.060915825200225,0.0609158252002254,0.0609158252002254,0.060915825200225,0.0609158252002252,0.0609158252002253,0.0609158252002253,0.0609158252002256,0.0609158252002256,0.0692108088070745,0.0609158252002255,0.0609158252002256,0.0609158252002256,0.060915825200225,0.0609158252002256,0.0609158252002256,0.060915825200225,0.0609158252002255,0.0609158252002255,0.0609158252002256,0.060915825200225,0.060915825200225,0.0609158252002255,0.0609158252002252,0.060915825200225,0.060915825200225,0.0609158252002251,0.0609158252002249,0.060915825200225,0.0609158252002252,0.0609158252002251,0.0609158252002252,0.060915825200225,0.0609158252002254,0.0609158252002252,0.0609158252002251,0.0609158252002254,0.0609158252002253,0.0609158252002254,0.0609158252002253,0.0609158252002254,0.0609158252002252,0.0609158252002252,0.0609158252002254,0.0609158252002254,0.0609158252002253,0.060915825200225,0.0609158252002253,0.0609158252002253,0.0609158252002251,0.060915825200225,0.0609158252002257,0.0609158252002253,0.0609158252002254,0.0609158252002252,0.0609158252002251,0.0609158252002257,0.0609158252002254,0.0609158252002254,0.0609158252002253,0.0609158252002253,0.0609158252002254,0.060915825200225,0.0609158252002253,0.0609158252002251,0.0609158252002253,0.0609158252002253,0.0609158252002252,0.0609158252002253,0.0609158252002254,0.0609158252002254,0.0609158252002254,0.0609158252002254,0.0609158252002254,0.0609158252002253,0.0609158252002253,0.0692108088070731,0.060915825200225,0.060915825200225,0.060915825200225,0.0609158252002312,0.060915825200225,0.060915825200225,0.0609158252002312,0.060915825200225,0.060915825200225,0.0692108088070731,0.060915825200225,0.060915825200225,0.060915825200225,0.060915825200225,0.060915825200225,0.08379389391783,0.0962188701252877,0.0856221670585317,0.0856030369352902,0.0877297432424657,0.083787223155918,0.0915145184334407,0.102264738993479,0.268050171639874,0.268129930372349,0.282068340446531,0.260643534916733,0.266854182525685,0.252870189259241,0.277481039923425,0.278870816404724,0.264146873864856,0.267667370674178,1,0.259394986898957,0.269521099590897,0.0799078117681893,0.0816028115524394,0.060915825200225,0.060915825200225,0.060915825200225,0.060915825200225,0.060915825200225,0.060915825200225,0.060915825200225,0.060915825200225,0.060915825200225,0.060915825200225,0.060915825200225
"181",0.0609158252002246,0.060915825200225,0.0609158252002257,0.0609158252002256,0.0609158252002256,0.0609158252002253,0.060915825200225,0.0609158252002246,0.060915825200225,0.060915825200225,0.0609158252002246,0.060915825200225,0.0609158252002247,0.0609158252002256,0.0609158252002249,0.0609158252002247,0.0609158252002246,0.0609158252002247,0.0609158252002246,0.060915825200225,0.060915825200225,0.0609158252002252,0.0609158252002248,0.0609158252002247,0.0609158252002248,0.0609158252002248,0.060915825200225,0.0609158252002247,0.060915825200225,0.0609158252002251,0.0609158252002246,0.0609158252002252,0.0609158252002249,0.0609158252002246,0.0609158252002246,0.0609158252002248,0.0609158252002246,0.0609158252002247,0.0609158252002247,0.0609158252002256,0.0609158252002255,0.060915825200225,0.0609158252002251,0.0609158252002244,0.0609158252002255,0.0609158252002246,0.0609158252002245,0.0609158252002248,0.0609158252002248,0.0609158252002245,0.0609158252002253,0.0609158252002253,0.0609158252002244,0.0609158252002247,0.0609158252002257,0.0609158252002253,0.0609158252002252,0.0609158252002251,0.0609158252002252,0.060915825200225,0.0609158252002252,0.060915825200225,0.0609158252002254,0.0609158252002254,0.0609158252002254,0.0609158252002255,0.0609158252002255,0.0609158252002252,0.0609158252002251,0.060915825200225,0.0609158252002254,0.0609158252002254,0.060915825200225,0.0609158252002252,0.0609158252002253,0.0609158252002252,0.0609158252002256,0.0609158252002256,0.0609158252002253,0.0609158252002255,0.0609158252002256,0.0609158252002255,0.060915825200225,0.0609158252002256,0.0609158252002256,0.060915825200225,0.0609158252002255,0.0609158252002255,0.0609158252002255,0.060915825200225,0.060915825200225,0.0609158252002255,0.0609158252002252,0.060915825200225,0.060915825200225,0.0609158252002251,0.0609158252002249,0.060915825200225,0.0609158252002252,0.0609158252002251,0.0609158252002252,0.060915825200225,0.0609158252002254,0.0609158252002252,0.0609158252002251,0.0609158252002253,0.0609158252002253,0.0609158252002253,0.0609158252002253,0.0609158252002253,0.0609158252002251,0.0609158252002252,0.0609158252002253,0.0609158252002253,0.0609158252002253,0.060915825200225,0.0609158252002253,0.0609158252002253,0.0609158252002251,0.060915825200225,0.0609158252002258,0.0609158252002253,0.0609158252002254,0.0609158252002252,0.0609158252002251,0.0609158252002258,0.0609158252002253,0.0609158252002253,0.0609158252002253,0.0609158252002253,0.0609158252002253,0.060915825200225,0.0609158252002253,0.0609158252002251,0.0609158252002253,0.0609158252002253,0.0609158252002252,0.0609158252002253,0.0609158252002253,0.0609158252002254,0.0609158252002254,0.0609158252002254,0.0609158252002254,0.0609158252002253,0.0609158252002253,0.060915825200225,0.060915825200225,0.060915825200225,0.060915825200225,0.0609158252002313,0.060915825200225,0.060915825200225,0.0609158252002313,0.060915825200225,0.060915825200225,0.060915825200225,0.060915825200225,0.060915825200225,0.060915825200225,0.060915825200225,0.060915825200225,0.0833321409439544,0.0955063411884169,0.085123513655245,0.085104769639389,0.0871885521764675,0.0833256048194626,0.090896938437002,0.101430184986922,0.277963754977998,0.2703364135994,0.277728244989823,0.264245096896906,0.262697711431448,0.250487888756393,0.254637536434004,0.260143667349644,0.266708721726749,0.266685649728081,0.259394986898957,1,0.260544860179474,0.0795244924248561,0.0811852816644682,0.060915825200225,0.060915825200225,0.060915825200225,0.060915825200225,0.060915825200225,0.060915825200225,0.060915825200225,0.060915825200225,0.060915825200225,0.060915825200225,0.060915825200225
"182",0.0609158252002246,0.060915825200225,0.0609158252002257,0.0609158252002256,0.0609158252002257,0.0609158252002253,0.060915825200225,0.0609158252002246,0.060915825200225,0.060915825200225,0.0609158252002246,0.060915825200225,0.0609158252002247,0.0609158252002256,0.0609158252002249,0.0609158252002247,0.0609158252002246,0.0609158252002246,0.0609158252002246,0.060915825200225,0.060915825200225,0.0609158252002253,0.0609158252002248,0.0609158252002247,0.0609158252002248,0.0609158252002248,0.060915825200225,0.0609158252002247,0.060915825200225,0.0609158252002251,0.0609158252002246,0.0609158252002253,0.0609158252002249,0.0609158252002245,0.0609158252002246,0.0609158252002248,0.0609158252002246,0.0609158252002246,0.0609158252002247,0.0609158252002256,0.0609158252002255,0.060915825200225,0.0609158252002251,0.0609158252002244,0.0609158252002255,0.0609158252002246,0.0609158252002245,0.0609158252002248,0.0609158252002248,0.0609158252002245,0.0609158252002253,0.0609158252002254,0.0609158252002244,0.0609158252002247,0.0609158252002257,0.0609158252002253,0.0609158252002252,0.0609158252002251,0.0609158252002253,0.060915825200225,0.0609158252002252,0.0609158252002251,0.0609158252002254,0.0609158252002254,0.0609158252002254,0.0609158252002255,0.0609158252002255,0.0609158252002252,0.0609158252002251,0.060915825200225,0.0609158252002254,0.0609158252002254,0.060915825200225,0.0609158252002252,0.0609158252002253,0.0609158252002252,0.0609158252002256,0.0609158252002256,0.0609158252002253,0.0609158252002255,0.0609158252002256,0.0609158252002256,0.060915825200225,0.0609158252002256,0.0609158252002256,0.060915825200225,0.0609158252002255,0.0609158252002255,0.0609158252002256,0.060915825200225,0.060915825200225,0.0609158252002255,0.0609158252002252,0.060915825200225,0.060915825200225,0.0609158252002251,0.0609158252002249,0.060915825200225,0.0609158252002252,0.0609158252002251,0.0609158252002252,0.060915825200225,0.0609158252002254,0.0609158252002252,0.0609158252002251,0.0609158252002254,0.0609158252002253,0.0609158252002253,0.0609158252002253,0.0609158252002254,0.0609158252002251,0.0609158252002252,0.0609158252002254,0.0609158252002254,0.0609158252002253,0.060915825200225,0.0609158252002253,0.0609158252002253,0.0609158252002251,0.060915825200225,0.0609158252002256,0.0609158252002253,0.0609158252002254,0.0609158252002252,0.0609158252002251,0.0609158252002256,0.0609158252002253,0.0609158252002254,0.0609158252002253,0.0609158252002253,0.0609158252002253,0.060915825200225,0.0609158252002253,0.0609158252002251,0.0609158252002254,0.0609158252002253,0.0609158252002252,0.0609158252002253,0.0609158252002253,0.0609158252002254,0.0609158252002254,0.0609158252002254,0.0609158252002254,0.0609158252002253,0.0609158252002253,0.060915825200225,0.060915825200225,0.060915825200225,0.060915825200225,0.0609158252002314,0.060915825200225,0.060915825200225,0.0609158252002313,0.060915825200225,0.060915825200225,0.060915825200225,0.060915825200225,0.060915825200225,0.060915825200225,0.060915825200225,0.060915825200225,0.0851076827437401,0.0982461717526956,0.0870409457265747,0.0870207170428531,0.0892695509219338,0.0851006289087388,0.0932716694304704,0.104639228797476,0.269852950549954,0.270603543452047,0.2827267881678,0.263701698008146,0.278680257478693,0.26079929690538,0.261785863949882,0.27885086998899,0.265734828675516,0.272922384245979,0.269521099590897,0.260544860179474,1,0.080998439654783,0.0827907759670397,0.060915825200225,0.060915825200225,0.060915825200225,0.060915825200225,0.060915825200225,0.060915825200225,0.060915825200225,0.060915825200225,0.060915825200225,0.060915825200225,0.060915825200225
"183",0.0609158252002249,0.060915825200225,0.0609158252002252,0.0609158252002252,0.0609158252002252,0.0609158252002251,0.060915825200225,0.0609158252002247,0.060915825200225,0.060915825200225,0.0609158252002248,0.060915825200225,0.060915825200225,0.0609158252002251,0.060915825200225,0.0609158252002249,0.0609158252002248,0.0609158252002248,0.0609158252002249,0.0609158252002252,0.0609158252002252,0.0609158252002253,0.0609158252002251,0.060915825200225,0.0609158252002251,0.0609158252002251,0.060915825200225,0.0609158252002248,0.0609158252002249,0.0609158252002251,0.0609158252002247,0.0609158252002252,0.060915825200225,0.0609158252002247,0.0609158252002248,0.0609158252002249,0.0609158252002248,0.0609158252002248,0.0609158252002248,0.0609158252002255,0.0609158252002254,0.060915825200225,0.0609158252002251,0.0609158252002246,0.0609158252002254,0.0609158252002247,0.0609158252002247,0.0609158252002248,0.0609158252002249,0.0609158252002247,0.0609158252002253,0.0609158252002253,0.0609158252002245,0.0609158252002248,0.0609158252002256,0.0609158252002252,0.0609158252002251,0.0609158252002251,0.0609158252002252,0.060915825200225,0.0609158252002251,0.0609158252002251,0.0609158252002251,0.0609158252002253,0.0609158252002252,0.0609158252002253,0.0609158252002253,0.060915825200225,0.060915825200225,0.060915825200225,0.0609158252002252,0.0609158252002252,0.060915825200225,0.060915825200225,0.0609158252002251,0.060915825200225,0.0609158252002252,0.0609158252002254,0.060915825200225,0.0609158252002254,0.0609158252002252,0.0609158252002253,0.060915825200225,0.0609158252002252,0.0609158252002254,0.0609158252002249,0.0609158252002254,0.0609158252002254,0.0609158252002254,0.060915825200225,0.060915825200225,0.0609158252002254,0.0609158252002251,0.0609158252002248,0.0609158252002249,0.0609158252002251,0.0609158252002248,0.0609158252002248,0.0609158252002252,0.0609158252002251,0.0609158252002251,0.0609158252002249,0.0609158252002253,0.0609158252002252,0.0609158252002251,0.0609158252002253,0.0609158252002252,0.0609158252002252,0.060915825200225,0.0609158252002252,0.0609158252002251,0.0609158252002251,0.0609158252002252,0.0609158252002251,0.0609158252002251,0.060915825200225,0.0609158252002251,0.0609158252002253,0.060915825200225,0.060915825200225,0.0609158252002253,0.0609158252002253,0.0609158252002253,0.060915825200225,0.0609158252002249,0.0609158252002253,0.0609158252002252,0.0609158252002252,0.060915825200225,0.0609158252002252,0.0609158252002251,0.060915825200225,0.0609158252002251,0.060915825200225,0.0609158252002251,0.060915825200225,0.0609158252002251,0.0609158252002252,0.0609158252002251,0.0609158252002252,0.0609158252002252,0.0609158252002252,0.0609158252002252,0.0609158252002251,0.0609158252002251,0.060915825200225,0.060915825200225,0.060915825200225,0.060915825200225,0.0609158252002289,0.060915825200225,0.060915825200225,0.0609158252002289,0.060915825200225,0.060915825200225,0.060915825200225,0.060915825200225,0.060915825200225,0.060915825200225,0.060915825200225,0.060915825200225,0.105729303828105,0.0921873372271464,0.102172075151243,0.105634508128397,0.102087711838422,0.109184828962028,0.0969951304681585,0.0876149447824463,0.0805050108821342,0.0807004840382455,0.0814756264223202,0.0801746735525052,0.0832056961980327,0.0808244770941612,0.0793684642701232,0.0802421841736266,0.0800851473618297,0.0814378670524978,0.0799078117681893,0.0795244924248561,0.080998439654783,1,0.282810749681099,0.060915825200225,0.060915825200225,0.060915825200225,0.060915825200225,0.0609158252002249,0.060915825200225,0.060915825200225,0.060915825200225,0.060915825200225,0.060915825200225,0.060915825200225
"184",0.0609158252002249,0.060915825200225,0.0609158252002252,0.0609158252002252,0.0609158252002252,0.0609158252002251,0.060915825200225,0.0609158252002247,0.060915825200225,0.060915825200225,0.0609158252002248,0.060915825200225,0.060915825200225,0.0609158252002252,0.060915825200225,0.0609158252002249,0.0609158252002248,0.0609158252002248,0.0609158252002249,0.0609158252002252,0.0609158252002252,0.0609158252002253,0.0609158252002252,0.060915825200225,0.0609158252002251,0.0609158252002252,0.060915825200225,0.0609158252002248,0.060915825200225,0.0609158252002251,0.0609158252002247,0.0609158252002252,0.060915825200225,0.0609158252002247,0.0609158252002248,0.0609158252002249,0.0609158252002248,0.0609158252002248,0.0609158252002248,0.0609158252002256,0.0609158252002255,0.060915825200225,0.0609158252002251,0.0609158252002246,0.0609158252002255,0.0609158252002247,0.0609158252002246,0.0609158252002248,0.0609158252002249,0.0609158252002247,0.0609158252002253,0.0609158252002254,0.0609158252002245,0.0609158252002248,0.0609158252002256,0.0609158252002252,0.0609158252002251,0.0609158252002251,0.0609158252002252,0.060915825200225,0.0609158252002251,0.0609158252002251,0.0609158252002251,0.0609158252002253,0.0609158252002253,0.0609158252002253,0.0609158252002254,0.0609158252002251,0.060915825200225,0.060915825200225,0.0609158252002252,0.0609158252002252,0.060915825200225,0.060915825200225,0.0609158252002251,0.060915825200225,0.0609158252002252,0.0609158252002255,0.060915825200225,0.0609158252002254,0.0609158252002252,0.0609158252002253,0.060915825200225,0.0609158252002253,0.0609158252002254,0.0609158252002249,0.0609158252002254,0.0609158252002255,0.0609158252002255,0.060915825200225,0.060915825200225,0.0609158252002254,0.0609158252002252,0.0609158252002248,0.0609158252002249,0.0609158252002251,0.0609158252002248,0.0609158252002248,0.0609158252002252,0.0609158252002251,0.0609158252002252,0.0609158252002249,0.0609158252002253,0.0609158252002252,0.0609158252002252,0.0609158252002253,0.0609158252002252,0.0609158252002252,0.0609158252002251,0.0609158252002252,0.0609158252002251,0.0609158252002252,0.0609158252002253,0.0609158252002251,0.0609158252002252,0.060915825200225,0.0609158252002251,0.0609158252002253,0.060915825200225,0.060915825200225,0.0609158252002254,0.0609158252002253,0.0609158252002253,0.060915825200225,0.0609158252002249,0.0609158252002254,0.0609158252002252,0.0609158252002252,0.0609158252002251,0.0609158252002253,0.0609158252002251,0.060915825200225,0.0609158252002252,0.060915825200225,0.0609158252002252,0.060915825200225,0.0609158252002251,0.0609158252002252,0.0609158252002251,0.0609158252002252,0.0609158252002252,0.0609158252002252,0.0609158252002252,0.0609158252002251,0.0609158252002251,0.060915825200225,0.060915825200225,0.060915825200225,0.060915825200225,0.0609158252002292,0.060915825200225,0.060915825200225,0.0609158252002292,0.060915825200225,0.060915825200225,0.060915825200225,0.060915825200225,0.060915825200225,0.060915825200225,0.060915825200225,0.060915825200225,0.109728824169693,0.0949782620179323,0.10585411939215,0.109625568128569,0.105762226809206,0.11349274855061,0.100215141941218,0.0899977919780034,0.0822533095862034,0.0824662283610892,0.0833105507737548,0.0818934902589726,0.0851950260870911,0.0826012875686301,0.0810153282846061,0.0819670260785547,0.0817959740208454,0.0832694214497955,0.0816028115524394,0.0811852816644682,0.0827907759670397,0.282810749681099,1,0.060915825200225,0.060915825200225,0.060915825200225,0.060915825200225,0.0609158252002249,0.060915825200225,0.060915825200225,0.060915825200225,0.060915825200225,0.060915825200225,0.060915825200225
"185",0.060915825200225,0.060915825200225,0.060915825200225,0.060915825200225,0.060915825200225,0.060915825200225,0.060915825200225,0.060915825200225,0.060915825200225,0.060915825200225,0.060915825200225,0.060915825200225,0.060915825200225,0.060915825200225,0.060915825200225,0.060915825200225,0.060915825200225,0.060915825200225,0.060915825200225,0.060915825200225,0.060915825200225,0.060915825200225,0.060915825200225,0.060915825200225,0.060915825200225,0.060915825200225,0.060915825200225,0.060915825200225,0.060915825200225,0.060915825200225,0.060915825200225,0.060915825200225,0.060915825200225,0.060915825200225,0.060915825200225,0.060915825200225,0.060915825200225,0.060915825200225,0.060915825200225,0.060915825200225,0.060915825200225,0.060915825200225,0.060915825200225,0.060915825200225,0.060915825200225,0.060915825200225,0.060915825200225,0.060915825200225,0.060915825200225,0.060915825200225,0.060915825200225,0.060915825200225,0.060915825200225,0.060915825200225,0.060915825200225,0.060915825200225,0.060915825200225,0.060915825200225,0.060915825200225,0.060915825200225,0.060915825200225,0.060915825200225,0.060915825200225,0.060915825200225,0.060915825200225,0.060915825200225,0.060915825200225,0.060915825200225,0.060915825200225,0.060915825200225,0.060915825200225,0.060915825200225,0.060915825200225,0.060915825200225,0.060915825200225,0.060915825200225,0.060915825200225,0.060915825200225,0.060915825200225,0.060915825200225,0.060915825200225,0.060915825200225,0.060915825200225,0.060915825200225,0.060915825200225,0.060915825200225,0.060915825200225,0.060915825200225,0.060915825200225,0.060915825200225,0.060915825200225,0.060915825200225,0.060915825200225,0.060915825200225,0.060915825200225,0.060915825200225,0.060915825200225,0.060915825200225,0.060915825200225,0.060915825200225,0.060915825200225,0.060915825200225,0.060915825200225,0.060915825200225,0.060915825200225,0.060915825200225,0.060915825200225,0.060915825200225,0.060915825200225,0.060915825200225,0.060915825200225,0.060915825200225,0.060915825200225,0.060915825200225,0.060915825200225,0.060915825200225,0.060915825200225,0.060915825200225,0.060915825200225,0.060915825200225,0.060915825200225,0.060915825200225,0.060915825200225,0.060915825200225,0.060915825200225,0.060915825200225,0.060915825200225,0.060915825200225,0.060915825200225,0.060915825200225,0.060915825200225,0.060915825200225,0.060915825200225,0.060915825200225,0.060915825200225,0.060915825200225,0.060915825200225,0.060915825200225,0.060915825200225,0.060915825200225,0.060915825200225,0.060915825200225,0.060915825200225,0.060915825200225,0.060915825200225,0.060915825200225,0.060915825200225,0.060915825200225,0.060915825200225,0.060915825200225,0.060915825200225,0.060915825200225,0.060915825200225,0.060915825200225,0.060915825200225,0.060915825200225,0.060915825200225,0.060915825200225,0.060915825200225,0.060915825200225,0.060915825200225,0.060915825200225,0.060915825200225,0.060915825200225,0.060915825200225,0.060915825200225,0.060915825200225,0.060915825200225,0.060915825200225,0.060915825200225,0.060915825200225,0.060915825200225,0.060915825200225,0.060915825200225,0.060915825200225,0.060915825200225,0.060915825200225,0.060915825200225,0.060915825200225,0.060915825200225,0.060915825200225,0.060915825200225,0.060915825200225,0.060915825200225,1,0.0609171627409114,0.060915825200225,0.060915825200225,0.060915825200225,0.060915825200225,0.060915825200225,0.060915825200225,0.060915825200225,0.060915825200225,0.060915825200225
"186",0.060915825200225,0.060915825200225,0.060915825200225,0.060915825200225,0.060915825200225,0.060915825200225,0.060915825200225,0.060915825200225,0.060915825200225,0.060915825200225,0.060915825200225,0.060915825200225,0.060915825200225,0.060915825200225,0.060915825200225,0.060915825200225,0.060915825200225,0.060915825200225,0.060915825200225,0.060915825200225,0.060915825200225,0.060915825200225,0.060915825200225,0.060915825200225,0.060915825200225,0.060915825200225,0.060915825200225,0.060915825200225,0.060915825200225,0.060915825200225,0.060915825200225,0.060915825200225,0.060915825200225,0.060915825200225,0.060915825200225,0.060915825200225,0.060915825200225,0.060915825200225,0.060915825200225,0.060915825200225,0.060915825200225,0.060915825200225,0.060915825200225,0.060915825200225,0.060915825200225,0.060915825200225,0.060915825200225,0.060915825200225,0.060915825200225,0.060915825200225,0.060915825200225,0.060915825200225,0.060915825200225,0.060915825200225,0.060915825200225,0.060915825200225,0.060915825200225,0.060915825200225,0.060915825200225,0.060915825200225,0.060915825200225,0.060915825200225,0.060915825200225,0.060915825200225,0.060915825200225,0.060915825200225,0.060915825200225,0.060915825200225,0.060915825200225,0.060915825200225,0.060915825200225,0.060915825200225,0.060915825200225,0.060915825200225,0.060915825200225,0.060915825200225,0.060915825200225,0.060915825200225,0.060915825200225,0.060915825200225,0.060915825200225,0.060915825200225,0.060915825200225,0.060915825200225,0.060915825200225,0.060915825200225,0.060915825200225,0.060915825200225,0.060915825200225,0.060915825200225,0.060915825200225,0.060915825200225,0.060915825200225,0.060915825200225,0.060915825200225,0.060915825200225,0.060915825200225,0.060915825200225,0.060915825200225,0.060915825200225,0.060915825200225,0.060915825200225,0.060915825200225,0.060915825200225,0.060915825200225,0.060915825200225,0.060915825200225,0.060915825200225,0.060915825200225,0.060915825200225,0.060915825200225,0.060915825200225,0.060915825200225,0.060915825200225,0.060915825200225,0.060915825200225,0.060915825200225,0.060915825200225,0.060915825200225,0.060915825200225,0.060915825200225,0.060915825200225,0.060915825200225,0.060915825200225,0.060915825200225,0.060915825200225,0.060915825200225,0.060915825200225,0.060915825200225,0.060915825200225,0.060915825200225,0.060915825200225,0.060915825200225,0.060915825200225,0.060915825200225,0.060915825200225,0.060915825200225,0.060915825200225,0.060915825200225,0.060915825200225,0.060915825200225,0.060915825200225,0.060915825200225,0.060915825200225,0.060915825200225,0.060915825200225,0.060915825200225,0.060915825200225,0.060915825200225,0.060915825200225,0.060915825200225,0.060915825200225,0.060915825200225,0.060915825200225,0.060915825200225,0.060915825200225,0.060915825200225,0.060915825200225,0.060915825200225,0.060915825200225,0.060915825200225,0.060915825200225,0.060915825200225,0.060915825200225,0.060915825200225,0.060915825200225,0.060915825200225,0.060915825200225,0.060915825200225,0.060915825200225,0.060915825200225,0.060915825200225,0.060915825200225,0.060915825200225,0.060915825200225,0.060915825200225,0.060915825200225,0.060915825200225,0.060915825200225,0.060915825200225,0.060915825200225,0.060915825200225,0.060915825200225,0.060915825200225,0.0609171627409114,1,0.060915825200225,0.060915825200225,0.060915825200225,0.060915825200225,0.060915825200225,0.060915825200225,0.060915825200225,0.060915825200225,0.060915825200225
"187",0.060915825200225,0.060915825200225,0.060915825200225,0.0692108088070731,0.060915825200225,0.0692108088070731,0.060915825200225,0.0692108088070731,0.0692108088070731,0.060915825200225,0.060915825200225,0.060915825200225,0.060915825200225,0.0692108088070731,0.0692108088070731,0.0692108088070731,0.0692108088070731,0.0692108088070731,0.060915825200225,0.060915825200225,0.060915825200225,0.060915825200225,0.060915825200225,0.060915825200225,0.060915825200225,0.060915825200225,0.060915825200225,0.060915825200225,0.060915825200225,0.060915825200225,0.060915825200225,0.0692108088070731,0.060915825200225,0.060915825200225,0.0692108088070731,0.0692108088070731,0.060915825200225,0.060915825200225,0.0692108088070731,0.060915825200225,0.060915825200225,0.060915825200225,0.060915825200225,0.0692108088070731,0.0692108088070731,0.060915825200225,0.060915825200225,0.060915825200225,0.060915825200225,0.060915825200225,0.060915825200225,0.0692108088070731,0.060915825200225,0.0692108088070731,0.060915825200225,0.060915825200225,0.0692108088070731,0.060915825200225,0.060915825200225,0.060915825200225,0.060915825200225,0.060915825200225,0.060915825200225,0.0692108088070731,0.060915825200225,0.0692108088070731,0.060915825200225,0.060915825200225,0.060915825200225,0.0692108088070731,0.060915825200225,0.0692108088070731,0.0692108088070731,0.060915825200225,0.060915825200225,0.060915825200225,0.0692108088070731,0.060915825200225,0.060915825200225,0.060915825200225,0.0692108088070731,0.0692108088070731,0.060915825200225,0.0692108088070731,0.060915825200225,0.060915825200225,0.060915825200225,0.060915825200225,0.060915825200225,0.0692108088070731,0.0692108088070731,0.060915825200225,0.060915825200225,0.0692108088070731,0.0692108088070731,0.0692108088070731,0.060915825200225,0.0692108088070731,0.060915825200225,0.0692108088070731,0.060915825200225,0.060915825200225,0.060915825200225,0.0692108088070731,0.0692108088070731,0.060915825200225,0.060915825200225,0.060915825200225,0.060915825200225,0.060915825200225,0.060915825200225,0.060915825200225,0.060915825200225,0.060915825200225,0.060915825200225,0.0692108088070731,0.060915825200225,0.060915825200225,0.060915825200225,0.060915825200225,0.060915825200225,0.060915825200225,0.060915825200225,0.060915825200225,0.060915825200225,0.060915825200225,0.060915825200225,0.060915825200225,0.060915825200225,0.060915825200225,0.060915825200225,0.0692108088070731,0.060915825200225,0.060915825200225,0.060915825200225,0.060915825200225,0.060915825200225,0.060915825200225,0.060915825200225,0.060915825200225,0.060915825200225,0.060915825200225,0.060915825200225,0.060915825200225,0.060915825200225,0.060915825200225,0.0692108088070731,0.0692108088070731,0.060915825200225,0.060915825200225,0.0692108088070731,0.060915825200225,0.060915825200225,0.0692108088070731,0.060915825200225,0.060915825200225,0.060915825200225,0.0692108088070731,0.0692108088070731,0.0692108088070731,0.060915825200225,0.0692108088070731,0.060915825200225,0.060915825200225,0.060915825200225,0.060915825200225,0.060915825200225,0.060915825200225,0.060915825200225,0.060915825200225,0.060915825200225,0.060915825200225,0.060915825200225,0.060915825200225,0.060915825200225,0.060915825200225,0.0692108088070731,0.060915825200225,0.060915825200225,0.060915825200225,0.060915825200225,0.060915825200225,0.060915825200225,0.060915825200225,0.060915825200225,0.060915825200225,1,0.0609171627409114,0.0609171627409114,0.0692121463477595,0.060915825200225,0.060915825200225,0.060915825200225,0.060915825200225,0.0692108088070731
"188",0.060915825200225,0.0692108088070731,0.0692108088070731,0.060915825200225,0.060915825200225,0.060915825200225,0.0692108088070731,0.060915825200225,0.060915825200225,0.0692108088070731,0.060915825200225,0.0692108088070731,0.060915825200225,0.060915825200225,0.060915825200225,0.060915825200225,0.060915825200225,0.060915825200225,0.060915825200225,0.0692108088070731,0.0692108088070731,0.0692108088070731,0.0692108088070731,0.060915825200225,0.060915825200225,0.0692108088070731,0.060915825200225,0.0692108088070731,0.060915825200225,0.060915825200225,0.0692108088070731,0.060915825200225,0.0692108088070731,0.060915825200225,0.060915825200225,0.060915825200225,0.060915825200225,0.060915825200225,0.060915825200225,0.0692108088070731,0.0692108088070731,0.060915825200225,0.0692108088070731,0.060915825200225,0.060915825200225,0.0692108088070731,0.060915825200225,0.060915825200225,0.0692108088070731,0.0692108088070731,0.0692108088070731,0.060915825200225,0.0692108088070731,0.060915825200225,0.0692108088070731,0.060915825200225,0.060915825200225,0.060915825200225,0.060915825200225,0.060915825200225,0.060915825200225,0.060915825200225,0.060915825200225,0.060915825200225,0.060915825200225,0.060915825200225,0.060915825200225,0.060915825200225,0.060915825200225,0.060915825200225,0.060915825200225,0.060915825200225,0.060915825200225,0.060915825200225,0.060915825200225,0.060915825200225,0.060915825200225,0.0692108088070731,0.060915825200225,0.0692108088070731,0.060915825200225,0.060915825200225,0.060915825200225,0.060915825200225,0.060915825200225,0.060915825200225,0.0692108088070731,0.060915825200225,0.060915825200225,0.060915825200225,0.060915825200225,0.060915825200225,0.060915825200225,0.060915825200225,0.060915825200225,0.060915825200225,0.060915825200225,0.060915825200225,0.060915825200225,0.060915825200225,0.060915825200225,0.0692108088070731,0.060915825200225,0.060915825200225,0.060915825200225,0.060915825200225,0.060915825200225,0.060915825200225,0.060915825200225,0.060915825200225,0.060915825200225,0.060915825200225,0.060915825200225,0.060915825200225,0.060915825200225,0.060915825200225,0.060915825200225,0.060915825200225,0.060915825200225,0.060915825200225,0.060915825200225,0.060915825200225,0.060915825200225,0.060915825200225,0.060915825200225,0.060915825200225,0.060915825200225,0.060915825200225,0.060915825200225,0.060915825200225,0.060915825200225,0.060915825200225,0.060915825200225,0.060915825200225,0.060915825200225,0.060915825200225,0.060915825200225,0.060915825200225,0.060915825200225,0.060915825200225,0.060915825200225,0.060915825200225,0.060915825200225,0.060915825200225,0.060915825200225,0.060915825200225,0.060915825200225,0.060915825200225,0.060915825200225,0.060915825200225,0.060915825200225,0.0692108088070731,0.060915825200225,0.060915825200225,0.0692108088070731,0.060915825200225,0.060915825200225,0.060915825200225,0.060915825200225,0.060915825200225,0.060915825200225,0.060915825200225,0.060915825200225,0.060915825200225,0.060915825200225,0.060915825200225,0.060915825200225,0.060915825200225,0.060915825200225,0.060915825200225,0.060915825200225,0.060915825200225,0.060915825200225,0.060915825200225,0.060915825200225,0.0692108088070731,0.060915825200225,0.060915825200225,0.060915825200225,0.060915825200225,0.060915825200225,0.060915825200225,0.060915825200225,0.060915825200225,0.060915825200225,0.060915825200225,0.0609171627409114,1,0.0609171627409114,0.0609171627409114,0.060915825200225,0.060915825200225,0.0692108088070731,0.060915825200225,0.060915825200225
"189",0.0632061261183282,0.060915825200225,0.0632357626101009,0.0634035075066159,0.063534798277655,0.0636051456212282,0.060915825200225,0.063045375769963,0.060915825200225,0.060915825200225,0.0631240191913775,0.060915825200225,0.063331334639922,0.0632632976365811,0.0635801321405902,0.0634885162786362,0.0632685699948874,0.062973756765295,0.0630765487027156,0.0635371279842383,0.0636888595113266,0.0638708194598847,0.0634156876068682,0.0636718017683165,0.0629730193282506,0.0631429620471661,0.060915825200225,0.0636029984446554,0.066010386763968,0.0642728812937862,0.0629908727608253,0.0642532946827515,0.0633788322324399,0.0631205153140686,0.0629596350836458,0.0624247998476456,0.0629983370952149,0.0629735801450821,0.0627335952048191,0.0633141884861224,0.0633227575794745,0.060915825200225,0.0631536421417328,0.062504863675847,0.0630145312088411,0.0630862161179992,0.0627850321236537,0.062860967951478,0.0633983814408741,0.0632349627581587,0.0637151448583269,0.0635068371122858,0.0630784696028369,0.0627106754150433,0.0630496347659849,0.0802146310394188,0.0727908906857017,0.0727908906857018,0.073853985998524,0.060915825200225,0.0738737943685207,0.0700405594285974,0.0763255102573514,0.0771311724160597,0.0755591603470531,0.078911064906409,0.0747965005589786,0.0759019000371542,0.0756305739614529,0.060915825200225,0.0755591603470532,0.0764230909614842,0.060915825200225,0.0756798790309952,0.0746803734453103,0.0753985750574722,0.0933440257979018,0.08283381593096,0.11068086611085,0.0834087043987673,0.101002243649527,0.0823102016362381,0.060915825200225,0.0933440257979018,0.0895006096640403,0.103520580901842,0.0803897074656017,0.0723474877101115,0.0731577849409894,0.060915825200225,0.060915825200225,0.0725159888492128,0.0708028685491725,0.0679889943798916,0.0688839426749252,0.0680003328362922,0.0672667049661908,0.0670355198358717,0.0670736994020046,0.0667878803910702,0.0684676927535003,0.0695646239006511,0.0729501602287093,0.0670736994020046,0.0667878803910702,0.0725244798013348,0.0709642217993739,0.0703050613327289,0.071195191270091,0.0724116563547746,0.0693446887549533,0.0709428975960852,0.0757179699897096,0.0709758163361894,0.072279242540043,0.060915825200225,0.0670873964972635,0.0710672531530572,0.0709925756296368,0.060915825200225,0.060915825200225,0.0722274799746478,0.0722161122846868,0.0709925756296368,0.0696472173739831,0.060915825200225,0.0698315402356825,0.0692734880632103,0.0701116770394661,0.0703560031101274,0.0693147545572223,0.060915825200225,0.0707473782801127,0.0655701949080472,0.0707473782801127,0.0698002952708246,0.0666653451861924,0.0701769539561821,0.0705059695815281,0.0686864409350533,0.0691553032294267,0.0701455178379404,0.0684785405978566,0.0679579016049382,0.0692552515119106,0.060915825200225,0.060915825200225,0.060915825200225,0.060915825200225,0.0609158252002251,0.060915825200225,0.060915825200225,0.0609158252002251,0.060915825200225,0.060915825200225,0.060915825200225,0.060915825200225,0.060915825200225,0.060915825200225,0.060915825200225,0.060915825200225,0.0609158252002249,0.060915825200225,0.0609158252002249,0.0609158252002249,0.0609158252002249,0.0609158252002249,0.0609158252002249,0.060915825200225,0.060915825200225,0.060915825200225,0.060915825200225,0.060915825200225,0.060915825200225,0.060915825200225,0.060915825200225,0.060915825200225,0.060915825200225,0.060915825200225,0.060915825200225,0.060915825200225,0.060915825200225,0.0609158252002249,0.0609158252002249,0.060915825200225,0.060915825200225,0.0609171627409114,0.0609171627409114,1,0.0609171627409114,0.060915825200225,0.060915825200225,0.060915825200225,0.060915825200225,0.060915825200225
"190",0.060915825200225,0.060915825200225,0.060915825200225,0.0692108088070731,0.060915825200225,0.0692108088070731,0.060915825200225,0.0692108088070731,0.0692108088070731,0.060915825200225,0.060915825200225,0.060915825200225,0.060915825200225,0.0692108088070731,0.0692108088070731,0.0692108088070731,0.0692108088070731,0.0692108088070731,0.060915825200225,0.060915825200225,0.060915825200225,0.060915825200225,0.060915825200225,0.060915825200225,0.060915825200225,0.060915825200225,0.060915825200225,0.060915825200225,0.060915825200225,0.060915825200225,0.060915825200225,0.0692108088070731,0.060915825200225,0.060915825200225,0.0692108088070731,0.0692108088070731,0.060915825200225,0.060915825200225,0.0692108088070731,0.060915825200225,0.060915825200225,0.060915825200225,0.060915825200225,0.0692108088070731,0.0692108088070731,0.060915825200225,0.060915825200225,0.060915825200225,0.060915825200225,0.060915825200225,0.060915825200225,0.0692108088070731,0.060915825200225,0.0692108088070731,0.060915825200225,0.060915825200225,0.0692108088070731,0.060915825200225,0.060915825200225,0.060915825200225,0.060915825200225,0.060915825200225,0.060915825200225,0.0692108088070731,0.060915825200225,0.0692108088070731,0.060915825200225,0.060915825200225,0.060915825200225,0.0692108088070731,0.060915825200225,0.0692108088070731,0.0692108088070731,0.060915825200225,0.060915825200225,0.060915825200225,0.0692108088070731,0.060915825200225,0.060915825200225,0.060915825200225,0.0692108088070731,0.0692108088070731,0.060915825200225,0.0692108088070731,0.060915825200225,0.060915825200225,0.060915825200225,0.060915825200225,0.060915825200225,0.0692108088070731,0.0692108088070731,0.060915825200225,0.060915825200225,0.0692108088070731,0.0692108088070731,0.0692108088070731,0.060915825200225,0.0692108088070731,0.060915825200225,0.0692108088070731,0.060915825200225,0.060915825200225,0.060915825200225,0.0692108088070731,0.0692108088070731,0.060915825200225,0.060915825200225,0.060915825200225,0.060915825200225,0.060915825200225,0.060915825200225,0.060915825200225,0.060915825200225,0.060915825200225,0.060915825200225,0.0692108088070731,0.060915825200225,0.060915825200225,0.060915825200225,0.060915825200225,0.060915825200225,0.060915825200225,0.060915825200225,0.060915825200225,0.060915825200225,0.060915825200225,0.060915825200225,0.060915825200225,0.060915825200225,0.060915825200225,0.060915825200225,0.0692108088070731,0.060915825200225,0.060915825200225,0.060915825200225,0.060915825200225,0.060915825200225,0.060915825200225,0.060915825200225,0.060915825200225,0.060915825200225,0.060915825200225,0.060915825200225,0.060915825200225,0.060915825200225,0.060915825200225,0.0692108088070731,0.0692108088070731,0.060915825200225,0.060915825200225,0.0692108088070731,0.060915825200225,0.060915825200225,0.0692108088070731,0.060915825200225,0.060915825200225,0.060915825200225,0.0692108088070731,0.0692108088070731,0.0692108088070731,0.060915825200225,0.0692108088070731,0.060915825200225,0.060915825200225,0.060915825200225,0.060915825200225,0.060915825200225,0.060915825200225,0.060915825200225,0.060915825200225,0.060915825200225,0.060915825200225,0.060915825200225,0.060915825200225,0.060915825200225,0.060915825200225,0.0692108088070731,0.060915825200225,0.060915825200225,0.060915825200225,0.060915825200225,0.060915825200225,0.060915825200225,0.060915825200225,0.060915825200225,0.060915825200225,0.0692121463477595,0.0609171627409114,0.0609171627409114,1,0.060915825200225,0.060915825200225,0.060915825200225,0.060915825200225,0.0692108088070731
"191",0.060915825200225,0.060915825200225,0.060915825200225,0.060915825200225,0.060915825200225,0.060915825200225,0.060915825200225,0.060915825200225,0.060915825200225,0.060915825200225,0.060915825200225,0.060915825200225,0.060915825200225,0.060915825200225,0.060915825200225,0.060915825200225,0.060915825200225,0.060915825200225,0.060915825200225,0.060915825200225,0.060915825200225,0.060915825200225,0.060915825200225,0.060915825200225,0.060915825200225,0.060915825200225,0.060915825200225,0.060915825200225,0.060915825200225,0.060915825200225,0.060915825200225,0.060915825200225,0.060915825200225,0.060915825200225,0.060915825200225,0.060915825200225,0.060915825200225,0.060915825200225,0.060915825200225,0.060915825200225,0.060915825200225,0.060915825200225,0.060915825200225,0.060915825200225,0.060915825200225,0.060915825200225,0.060915825200225,0.060915825200225,0.060915825200225,0.060915825200225,0.060915825200225,0.060915825200225,0.060915825200225,0.060915825200225,0.060915825200225,0.060915825200225,0.060915825200225,0.060915825200225,0.060915825200225,0.060915825200225,0.060915825200225,0.060915825200225,0.060915825200225,0.060915825200225,0.060915825200225,0.060915825200225,0.060915825200225,0.060915825200225,0.060915825200225,0.060915825200225,0.060915825200225,0.060915825200225,0.060915825200225,0.060915825200225,0.060915825200225,0.060915825200225,0.060915825200225,0.060915825200225,0.060915825200225,0.060915825200225,0.060915825200225,0.060915825200225,0.0692108088070731,0.060915825200225,0.060915825200225,0.060915825200225,0.060915825200225,0.060915825200225,0.060915825200225,0.060915825200225,0.060915825200225,0.060915825200225,0.060915825200225,0.060915825200225,0.060915825200225,0.060915825200225,0.060915825200225,0.060915825200225,0.060915825200225,0.060915825200225,0.060915825200225,0.060915825200225,0.060915825200225,0.060915825200225,0.060915825200225,0.060915825200225,0.060915825200225,0.060915825200225,0.060915825200225,0.060915825200225,0.060915825200225,0.060915825200225,0.060915825200225,0.060915825200225,0.060915825200225,0.060915825200225,0.060915825200225,0.060915825200225,0.060915825200225,0.060915825200225,0.060915825200225,0.060915825200225,0.060915825200225,0.060915825200225,0.060915825200225,0.060915825200225,0.060915825200225,0.060915825200225,0.060915825200225,0.060915825200225,0.060915825200225,0.060915825200225,0.060915825200225,0.060915825200225,0.060915825200225,0.060915825200225,0.060915825200225,0.060915825200225,0.060915825200225,0.060915825200225,0.060915825200225,0.060915825200225,0.060915825200225,0.060915825200225,0.060915825200225,0.060915825200225,0.060915825200225,0.060915825200225,0.060915825200225,0.060915825200225,0.060915825200225,0.060915825200225,0.060915825200225,0.060915825200225,0.060915825200225,0.060915825200225,0.0692108088070731,0.060915825200225,0.060915825200225,0.060915825200225,0.0692108088070731,0.060915825200225,0.060915825200225,0.060915825200225,0.060915825200225,0.060915825200225,0.060915825200225,0.060915825200225,0.060915825200225,0.060915825200225,0.060915825200225,0.060915825200225,0.060915825200225,0.060915825200225,0.060915825200225,0.060915825200225,0.060915825200225,0.060915825200225,0.060915825200225,0.060915825200225,0.060915825200225,0.060915825200225,0.060915825200225,0.060915825200225,0.060915825200225,0.060915825200225,0.060915825200225,0.060915825200225,0.060915825200225,0.060915825200225,1,0.0692121463477595,0.060915825200225,0.060915825200225,0.060915825200225
"192",0.060915825200225,0.060915825200225,0.060915825200225,0.060915825200225,0.060915825200225,0.060915825200225,0.060915825200225,0.060915825200225,0.060915825200225,0.060915825200225,0.060915825200225,0.060915825200225,0.060915825200225,0.060915825200225,0.060915825200225,0.060915825200225,0.060915825200225,0.060915825200225,0.060915825200225,0.060915825200225,0.060915825200225,0.060915825200225,0.060915825200225,0.060915825200225,0.060915825200225,0.060915825200225,0.060915825200225,0.060915825200225,0.060915825200225,0.060915825200225,0.060915825200225,0.060915825200225,0.060915825200225,0.060915825200225,0.060915825200225,0.060915825200225,0.060915825200225,0.060915825200225,0.060915825200225,0.060915825200225,0.060915825200225,0.060915825200225,0.060915825200225,0.060915825200225,0.060915825200225,0.060915825200225,0.060915825200225,0.060915825200225,0.060915825200225,0.060915825200225,0.060915825200225,0.060915825200225,0.060915825200225,0.060915825200225,0.060915825200225,0.060915825200225,0.060915825200225,0.060915825200225,0.060915825200225,0.060915825200225,0.060915825200225,0.060915825200225,0.060915825200225,0.060915825200225,0.060915825200225,0.060915825200225,0.060915825200225,0.060915825200225,0.060915825200225,0.060915825200225,0.060915825200225,0.060915825200225,0.060915825200225,0.060915825200225,0.060915825200225,0.060915825200225,0.060915825200225,0.060915825200225,0.060915825200225,0.060915825200225,0.060915825200225,0.060915825200225,0.0692108088070731,0.060915825200225,0.060915825200225,0.060915825200225,0.060915825200225,0.060915825200225,0.060915825200225,0.060915825200225,0.060915825200225,0.060915825200225,0.060915825200225,0.060915825200225,0.060915825200225,0.060915825200225,0.060915825200225,0.060915825200225,0.060915825200225,0.060915825200225,0.060915825200225,0.060915825200225,0.060915825200225,0.060915825200225,0.060915825200225,0.060915825200225,0.060915825200225,0.060915825200225,0.060915825200225,0.060915825200225,0.060915825200225,0.060915825200225,0.060915825200225,0.060915825200225,0.060915825200225,0.060915825200225,0.060915825200225,0.060915825200225,0.060915825200225,0.060915825200225,0.060915825200225,0.060915825200225,0.060915825200225,0.060915825200225,0.060915825200225,0.060915825200225,0.060915825200225,0.060915825200225,0.060915825200225,0.060915825200225,0.060915825200225,0.060915825200225,0.060915825200225,0.060915825200225,0.060915825200225,0.060915825200225,0.060915825200225,0.060915825200225,0.060915825200225,0.060915825200225,0.060915825200225,0.060915825200225,0.060915825200225,0.060915825200225,0.060915825200225,0.060915825200225,0.060915825200225,0.060915825200225,0.060915825200225,0.060915825200225,0.060915825200225,0.060915825200225,0.060915825200225,0.060915825200225,0.060915825200225,0.060915825200225,0.0692108088070731,0.060915825200225,0.060915825200225,0.060915825200225,0.0692108088070731,0.060915825200225,0.060915825200225,0.060915825200225,0.060915825200225,0.060915825200225,0.060915825200225,0.060915825200225,0.060915825200225,0.060915825200225,0.060915825200225,0.060915825200225,0.060915825200225,0.060915825200225,0.060915825200225,0.060915825200225,0.060915825200225,0.060915825200225,0.060915825200225,0.060915825200225,0.060915825200225,0.060915825200225,0.060915825200225,0.060915825200225,0.060915825200225,0.060915825200225,0.060915825200225,0.060915825200225,0.060915825200225,0.060915825200225,0.0692121463477595,1,0.060915825200225,0.060915825200225,0.060915825200225
"193",0.060915825200225,0.0692108088070731,0.0692108088070731,0.060915825200225,0.060915825200225,0.060915825200225,0.0692108088070731,0.060915825200225,0.060915825200225,0.0692108088070731,0.060915825200225,0.0692108088070731,0.060915825200225,0.060915825200225,0.060915825200225,0.060915825200225,0.060915825200225,0.060915825200225,0.060915825200225,0.0692108088070731,0.0692108088070731,0.0692108088070731,0.0692108088070731,0.060915825200225,0.060915825200225,0.0692108088070731,0.060915825200225,0.0692108088070731,0.060915825200225,0.060915825200225,0.0692108088070731,0.060915825200225,0.0692108088070731,0.060915825200225,0.060915825200225,0.060915825200225,0.060915825200225,0.060915825200225,0.060915825200225,0.0692108088070731,0.0692108088070731,0.060915825200225,0.0692108088070731,0.060915825200225,0.060915825200225,0.0692108088070731,0.060915825200225,0.060915825200225,0.0692108088070731,0.0692108088070731,0.0692108088070731,0.060915825200225,0.0692108088070731,0.060915825200225,0.0692108088070731,0.060915825200225,0.060915825200225,0.060915825200225,0.060915825200225,0.060915825200225,0.060915825200225,0.060915825200225,0.060915825200225,0.060915825200225,0.060915825200225,0.060915825200225,0.060915825200225,0.060915825200225,0.060915825200225,0.060915825200225,0.060915825200225,0.060915825200225,0.060915825200225,0.060915825200225,0.060915825200225,0.060915825200225,0.060915825200225,0.0692108088070731,0.060915825200225,0.0692108088070731,0.060915825200225,0.060915825200225,0.060915825200225,0.060915825200225,0.060915825200225,0.060915825200225,0.0692108088070731,0.060915825200225,0.060915825200225,0.060915825200225,0.060915825200225,0.060915825200225,0.060915825200225,0.060915825200225,0.060915825200225,0.060915825200225,0.060915825200225,0.060915825200225,0.060915825200225,0.060915825200225,0.060915825200225,0.0692108088070731,0.060915825200225,0.060915825200225,0.060915825200225,0.060915825200225,0.060915825200225,0.060915825200225,0.060915825200225,0.060915825200225,0.060915825200225,0.060915825200225,0.060915825200225,0.060915825200225,0.060915825200225,0.060915825200225,0.060915825200225,0.060915825200225,0.060915825200225,0.060915825200225,0.060915825200225,0.060915825200225,0.060915825200225,0.060915825200225,0.060915825200225,0.060915825200225,0.060915825200225,0.060915825200225,0.060915825200225,0.060915825200225,0.060915825200225,0.060915825200225,0.060915825200225,0.060915825200225,0.060915825200225,0.060915825200225,0.060915825200225,0.060915825200225,0.060915825200225,0.060915825200225,0.060915825200225,0.060915825200225,0.060915825200225,0.060915825200225,0.060915825200225,0.060915825200225,0.060915825200225,0.060915825200225,0.060915825200225,0.060915825200225,0.060915825200225,0.0692108088070731,0.060915825200225,0.060915825200225,0.0692108088070731,0.060915825200225,0.060915825200225,0.060915825200225,0.060915825200225,0.060915825200225,0.060915825200225,0.060915825200225,0.060915825200225,0.060915825200225,0.060915825200225,0.060915825200225,0.060915825200225,0.060915825200225,0.060915825200225,0.060915825200225,0.060915825200225,0.060915825200225,0.060915825200225,0.060915825200225,0.060915825200225,0.0692108088070731,0.060915825200225,0.060915825200225,0.060915825200225,0.060915825200225,0.060915825200225,0.060915825200225,0.060915825200225,0.060915825200225,0.060915825200225,0.060915825200225,0.060915825200225,0.0692108088070731,0.060915825200225,0.060915825200225,0.060915825200225,0.060915825200225,1,0.0609171627409114,0.0609171627409114
"194",0.060915825200225,0.060915825200225,0.060915825200225,0.060915825200225,0.060915825200225,0.060915825200225,0.060915825200225,0.060915825200225,0.060915825200225,0.060915825200225,0.060915825200225,0.060915825200225,0.060915825200225,0.060915825200225,0.060915825200225,0.060915825200225,0.060915825200225,0.060915825200225,0.060915825200225,0.060915825200225,0.060915825200225,0.060915825200225,0.060915825200225,0.060915825200225,0.060915825200225,0.060915825200225,0.060915825200225,0.060915825200225,0.060915825200225,0.060915825200225,0.060915825200225,0.060915825200225,0.060915825200225,0.060915825200225,0.060915825200225,0.060915825200225,0.060915825200225,0.060915825200225,0.060915825200225,0.060915825200225,0.060915825200225,0.060915825200225,0.060915825200225,0.060915825200225,0.060915825200225,0.060915825200225,0.060915825200225,0.060915825200225,0.060915825200225,0.060915825200225,0.060915825200225,0.060915825200225,0.060915825200225,0.060915825200225,0.060915825200225,0.060915825200225,0.060915825200225,0.060915825200225,0.060915825200225,0.060915825200225,0.060915825200225,0.060915825200225,0.060915825200225,0.060915825200225,0.060915825200225,0.060915825200225,0.060915825200225,0.060915825200225,0.060915825200225,0.060915825200225,0.060915825200225,0.060915825200225,0.060915825200225,0.060915825200225,0.060915825200225,0.060915825200225,0.060915825200225,0.060915825200225,0.060915825200225,0.060915825200225,0.060915825200225,0.060915825200225,0.060915825200225,0.060915825200225,0.060915825200225,0.060915825200225,0.060915825200225,0.060915825200225,0.060915825200225,0.060915825200225,0.060915825200225,0.060915825200225,0.060915825200225,0.060915825200225,0.060915825200225,0.060915825200225,0.060915825200225,0.060915825200225,0.060915825200225,0.060915825200225,0.060915825200225,0.060915825200225,0.060915825200225,0.060915825200225,0.060915825200225,0.060915825200225,0.060915825200225,0.060915825200225,0.060915825200225,0.060915825200225,0.060915825200225,0.060915825200225,0.060915825200225,0.060915825200225,0.060915825200225,0.060915825200225,0.060915825200225,0.060915825200225,0.060915825200225,0.060915825200225,0.060915825200225,0.060915825200225,0.060915825200225,0.060915825200225,0.060915825200225,0.060915825200225,0.060915825200225,0.060915825200225,0.060915825200225,0.060915825200225,0.060915825200225,0.060915825200225,0.060915825200225,0.060915825200225,0.060915825200225,0.060915825200225,0.060915825200225,0.060915825200225,0.060915825200225,0.060915825200225,0.060915825200225,0.060915825200225,0.060915825200225,0.060915825200225,0.060915825200225,0.060915825200225,0.060915825200225,0.060915825200225,0.060915825200225,0.060915825200225,0.060915825200225,0.060915825200225,0.060915825200225,0.060915825200225,0.060915825200225,0.060915825200225,0.060915825200225,0.060915825200225,0.060915825200225,0.060915825200225,0.060915825200225,0.060915825200225,0.060915825200225,0.060915825200225,0.060915825200225,0.060915825200225,0.060915825200225,0.060915825200225,0.060915825200225,0.060915825200225,0.060915825200225,0.060915825200225,0.060915825200225,0.060915825200225,0.060915825200225,0.060915825200225,0.060915825200225,0.060915825200225,0.060915825200225,0.060915825200225,0.060915825200225,0.060915825200225,0.060915825200225,0.060915825200225,0.060915825200225,0.060915825200225,0.060915825200225,0.060915825200225,0.060915825200225,0.060915825200225,0.060915825200225,0.060915825200225,0.0609171627409114,1,0.0609171627409114
"195",0.060915825200225,0.060915825200225,0.060915825200225,0.0692108088070731,0.060915825200225,0.0692108088070731,0.060915825200225,0.0692108088070731,0.0692108088070731,0.060915825200225,0.060915825200225,0.060915825200225,0.060915825200225,0.0692108088070731,0.0692108088070731,0.0692108088070731,0.0692108088070731,0.0692108088070731,0.060915825200225,0.060915825200225,0.060915825200225,0.060915825200225,0.060915825200225,0.060915825200225,0.060915825200225,0.060915825200225,0.060915825200225,0.060915825200225,0.060915825200225,0.060915825200225,0.060915825200225,0.0692108088070731,0.060915825200225,0.060915825200225,0.0692108088070731,0.0692108088070731,0.060915825200225,0.060915825200225,0.0692108088070731,0.060915825200225,0.060915825200225,0.060915825200225,0.060915825200225,0.0692108088070731,0.0692108088070731,0.060915825200225,0.060915825200225,0.060915825200225,0.060915825200225,0.060915825200225,0.060915825200225,0.0692108088070731,0.060915825200225,0.0692108088070731,0.060915825200225,0.060915825200225,0.0692108088070731,0.060915825200225,0.060915825200225,0.060915825200225,0.060915825200225,0.060915825200225,0.060915825200225,0.0692108088070731,0.060915825200225,0.0692108088070731,0.060915825200225,0.060915825200225,0.060915825200225,0.0692108088070731,0.060915825200225,0.0692108088070731,0.0692108088070731,0.060915825200225,0.060915825200225,0.060915825200225,0.0692108088070731,0.060915825200225,0.060915825200225,0.060915825200225,0.0692108088070731,0.0692108088070731,0.060915825200225,0.0692108088070731,0.060915825200225,0.060915825200225,0.060915825200225,0.060915825200225,0.060915825200225,0.0692108088070731,0.0692108088070731,0.060915825200225,0.060915825200225,0.0692108088070731,0.0692108088070731,0.0692108088070731,0.060915825200225,0.0692108088070731,0.060915825200225,0.0692108088070731,0.060915825200225,0.060915825200225,0.060915825200225,0.0692108088070731,0.0692108088070731,0.060915825200225,0.060915825200225,0.060915825200225,0.060915825200225,0.060915825200225,0.060915825200225,0.060915825200225,0.060915825200225,0.060915825200225,0.060915825200225,0.0692108088070731,0.060915825200225,0.060915825200225,0.060915825200225,0.060915825200225,0.060915825200225,0.060915825200225,0.060915825200225,0.060915825200225,0.060915825200225,0.060915825200225,0.060915825200225,0.060915825200225,0.060915825200225,0.060915825200225,0.060915825200225,0.0692108088070731,0.060915825200225,0.060915825200225,0.060915825200225,0.060915825200225,0.060915825200225,0.060915825200225,0.060915825200225,0.060915825200225,0.060915825200225,0.060915825200225,0.060915825200225,0.060915825200225,0.060915825200225,0.060915825200225,0.0692108088070731,0.0692108088070731,0.060915825200225,0.060915825200225,0.0692108088070731,0.060915825200225,0.060915825200225,0.0692108088070731,0.060915825200225,0.060915825200225,0.060915825200225,0.0692108088070731,0.0692108088070731,0.0692108088070731,0.060915825200225,0.0692108088070731,0.060915825200225,0.060915825200225,0.060915825200225,0.060915825200225,0.060915825200225,0.060915825200225,0.060915825200225,0.060915825200225,0.060915825200225,0.060915825200225,0.060915825200225,0.060915825200225,0.060915825200225,0.060915825200225,0.0692108088070731,0.060915825200225,0.060915825200225,0.060915825200225,0.060915825200225,0.060915825200225,0.060915825200225,0.060915825200225,0.060915825200225,0.060915825200225,0.0692108088070731,0.060915825200225,0.060915825200225,0.0692108088070731,0.060915825200225,0.060915825200225,0.0609171627409114,0.0609171627409114,1
