"","comcol","reg","global","contig beta","contig rho"
"param",0.038237623939234,0.0440820110106775,0.0601161548395438,0.354344341632135,0.921717154699905
