"","comcol","reg","global","contig beta","contig rho"
"param",0.0968459069394908,0.0904547416823751,0.0400719562507347,0.685629963446026,0.984112205721869
