"","comcol","reg","global","contig beta","comcol and reg","comcol and config","reg and config","contig rho"
"param",0.0465742498374217,0.0987449040292314,0.073155599313626,0.394909488708338,1.02366888694069e-05,2.04573494222727e-06,2.65347804602023e-05,0.726297764130736
