"","comcol","reg","global","contig beta","contig rho"
"param",0.0256372688074743,0.0714280672471397,0.127158639232706,0.770497213228892,0.358789851274628
