"","comcol","reg","global","contig beta","contig rho"
"param",0.0227101432908176,0.0625525073458292,0.199330705984728,0.714384955572155,0.345412987538047
