"","comcol","reg","global","contig beta","contig rho"
"param",0.096845906939483,0.0904547416823797,0.0400719562507207,0.685629963446033,0.984112205721871
