"","comcol","reg","global","contig beta","contig rho"
"param",0.0227101241005147,0.0625527268496594,0.199330579015849,0.714385378552338,0.345511768532499
