"","comcol","reg","global","contig beta","contig rho"
"param",0.02563728415822,0.0714281924888916,0.127158791503841,0.77049994460003,0.358687235360424
