"","V1","V2","V3","V4","V5","V6","V7","V8","V9","V10","V11","V12","V13","V14","V15","V16","V17","V18","V19","V20","V21","V22","V23","V24","V25","V26","V27","V28","V29","V30","V31","V32","V33","V34","V35","V36","V37","V38","V39","V40","V41","V42","V43","V44","V45","V46","V47","V48","V49","V50","V51","V52","V53","V54","V55","V56","V57","V58","V59","V60","V61","V62","V63","V64","V65","V66","V67","V68","V69","V70","V71","V72","V73","V74","V75","V76","V77","V78","V79","V80","V81","V82","V83","V84","V85","V86","V87","V88","V89","V90","V91","V92","V93","V94","V95","V96","V97","V98","V99","V100","V101","V102","V103","V104","V105","V106","V107","V108","V109","V110","V111","V112","V113","V114","V115","V116","V117","V118","V119","V120","V121","V122","V123","V124","V125","V126","V127","V128","V129","V130","V131","V132","V133","V134","V135","V136","V137","V138","V139","V140","V141","V142","V143","V144","V145","V146","V147","V148","V149","V150","V151","V152","V153","V154","V155","V156","V157","V158","V159","V160","V161","V162","V163","V164","V165","V166","V167","V168","V169","V170","V171","V172","V173","V174","V175","V176","V177","V178","V179","V180","V181","V182","V183","V184","V185","V186","V187","V188","V189","V190","V191","V192","V193","V194","V195"
"1",1,0.104198165850106,0.136704333501816,0.139232532850011,0.148573929737138,0.175334791400293,0.104198165850106,0.175682709752177,0.104198165850106,0.104198165850106,0.176798770714604,0.104198165850106,0.307443231119556,0.142422694887158,0.209810243597496,0.258690203187705,0.191601302793764,0.15775311345402,0.126214443240462,0.0978443650859214,0.117730841432121,0.0960971038303526,0.11294629894642,0.249045877252033,0.0833376869012922,0.0903241540703456,0.0601161548394275,0.0730422897416534,0.0813238706302166,0.0862007223108887,0.0665705199715015,0.129185920576918,0.0716509178814739,0.067143337190718,0.111551756599153,0.0860920481388833,0.115054996977543,0.112250033333728,0.10008032172814,0.0721212693472362,0.0698387533970626,0.0601161548394275,0.0666609963648477,0.0629908925232895,0.066317493062667,0.065643625326781,0.0638409301042964,0.0642187298752184,0.0696787244645527,0.0675563529607163,0.078784136574069,0.0815611285112576,0.0656948335771246,0.0634669840224889,0.0674475222173545,0.0604061532050422,0.0602137042387167,0.0602137042387168,0.0602632651140511,0.0601161548394275,0.060267947297724,0.0601984207868224,0.0605240955856966,0.060219344429234,0.0602428374547763,0.0603081781745507,0.0611987337808906,0.0603761769385253,0.0603233721590057,0.0601161548394275,0.0602428374547763,0.0604884329008633,0.0601161548394275,0.0603453451001202,0.060506049130103,0.0603883682461513,0.0601389912715211,0.0601992036497112,0.0601371425289304,0.0602339761395238,0.060152784818072,0.0602521778931591,0.0601161548394275,0.0601389912715212,0.0602003950944186,0.0601308905951892,0.0602218369557863,0.0609292862009716,0.0609079808302018,0.0601161548394275,0.0601161548394275,0.0608271942420238,0.063034702567581,0.0688677856438786,0.0656683433174449,0.061766238386452,0.0644962725931921,0.0693383066258231,0.0615283739699293,0.0614211953876139,0.0624769513799594,0.0647437261048182,0.0618163916706422,0.0615283739699293,0.061421195387614,0.0602830930582935,0.0606192929108641,0.0602069157533602,0.0603136352740716,0.0602759383677093,0.0602411907411515,0.0603600577926698,0.0604819472365935,0.0602401554157127,0.0603075525371279,0.0601161548394275,0.060149447091374,0.0602520878919337,0.0602488727940102,0.0601161548394275,0.0601161548394277,0.0602751405839568,0.060271015368181,0.0602488727940102,0.0602165051820835,0.0601161548394276,0.060410973517466,0.0602862081693367,0.0602967600593078,0.0606467196896998,0.0601862111660053,0.0601161548394275,0.0604039870434244,0.0601335631784895,0.0604039870434244,0.060226381506975,0.0601412410822058,0.060451214025462,0.0602220197711997,0.0601625060710561,0.0601715676960393,0.0601952461205108,0.0601599290015384,0.0601547288147803,0.060178178320069,0.0601161548394275,0.0601161548394275,0.0601161548394275,0.0601161548394275,0.0601161548394276,0.0601161548394275,0.0601161548394275,0.0601161548394276,0.0601161548394275,0.0601161548394275,0.0601161548394275,0.0601161548394275,0.0601161548394275,0.0601161548394275,0.0601161548394275,0.0601161548394275,0.0601161548394276,0.0601161548394275,0.0601161548394277,0.0601161548394276,0.0601161548394277,0.0601161548394276,0.0601161548394275,0.0601161548394273,0.0601161548394269,0.060116154839427,0.0601161548394269,0.060116154839427,0.060116154839427,0.0601161548394272,0.0601161548394271,0.0601161548394271,0.060116154839427,0.060116154839427,0.0601161548394271,0.0601161548394271,0.060116154839427,0.0601161548394274,0.0601161548394275,0.0601161548394275,0.0601161548394275,0.0601161548394275,0.0601161548394275,0.0601308905951892,0.0601161548394275,0.0601161548394275,0.0601161548394275,0.0601161548394275,0.0601161548394275,0.0601161548394275
"2",0.104198165850106,1,0.142435789789353,0.104198165850106,0.104198165850106,0.104198165850106,0.142435789789353,0.104198165850106,0.104198165850106,0.142435789789353,0.104198165850106,0.142435789789353,0.104198165850106,0.104198165850106,0.104198165850106,0.104198165850106,0.104198165850106,0.104198165850106,0.0601161548394275,0.0983537787786748,0.0983537787786748,0.0983537787786748,0.0983537787786748,0.0601161548394275,0.0601161548394275,0.0983537787786748,0.0601161548394275,0.0983537787786748,0.0601161548394275,0.0601161548394275,0.0983537787786748,0.0601161548394275,0.0983537787786748,0.0601161548394275,0.0601161548394275,0.0601161548394275,0.0601161548394275,0.0601161548394275,0.0601161548394275,0.0983537787786748,0.0983537787786748,0.0601161548394275,0.0983537787786748,0.0601161548394275,0.0601161548394275,0.0983537787786748,0.0601161548394275,0.0601161548394275,0.0983537787786748,0.0983537787786748,0.0983537787786748,0.0601161548394275,0.0983537787786748,0.0601161548394275,0.0983537787786748,0.0601161548394275,0.0601161548394275,0.0601161548394275,0.0601161548394275,0.0601161548394275,0.0601161548394275,0.0601161548394275,0.0601161548394275,0.0601161548394275,0.0601161548394275,0.0601161548394275,0.0601161548394275,0.0601161548394275,0.0601161548394275,0.0601161548394275,0.0601161548394275,0.0601161548394275,0.0601161548394275,0.0601161548394275,0.0601161548394275,0.0601161548394275,0.0601161548394275,0.0983537787786748,0.0601161548394275,0.0983537787786748,0.0601161548394275,0.0601161548394275,0.0601161548394275,0.0601161548394275,0.0601161548394275,0.0601161548394275,0.0983537787786748,0.0601161548394275,0.0601161548394275,0.0601161548394275,0.0601161548394275,0.0601161548394275,0.0601161548394275,0.0601161548394275,0.0601161548394275,0.0601161548394275,0.0601161548394275,0.0601161548394275,0.0601161548394275,0.0601161548394275,0.0601161548394275,0.0983537787786748,0.0601161548394275,0.0601161548394275,0.0601161548394275,0.0601161548394275,0.0601161548394275,0.0601161548394275,0.0601161548394275,0.0601161548394275,0.0601161548394275,0.0601161548394275,0.0601161548394275,0.0601161548394275,0.0601161548394275,0.0601161548394275,0.0601161548394275,0.0601161548394275,0.0601161548394275,0.0601161548394275,0.0601161548394275,0.0601161548394275,0.0601161548394275,0.0601161548394275,0.0601161548394275,0.0601161548394275,0.0601161548394275,0.0601161548394275,0.0601161548394275,0.0601161548394275,0.0601161548394275,0.0601161548394275,0.0601161548394275,0.0601161548394275,0.0601161548394275,0.0601161548394275,0.0601161548394275,0.0601161548394275,0.0601161548394275,0.0601161548394275,0.0601161548394275,0.0601161548394275,0.0601161548394275,0.0601161548394275,0.0601161548394275,0.0601161548394275,0.0601161548394275,0.0601161548394275,0.0601161548394275,0.0601161548394275,0.0601161548394275,0.0983537787786748,0.0601161548394275,0.0601161548394275,0.0983537787786748,0.0601161548394275,0.0601161548394275,0.0601161548394275,0.0601161548394275,0.0601161548394275,0.0601161548394275,0.0601161548394275,0.0601161548394275,0.0601161548394275,0.0601161548394275,0.0601161548394275,0.0601161548394275,0.0601161548394275,0.0601161548394275,0.0601161548394275,0.0601161548394275,0.0601161548394275,0.0601161548394275,0.0601161548394275,0.0601161548394275,0.0983537787786748,0.0601161548394275,0.0601161548394275,0.0601161548394275,0.0601161548394275,0.0601161548394275,0.0601161548394275,0.0601161548394275,0.0601161548394275,0.0601161548394275,0.0601161548394275,0.0601161548394275,0.0983537787786748,0.0601161548394275,0.0601161548394275,0.0601161548394275,0.0601161548394275,0.0983537787786748,0.0601161548394275,0.0601161548394275
"3",0.136704333501816,0.142435789789353,1,0.292181561193833,0.302858535576037,0.225981802628863,0.142435789789353,0.128466880295197,0.104198165850106,0.142435789789353,0.12884647637225,0.142435789789353,0.143463895201848,0.295695819682008,0.167729481174965,0.156642203295323,0.13387554026379,0.122381707225956,0.0825633532526353,0.125210016612393,0.139768315726359,0.136672022466554,0.125937669368904,0.111300888940909,0.0754709639431849,0.116908723747831,0.0601161548394275,0.114651675439139,0.0922404372988663,0.0956454972543192,0.106457259396036,0.16937517688696,0.113666563957591,0.0688900698433701,0.0775806907814583,0.0689357445034414,0.078771101956308,0.0778171597909252,0.0736846363429196,0.110827768471323,0.109076391419239,0.0601161548394275,0.105771334587891,0.0635194119837095,0.0669421041111965,0.10476921575254,0.0644840672306337,0.0648277811060445,0.109534897902103,0.107450494274688,0.119353858127908,0.0802100777968872,0.104958095539923,0.0639854392810734,0.106233307605799,0.0605554284274797,0.0602639173088723,0.0602639173088723,0.060338989399327,0.0601161548394275,0.0603460817138559,0.0602407667758093,0.060734081064446,0.0602724607595245,0.0603080467036116,0.0604070212352796,0.0617559859293611,0.0605100220262344,0.0604300362479816,0.0601161548394275,0.0603080467036115,0.0606800611892204,0.0601161548394275,0.0604633196517103,0.0607067452852134,0.0605284887490814,0.0601507462118416,0.0984795765527402,0.0601479458381586,0.0985322480094676,0.0601716399181653,0.0603221950863925,0.0601161548394275,0.0601507462118416,0.0602437573484631,0.0601384757524876,0.0985138602410224,0.0613478415421615,0.0613155693373064,0.0601161548394275,0.0601161548394275,0.0611931982529724,0.0645370105560666,0.0733726442565962,0.068526304838389,0.0626156107199767,0.0667509165136979,0.0740853635836648,0.0622553067731111,0.0620929585463681,0.0636921597069705,0.105363369434127,0.0626915801588112,0.0622553067731111,0.0620929585463682,0.0603690236796661,0.0608782807412636,0.0602536344842989,0.0604152873497511,0.0603581861475384,0.0603055523523031,0.0604856056298827,0.060670237061389,0.0603039840982225,0.060406073554091,0.0601161548394275,0.0601665841131779,0.0603220587574809,0.0603171887038252,0.0601161548394275,0.0601161548394274,0.0603569777085506,0.0603507290583849,0.0603171887038252,0.060268160023965,0.0601161548394274,0.0605627299718495,0.0603737422786913,0.0603897257017652,0.0609198253186693,0.0602222723131457,0.0601161548394275,0.0605521472448968,0.0601425240348041,0.0605521472448968,0.0602831201381798,0.0601541541014322,0.0606236840820389,0.060276513220516,0.0601863651379744,0.0602000911895387,0.0602359579657355,0.0601824615346858,0.0601745845775487,0.0602101045995475,0.0601161548394275,0.0601161548394275,0.0601161548394275,0.0601161548394275,0.0601161548394274,0.0601161548394275,0.0983537787786748,0.0601161548394274,0.0601161548394275,0.0983537787786748,0.0601161548394275,0.0601161548394275,0.0601161548394275,0.0601161548394275,0.0601161548394275,0.0601161548394275,0.0601161548394272,0.0601161548394278,0.0601161548394273,0.0601161548394272,0.0601161548394273,0.0601161548394271,0.0601161548394276,0.0601161548394281,0.0601161548394287,0.0601161548394288,0.060116154839429,0.0601161548394286,0.0601161548394286,0.0601161548394284,0.0983537787786757,0.0601161548394286,0.0601161548394286,0.0601161548394287,0.0601161548394286,0.0601161548394285,0.0601161548394286,0.0601161548394272,0.0601161548394271,0.0601161548394275,0.0601161548394275,0.0601161548394275,0.0983537787786748,0.0601384757524876,0.0601161548394275,0.0601161548394275,0.0601161548394275,0.0983537787786748,0.0601161548394275,0.0601161548394275
"4",0.139232532850011,0.104198165850106,0.292181561193833,1,0.289698428558591,0.252635250781358,0.104198165850106,0.167754519596925,0.142435789789353,0.104198165850106,0.130050375240835,0.104198165850106,0.146402878235597,0.275121786177141,0.210216904382365,0.196087944434365,0.174256327711293,0.161770963711784,0.0849322402363431,0.0933246855716059,0.111361570378532,0.108606593918729,0.0933498183875551,0.118513361568178,0.0790002835869401,0.0828026145861812,0.0601161548394275,0.0808882898018203,0.101324759678558,0.105529417818495,0.07044257288826,0.238699928401022,0.0796706341947897,0.0712945085034569,0.117038097652218,0.107728018017945,0.0802541673031927,0.078930347053822,0.11266846134568,0.0758834271348105,0.0737067493383564,0.0601161548394275,0.0695289273201193,0.10268042162596,0.107004722737516,0.0682655245095906,0.0656670010621834,0.0660985395354749,0.0743236598200874,0.0716961742865779,0.0867563416018348,0.123621891804075,0.0685123819432975,0.103267772356346,0.0700916268346734,0.0606796491907542,0.0985433265209814,0.0603057025817341,0.060402004066877,0.0601161548394275,0.0604111019941906,0.0602760053839829,0.0609088224315731,0.0985542859465292,0.060362311185892,0.0987268983458679,0.0622197084821685,0.060621402459533,0.0605187977606443,0.0983537787786748,0.060362311185892,0.0990771503890519,0.0983537787786748,0.0605614932709234,0.0608737564553667,0.0606450913274614,0.0983981521338918,0.0602775265608865,0.0601569359123067,0.0603450928092321,0.0984249543041382,0.0986180844835217,0.0601161548394275,0.0983981521338918,0.0602798416510467,0.0601447878116073,0.0603215052229665,0.0616961462581513,0.0616547479004187,0.0983537787786748,0.0983537787786748,0.0614977718912449,0.0657871701067045,0.115359028145286,0.109142208010755,0.101560047738128,0.0686271394001577,0.116273295075527,0.0628602306592479,0.100889596439558,0.0647034066068546,0.0691079650617823,0.0634198763906614,0.101097854598495,0.100889596439558,0.0604405316446271,0.0610937998705992,0.0602925119103155,0.060499878068982,0.0604266294016915,0.0603591114650099,0.0605900814290904,0.0608269241885027,0.0603570997294084,0.0604880587337205,0.0983537787786748,0.0601808448450932,0.0603802856633489,0.0603740384229038,0.0601161548394275,0.0601161548394277,0.0604250792321342,0.0604170635463121,0.0603740384229039,0.0603111450805641,0.0601161548394277,0.0606890155153412,0.0604465846010741,0.0604670879248839,0.0611470927052543,0.0602522809317844,0.0983537787786748,0.0606754401331154,0.0601499808946419,0.0606754401331154,0.060330335717298,0.0601648997903567,0.0607672066420469,0.0603218604506659,0.0602062196821864,0.0602238272796674,0.0602698367059952,0.0602012121914955,0.0601911077350176,0.0602366723496443,0.0601161548394275,0.0983537787786748,0.0983537787786748,0.0601161548394275,0.0601161548394273,0.0983537787786748,0.0601161548394275,0.0601161548394272,0.0983537787786748,0.0601161548394275,0.0601161548394275,0.0601161548394275,0.0983537787786748,0.0983537787786748,0.0983537787786748,0.0601161548394275,0.0983537787786746,0.0601161548394277,0.0601161548394274,0.0601161548394274,0.0601161548394275,0.0601161548394273,0.0601161548394276,0.060116154839428,0.0601161548394286,0.0601161548394286,0.0601161548394288,0.0601161548394284,0.0601161548394284,0.0601161548394282,0.0601161548394283,0.0983537787786757,0.0601161548394284,0.0601161548394285,0.0601161548394284,0.0601161548394283,0.0601161548394284,0.0601161548394273,0.0601161548394273,0.0601161548394275,0.0601161548394275,0.0983537787786748,0.0601161548394275,0.0601447878116073,0.0983537787786748,0.0601161548394275,0.0601161548394275,0.0601161548394275,0.0601161548394275,0.0983537787786748
"5",0.148573929737138,0.104198165850106,0.302858535576037,0.289698428558591,1,0.270450981897278,0.104198165850106,0.13732857831817,0.104198165850106,0.104198165850106,0.137846783542121,0.104198165850106,0.157801738969971,0.296475258706181,0.190927880607491,0.17579209374364,0.144712205335761,0.129021410083954,0.0907599264271088,0.0967789224031818,0.116653170607404,0.112426268805435,0.0977722768724207,0.12999094596967,0.0810777578994836,0.0854464203358221,0.0601161548394275,0.0823652129815352,0.103970588519044,0.10861900288223,0.0711786137054526,0.209271004985361,0.0810203889784115,0.0720938565713435,0.0839578494883928,0.0721562092901463,0.085582938172781,0.0842806649320075,0.078639154473094,0.0771450100173491,0.0747541192986039,0.0601161548394275,0.0702422241052806,0.0647621080966567,0.0694345930027444,0.0688741825292706,0.0660790062905179,0.0665482269609873,0.0753800489880784,0.0725345273564154,0.088784393211769,0.0875473546744389,0.0691320315915703,0.0653983048189005,0.0708728861317779,0.0607158287608223,0.0603178726342074,0.0603178726342074,0.0604203572271688,0.0601161548394275,0.0604300392936099,0.0602862687059906,0.0609597162384468,0.0603295357177485,0.0603781158355103,0.0605132308233855,0.062354768693918,0.0606538422553009,0.0605446497461102,0.0601161548394275,0.0603781158355103,0.0608859710571044,0.0601161548394275,0.0605900865530893,0.0609223988253979,0.0606790520844511,0.060163377218615,0.0602878875511782,0.0601595542911424,0.0603597919402886,0.0601919002419527,0.060397430486822,0.0601161548394275,0.060163377218615,0.0602903512834081,0.0601466262126856,0.060334689895665,0.0617975907714926,0.0617535344016952,0.0601161548394275,0.0601161548394275,0.0615864796321761,0.0661512818209342,0.0782132387728601,0.0715972631203914,0.0635282846601346,0.0691735934356586,0.0791862068850842,0.0630364160693801,0.062814786541882,0.0649979344869467,0.0696852908632102,0.0636319942673843,0.0630364160693801,0.0628147865418821,0.0604613584964396,0.0611565702902561,0.0603038350460101,0.0605245153017028,0.0604465636497516,0.0603747106741912,0.0606205102350181,0.0608725596583288,0.0603725697736229,0.0605119370973111,0.0601161548394275,0.0601849983145772,0.0603972443775378,0.0603905960284163,0.0601161548394275,0.0601161548394279,0.0604449139504156,0.0604363836115785,0.0603905960284164,0.0603236645726853,0.0601161548394279,0.0607257964571816,0.0604678000874156,0.0604896198422397,0.061213284830632,0.0602610210078561,0.0601161548394275,0.0607113494575362,0.0601521527214436,0.0607113494575362,0.0603440873583925,0.0601680294958516,0.0608090079027968,0.0603350679310207,0.060212002361785,0.0602307404680374,0.060279703963487,0.0602066733614642,0.0601959201409121,0.0602444102651976,0.0601161548394275,0.0601161548394275,0.0601161548394275,0.0601161548394275,0.0601161548394272,0.0601161548394275,0.0601161548394275,0.0601161548394271,0.0601161548394275,0.0601161548394275,0.0601161548394275,0.0601161548394275,0.0601161548394275,0.0601161548394275,0.0601161548394275,0.0601161548394275,0.0601161548394274,0.0601161548394278,0.0601161548394274,0.0601161548394274,0.0601161548394275,0.0601161548394273,0.0601161548394277,0.0601161548394281,0.0601161548394287,0.0601161548394287,0.060116154839429,0.0601161548394285,0.0601161548394286,0.0601161548394284,0.0601161548394284,0.0601161548394286,0.0601161548394286,0.0601161548394287,0.0601161548394286,0.0601161548394284,0.0601161548394285,0.0601161548394273,0.0601161548394273,0.0601161548394275,0.0601161548394275,0.0601161548394275,0.0601161548394275,0.0601466262126856,0.0601161548394275,0.0601161548394275,0.0601161548394275,0.0601161548394275,0.0601161548394275,0.0601161548394275
"6",0.175334791400293,0.104198165850106,0.225981802628863,0.252635250781358,0.270450981897278,1,0.104198165850106,0.199039099838136,0.142435789789353,0.104198165850106,0.161113433062044,0.104198165850106,0.190606933750833,0.306113190465103,0.284352108153631,0.269179585304488,0.208070248577854,0.183324169838712,0.106640784280705,0.101103700657674,0.123175844407655,0.113971604488669,0.105862647397515,0.158649108291146,0.083978167840393,0.0895076051519904,0.0601161548394275,0.0824063828269415,0.102945117308521,0.108166053250838,0.0712061731632496,0.243227798549609,0.0809009872368942,0.0721337556453311,0.137151134724895,0.118202316555233,0.100806570058017,0.0999523693173441,0.129336473470597,0.0777237379283758,0.0750969021878666,0.0601161548394275,0.0704324647795994,0.1030538203866,0.107893537796537,0.0690042171771083,0.0661575450347603,0.0666548925628907,0.0755882916492994,0.0726159238837384,0.0893589230639438,0.127263039887914,0.0692369947447922,0.103718785373806,0.0711731595704999,0.0607018062711785,0.0985507797005219,0.0603131557612747,0.060413243903278,0.0601161548394275,0.0604226995688844,0.0602822908442775,0.060939990800072,0.0985621700600669,0.0603719902642229,0.0987415697267588,0.0623024220127127,0.0606412692286084,0.060534630025097,0.0983537787786748,0.0603719902642229,0.0991055939802082,0.0983537787786748,0.0605790043594012,0.0609035459996537,0.0606658895631089,0.0983998969322162,0.0602838718351595,0.0601585394590134,0.0603540948462482,0.0984277529867477,0.0986284772101658,0.0601161548394275,0.0983998969322163,0.0602862779566472,0.0601459136845919,0.0603295797758922,0.0617582728737113,0.0617152466971023,0.0983537787786748,0.0983537787786748,0.0615520982568265,0.0660101592832084,0.11602768911229,0.109566418286491,0.1016861209792,0.0689617986011984,0.116977905801132,0.0629681300702857,0.100989306961451,0.0648837812744977,0.069461530739578,0.0635497815510934,0.101205754009533,0.100989306961451,0.0604532864183775,0.0611322417104001,0.0602994464213607,0.0605149663949573,0.0604388375273449,0.0603686647275761,0.0606087166284279,0.060854872247953,0.0603665738888081,0.0605026823133123,0.0983537787786748,0.0601833885115112,0.0603906715135255,0.0603841786262364,0.0601161548394275,0.0601161548394281,0.0604372264037931,0.0604288955343405,0.0603841786262364,0.0603188122638191,0.0601161548394281,0.0607115408876691,0.060459577382255,0.0604808869143144,0.0611876300649495,0.0602576335263032,0.0983537787786748,0.0606974317097893,0.0601513109640988,0.0606974317097893,0.0603387574928229,0.0601668164835685,0.0607928065564333,0.0603299489714493,0.0602097611089281,0.0602280610522196,0.0602758796085894,0.0602045567194152,0.0601940549470559,0.0602414112013474,0.0601161548394275,0.0983537787786748,0.0983537787786748,0.0601161548394275,0.0601161548394271,0.0983537787786748,0.0601161548394275,0.0601161548394271,0.0983537787786748,0.0601161548394275,0.0601161548394275,0.0601161548394275,0.0983537787786748,0.0983537787786748,0.0983537787786748,0.0601161548394275,0.0983537787786748,0.0601161548394276,0.0601161548394275,0.0601161548394275,0.0601161548394276,0.0601161548394275,0.0601161548394276,0.0601161548394277,0.060116154839428,0.0601161548394281,0.0601161548394281,0.060116154839428,0.060116154839428,0.0601161548394279,0.0601161548394279,0.0983537787786752,0.060116154839428,0.0601161548394281,0.060116154839428,0.0601161548394279,0.060116154839428,0.0601161548394274,0.0601161548394275,0.0601161548394275,0.0601161548394275,0.0983537787786748,0.0601161548394275,0.0601459136845919,0.0983537787786748,0.0601161548394275,0.0601161548394275,0.0601161548394275,0.0601161548394275,0.0983537787786748
"7",0.104198165850106,0.142435789789353,0.142435789789353,0.104198165850106,0.104198165850106,0.104198165850106,1,0.104198165850106,0.104198165850106,0.142435789789353,0.104198165850106,0.142435789789353,0.104198165850106,0.104198165850106,0.104198165850106,0.104198165850106,0.104198165850106,0.104198165850106,0.0601161548394275,0.0983537787786748,0.0983537787786748,0.0983537787786748,0.0983537787786748,0.0601161548394275,0.0601161548394275,0.0983537787786748,0.0601161548394275,0.0983537787786748,0.0601161548394275,0.0601161548394275,0.0983537787786748,0.0601161548394275,0.0983537787786748,0.0601161548394275,0.0601161548394275,0.0601161548394275,0.0601161548394275,0.0601161548394275,0.0601161548394275,0.0983537787786748,0.0983537787786748,0.0601161548394275,0.0983537787786748,0.0601161548394275,0.0601161548394275,0.0983537787786748,0.0601161548394275,0.0601161548394275,0.0983537787786748,0.0983537787786748,0.0983537787786748,0.0601161548394275,0.0983537787786748,0.0601161548394275,0.0983537787786748,0.0601161548394275,0.0601161548394275,0.0601161548394275,0.0601161548394275,0.0601161548394275,0.0601161548394275,0.0601161548394275,0.0601161548394275,0.0601161548394275,0.0601161548394275,0.0601161548394275,0.0601161548394275,0.0601161548394275,0.0601161548394275,0.0601161548394275,0.0601161548394275,0.0601161548394275,0.0601161548394275,0.0601161548394275,0.0601161548394275,0.0601161548394275,0.0601161548394275,0.0983537787786748,0.0601161548394275,0.0983537787786748,0.0601161548394275,0.0601161548394275,0.0601161548394275,0.0601161548394275,0.0601161548394275,0.0601161548394275,0.0983537787786748,0.0601161548394275,0.0601161548394275,0.0601161548394275,0.0601161548394275,0.0601161548394275,0.0601161548394275,0.0601161548394275,0.0601161548394275,0.0601161548394275,0.0601161548394275,0.0601161548394275,0.0601161548394275,0.0601161548394275,0.0601161548394275,0.0983537787786748,0.0601161548394275,0.0601161548394275,0.0601161548394275,0.0601161548394275,0.0601161548394275,0.0601161548394275,0.0601161548394275,0.0601161548394275,0.0601161548394275,0.0601161548394275,0.0601161548394275,0.0601161548394275,0.0601161548394275,0.0601161548394275,0.0601161548394275,0.0601161548394275,0.0601161548394275,0.0601161548394275,0.0601161548394275,0.0601161548394275,0.0601161548394275,0.0601161548394275,0.0601161548394275,0.0601161548394275,0.0601161548394275,0.0601161548394275,0.0601161548394275,0.0601161548394275,0.0601161548394275,0.0601161548394275,0.0601161548394275,0.0601161548394275,0.0601161548394275,0.0601161548394275,0.0601161548394275,0.0601161548394275,0.0601161548394275,0.0601161548394275,0.0601161548394275,0.0601161548394275,0.0601161548394275,0.0601161548394275,0.0601161548394275,0.0601161548394275,0.0601161548394275,0.0601161548394275,0.0601161548394275,0.0601161548394275,0.0601161548394275,0.0983537787786748,0.0601161548394275,0.0601161548394275,0.0983537787786748,0.0601161548394275,0.0601161548394275,0.0601161548394275,0.0601161548394275,0.0601161548394275,0.0601161548394275,0.0601161548394275,0.0601161548394275,0.0601161548394275,0.0601161548394275,0.0601161548394275,0.0601161548394275,0.0601161548394275,0.0601161548394275,0.0601161548394275,0.0601161548394275,0.0601161548394275,0.0601161548394275,0.0601161548394275,0.0601161548394275,0.0983537787786748,0.0601161548394275,0.0601161548394275,0.0601161548394275,0.0601161548394275,0.0601161548394275,0.0601161548394275,0.0601161548394275,0.0601161548394275,0.0601161548394275,0.0601161548394275,0.0601161548394275,0.0983537787786748,0.0601161548394275,0.0601161548394275,0.0601161548394275,0.0601161548394275,0.0983537787786748,0.0601161548394275,0.0601161548394275
"8",0.175682709752177,0.104198165850106,0.128466880295197,0.167754519596925,0.13732857831817,0.199039099838136,0.104198165850106,1,0.142435789789353,0.104198165850106,0.266658690867161,0.104198165850106,0.179158245103603,0.171787965046304,0.213640331865914,0.291665495482379,0.301919919257663,0.248563612350652,0.141798224420174,0.083936938640054,0.0965157854039075,0.0835584122889317,0.0929003602300941,0.152061291641708,0.0747107138187335,0.0790206946784145,0.0601161548394275,0.0686821866136139,0.0744774166412734,0.077552766391915,0.0643914363780027,0.145390263839672,0.067804007351372,0.0647680827078739,0.194364378952985,0.150033701844764,0.15328944832829,0.163838278989776,0.183438266646146,0.0679199745686868,0.0664716222123062,0.0601161548394275,0.0644057671885883,0.100246216752353,0.102406714724012,0.0637475701487215,0.0625657959017549,0.0628085957364927,0.0664032306405537,0.0650304946836054,0.0723425379404814,0.112169071785095,0.0637885954747704,0.100554061364729,0.0648967789852048,0.0603125334825484,0.0984198364567209,0.0601822125174736,0.0602157737323082,0.0601161548394275,0.0602189443738895,0.060171862998645,0.0603924007074219,0.0984236558332828,0.0602019407025872,0.0984838115184078,0.0608492465006363,0.0602922344076489,0.060256476513185,0.0983537787786748,0.0602019407025872,0.0986058748910566,0.0983537787786748,0.0602713559638063,0.060380180161092,0.0603004900143465,0.0983692429608216,0.0601723931311212,0.0601303671056858,0.0601959400719906,0.0983785835581373,0.0984458897209838,0.0601161548394275,0.0983692429608216,0.0601731999435819,0.0601261334740157,0.0601877197621076,0.0606667842649452,0.0606523568739697,0.0983537787786748,0.0983537787786748,0.0605976504947281,0.062092512332081,0.10428013418704,0.102113562863514,0.0994711684140087,0.0630822459736762,0.104598757610309,0.0610724694588226,0.0992375151112159,0.0617148190951127,0.0632498144520218,0.0612675068520199,0.0993100933980698,0.0992375151112159,0.0602292006520704,0.0604568656277865,0.060177615548314,0.0602498829717093,0.0602243556991484,0.0602008255949677,0.0602813189806443,0.0603638590444745,0.0602001245020343,0.0602457639152969,0.0983537787786748,0.060138699405325,0.0602082048354677,0.060206027662619,0.0601161548394275,0.0601161548394274,0.0602238154626869,0.0602210219839206,0.060206027662619,0.0601841092366383,0.0601161548394274,0.0603157976609907,0.0602313101166479,0.060238455556349,0.0604754382621582,0.0601635949907754,0.0983537787786748,0.0603110666195257,0.060127943271396,0.0603110666195257,0.0601907972028865,0.0601331425293665,0.0603430473882159,0.0601878435595052,0.0601475425748551,0.0601536788495023,0.0601697132049343,0.0601457974566918,0.0601422760381577,0.0601581553760313,0.0601161548394275,0.0983537787786748,0.0983537787786748,0.0601161548394275,0.0601161548394265,0.0983537787786748,0.0601161548394275,0.0601161548394266,0.0983537787786748,0.0601161548394275,0.0601161548394275,0.0601161548394275,0.0983537787786748,0.0983537787786748,0.0983537787786748,0.0601161548394275,0.0983537787786745,0.0601161548394272,0.0601161548394272,0.0601161548394271,0.0601161548394272,0.0601161548394271,0.0601161548394272,0.0601161548394272,0.0601161548394272,0.0601161548394272,0.0601161548394271,0.0601161548394273,0.0601161548394271,0.0601161548394272,0.0601161548394273,0.0983537787786745,0.0601161548394272,0.0601161548394272,0.0601161548394273,0.0601161548394272,0.0601161548394272,0.0601161548394271,0.0601161548394271,0.0601161548394275,0.0601161548394275,0.0983537787786748,0.0601161548394275,0.0601261334740158,0.0983537787786748,0.0601161548394275,0.0601161548394275,0.0601161548394275,0.0601161548394275,0.0983537787786748
"9",0.104198165850106,0.104198165850106,0.104198165850106,0.142435789789353,0.104198165850106,0.142435789789353,0.104198165850106,0.142435789789353,1,0.104198165850106,0.104198165850106,0.104198165850106,0.104198165850106,0.142435789789353,0.142435789789353,0.142435789789353,0.142435789789353,0.142435789789353,0.0601161548394275,0.0601161548394275,0.0601161548394275,0.0601161548394275,0.0601161548394275,0.0601161548394275,0.0601161548394275,0.0601161548394275,0.0601161548394275,0.0601161548394275,0.0601161548394275,0.0601161548394275,0.0601161548394275,0.0983537787786748,0.0601161548394275,0.0601161548394275,0.0983537787786748,0.0983537787786748,0.0601161548394275,0.0601161548394275,0.0983537787786748,0.0601161548394275,0.0601161548394275,0.0601161548394275,0.0601161548394275,0.0983537787786748,0.0983537787786748,0.0601161548394275,0.0601161548394275,0.0601161548394275,0.0601161548394275,0.0601161548394275,0.0601161548394275,0.0983537787786748,0.0601161548394275,0.0983537787786748,0.0601161548394275,0.0601161548394275,0.0983537787786748,0.0601161548394275,0.0601161548394275,0.0601161548394275,0.0601161548394275,0.0601161548394275,0.0601161548394275,0.0983537787786748,0.0601161548394275,0.0983537787786748,0.0601161548394275,0.0601161548394275,0.0601161548394275,0.0983537787786748,0.0601161548394275,0.0983537787786748,0.0983537787786748,0.0601161548394275,0.0601161548394275,0.0601161548394275,0.0983537787786748,0.0601161548394275,0.0601161548394275,0.0601161548394275,0.0983537787786748,0.0983537787786748,0.0601161548394275,0.0983537787786748,0.0601161548394275,0.0601161548394275,0.0601161548394275,0.0601161548394275,0.0601161548394275,0.0983537787786748,0.0983537787786748,0.0601161548394275,0.0601161548394275,0.0983537787786748,0.0983537787786748,0.0983537787786748,0.0601161548394275,0.0983537787786748,0.0601161548394275,0.0983537787786748,0.0601161548394275,0.0601161548394275,0.0601161548394275,0.0983537787786748,0.0983537787786748,0.0601161548394275,0.0601161548394275,0.0601161548394275,0.0601161548394275,0.0601161548394275,0.0601161548394275,0.0601161548394275,0.0601161548394275,0.0601161548394275,0.0601161548394275,0.0983537787786748,0.0601161548394275,0.0601161548394275,0.0601161548394275,0.0601161548394275,0.0601161548394275,0.0601161548394275,0.0601161548394275,0.0601161548394275,0.0601161548394275,0.0601161548394275,0.0601161548394275,0.0601161548394275,0.0601161548394275,0.0601161548394275,0.0601161548394275,0.0983537787786748,0.0601161548394275,0.0601161548394275,0.0601161548394275,0.0601161548394275,0.0601161548394275,0.0601161548394275,0.0601161548394275,0.0601161548394275,0.0601161548394275,0.0601161548394275,0.0601161548394275,0.0601161548394275,0.0601161548394275,0.0601161548394275,0.0983537787786748,0.0983537787786748,0.0601161548394275,0.0601161548394275,0.0983537787786748,0.0601161548394275,0.0601161548394275,0.0983537787786748,0.0601161548394275,0.0601161548394275,0.0601161548394275,0.0983537787786748,0.0983537787786748,0.0983537787786748,0.0601161548394275,0.0983537787786748,0.0601161548394275,0.0601161548394275,0.0601161548394275,0.0601161548394275,0.0601161548394275,0.0601161548394275,0.0601161548394275,0.0601161548394275,0.0601161548394275,0.0601161548394275,0.0601161548394275,0.0601161548394275,0.0601161548394275,0.0601161548394275,0.0983537787786748,0.0601161548394275,0.0601161548394275,0.0601161548394275,0.0601161548394275,0.0601161548394275,0.0601161548394275,0.0601161548394275,0.0601161548394275,0.0601161548394275,0.0983537787786748,0.0601161548394275,0.0601161548394275,0.0983537787786748,0.0601161548394275,0.0601161548394275,0.0601161548394275,0.0601161548394275,0.0983537787786748
"10",0.104198165850106,0.142435789789353,0.142435789789353,0.104198165850106,0.104198165850106,0.104198165850106,0.142435789789353,0.104198165850106,0.104198165850106,1,0.104198165850106,0.142435789789353,0.104198165850106,0.104198165850106,0.104198165850106,0.104198165850106,0.104198165850106,0.104198165850106,0.0601161548394275,0.0983537787786748,0.0983537787786748,0.0983537787786748,0.0983537787786748,0.0601161548394275,0.0601161548394275,0.0983537787786748,0.0601161548394275,0.0983537787786748,0.0601161548394275,0.0601161548394275,0.0983537787786748,0.0601161548394275,0.0983537787786748,0.0601161548394275,0.0601161548394275,0.0601161548394275,0.0601161548394275,0.0601161548394275,0.0601161548394275,0.0983537787786748,0.0983537787786748,0.0601161548394275,0.0983537787786748,0.0601161548394275,0.0601161548394275,0.0983537787786748,0.0601161548394275,0.0601161548394275,0.0983537787786748,0.0983537787786748,0.0983537787786748,0.0601161548394275,0.0983537787786748,0.0601161548394275,0.0983537787786748,0.0601161548394275,0.0601161548394275,0.0601161548394275,0.0601161548394275,0.0601161548394275,0.0601161548394275,0.0601161548394275,0.0601161548394275,0.0601161548394275,0.0601161548394275,0.0601161548394275,0.0601161548394275,0.0601161548394275,0.0601161548394275,0.0601161548394275,0.0601161548394275,0.0601161548394275,0.0601161548394275,0.0601161548394275,0.0601161548394275,0.0601161548394275,0.0601161548394275,0.0983537787786748,0.0601161548394275,0.0983537787786748,0.0601161548394275,0.0601161548394275,0.0601161548394275,0.0601161548394275,0.0601161548394275,0.0601161548394275,0.0983537787786748,0.0601161548394275,0.0601161548394275,0.0601161548394275,0.0601161548394275,0.0601161548394275,0.0601161548394275,0.0601161548394275,0.0601161548394275,0.0601161548394275,0.0601161548394275,0.0601161548394275,0.0601161548394275,0.0601161548394275,0.0601161548394275,0.0983537787786748,0.0601161548394275,0.0601161548394275,0.0601161548394275,0.0601161548394275,0.0601161548394275,0.0601161548394275,0.0601161548394275,0.0601161548394275,0.0601161548394275,0.0601161548394275,0.0601161548394275,0.0601161548394275,0.0601161548394275,0.0601161548394275,0.0601161548394275,0.0601161548394275,0.0601161548394275,0.0601161548394275,0.0601161548394275,0.0601161548394275,0.0601161548394275,0.0601161548394275,0.0601161548394275,0.0601161548394275,0.0601161548394275,0.0601161548394275,0.0601161548394275,0.0601161548394275,0.0601161548394275,0.0601161548394275,0.0601161548394275,0.0601161548394275,0.0601161548394275,0.0601161548394275,0.0601161548394275,0.0601161548394275,0.0601161548394275,0.0601161548394275,0.0601161548394275,0.0601161548394275,0.0601161548394275,0.0601161548394275,0.0601161548394275,0.0601161548394275,0.0601161548394275,0.0601161548394275,0.0601161548394275,0.0601161548394275,0.0601161548394275,0.0983537787786748,0.0601161548394275,0.0601161548394275,0.0983537787786748,0.0601161548394275,0.0601161548394275,0.0601161548394275,0.0601161548394275,0.0601161548394275,0.0601161548394275,0.0601161548394275,0.0601161548394275,0.0601161548394275,0.0601161548394275,0.0601161548394275,0.0601161548394275,0.0601161548394275,0.0601161548394275,0.0601161548394275,0.0601161548394275,0.0601161548394275,0.0601161548394275,0.0601161548394275,0.0601161548394275,0.0983537787786748,0.0601161548394275,0.0601161548394275,0.0601161548394275,0.0601161548394275,0.0601161548394275,0.0601161548394275,0.0601161548394275,0.0601161548394275,0.0601161548394275,0.0601161548394275,0.0601161548394275,0.0983537787786748,0.0601161548394275,0.0601161548394275,0.0601161548394275,0.0601161548394275,0.0983537787786748,0.0601161548394275,0.0601161548394275
"11",0.176798770714604,0.104198165850106,0.12884647637225,0.130050375240835,0.137846783542121,0.161113433062044,0.104198165850106,0.266658690867161,0.104198165850106,0.104198165850106,1,0.104198165850106,0.180328652718922,0.133875815058212,0.176514905251483,0.251633720544793,0.284214735399983,0.281080542959464,0.19637514390496,0.0852049189750359,0.0984464770172412,0.0845896273788677,0.0948163323826408,0.157911672747313,0.0755076156752865,0.0800772453157107,0.0983537787786748,0.0690171684748053,0.0749515637311944,0.0781917472482743,0.0645591851629807,0.108631890563257,0.0680921531185503,0.0649514019775928,0.201798737709171,0.152604984124001,0.189380473026656,0.245742163247124,0.232061884751948,0.0682683990303645,0.0667451093003555,0.0983537787786748,0.0645870709065547,0.0620861936208607,0.0643437136210152,0.0638985761865888,0.100904550395644,0.0629213755765202,0.0666633182416073,0.065227291113244,0.0728618764259531,0.0745845138388754,0.0639391865978084,0.0624082574232344,0.0651058883786589,0.0603190170606238,0.0601843934578564,0.0984220173971037,0.0602190627196417,0.0601161548394275,0.0602223380421696,0.0601737022424345,0.060401521157715,0.0601883389338033,0.0602047729827819,0.0602504807008921,0.0608734500339052,0.0602980477975875,0.0602611093312605,0.0601161548394275,0.0602047729827819,0.0603765740810519,0.0601161548394275,0.0602764800373376,0.0603888971415118,0.0603065759689069,0.0601321295823497,0.0601742498776043,0.0601308363335834,0.0601985742371742,0.0601417785660101,0.0602113068888372,0.0601161548394275,0.0601321295823496,0.0601750833275419,0.0983640868648538,0.0601900825280185,0.0606849636800506,0.0606700599586842,0.0601161548394275,0.0601161548394275,0.0606135474101188,0.0621577631552128,0.0662381730112385,0.0640000708220867,0.0612704358740833,0.0631801735443276,0.0665673160093889,0.0611040428539802,0.0610290683442889,0.0617676001122022,0.0633532744130345,0.0613055195429502,0.0611040428539802,0.061029068344289,0.0602329329385388,0.0604681144324551,0.0601796447165491,0.0602542980994073,0.0602279280261118,0.0602036210591055,0.0602867719901358,0.0603720371718287,0.0602028968190991,0.0602500430494703,0.0601161548394275,0.0601394437299159,0.0602112439303851,0.0602089948766539,0.0601161548394275,0.0601161548394281,0.0602273699533662,0.0602244842459471,0.0602089948766539,0.0601863527985291,0.0601161548394281,0.0603223890081976,0.0602351120485627,0.0602424933999466,0.0604873002553238,0.0601651612605097,0.0601161548394275,0.060317501768094,0.0601283324747119,0.060317501768094,0.0601932615726547,0.0601337033898162,0.0603505384042014,0.0601902104126741,0.0601485788628652,0.0601549177309061,0.0601714814717829,0.0601467761284067,0.06014313844778,0.0601595420530853,0.0601161548394275,0.0601161548394275,0.0601161548394275,0.0601161548394275,0.0601161548394271,0.0601161548394275,0.0601161548394275,0.0601161548394272,0.0601161548394275,0.0601161548394275,0.0601161548394275,0.0601161548394275,0.0601161548394275,0.0601161548394275,0.0601161548394275,0.0601161548394275,0.0601161548394272,0.0601161548394272,0.0601161548394272,0.0601161548394272,0.0601161548394272,0.0601161548394272,0.0601161548394271,0.0601161548394272,0.0601161548394272,0.0601161548394272,0.0601161548394272,0.0601161548394272,0.0601161548394271,0.0601161548394272,0.0601161548394273,0.0601161548394273,0.0601161548394273,0.0601161548394271,0.0601161548394273,0.0601161548394273,0.0601161548394272,0.0601161548394272,0.0601161548394272,0.0601161548394275,0.0601161548394275,0.0601161548394275,0.0601161548394275,0.0601264629256065,0.0601161548394275,0.0601161548394275,0.0601161548394275,0.0601161548394275,0.0601161548394275,0.0601161548394275
"12",0.104198165850106,0.142435789789353,0.142435789789353,0.104198165850106,0.104198165850106,0.104198165850106,0.142435789789353,0.104198165850106,0.104198165850106,0.142435789789353,0.104198165850106,1,0.104198165850106,0.104198165850106,0.104198165850106,0.104198165850106,0.104198165850106,0.104198165850106,0.0601161548394275,0.0983537787786748,0.0983537787786748,0.0983537787786748,0.0983537787786748,0.0601161548394275,0.0601161548394275,0.0983537787786748,0.0601161548394275,0.0983537787786748,0.0601161548394275,0.0601161548394275,0.0983537787786748,0.0601161548394275,0.0983537787786748,0.0601161548394275,0.0601161548394275,0.0601161548394275,0.0601161548394275,0.0601161548394275,0.0601161548394275,0.0983537787786748,0.0983537787786748,0.0601161548394275,0.0983537787786748,0.0601161548394275,0.0601161548394275,0.0983537787786748,0.0601161548394275,0.0601161548394275,0.0983537787786748,0.0983537787786748,0.0983537787786748,0.0601161548394275,0.0983537787786748,0.0601161548394275,0.0983537787786748,0.0601161548394275,0.0601161548394275,0.0601161548394275,0.0601161548394275,0.0601161548394275,0.0601161548394275,0.0601161548394275,0.0601161548394275,0.0601161548394275,0.0601161548394275,0.0601161548394275,0.0601161548394275,0.0601161548394275,0.0601161548394275,0.0601161548394275,0.0601161548394275,0.0601161548394275,0.0601161548394275,0.0601161548394275,0.0601161548394275,0.0601161548394275,0.0601161548394275,0.0983537787786748,0.0601161548394275,0.0983537787786748,0.0601161548394275,0.0601161548394275,0.0601161548394275,0.0601161548394275,0.0601161548394275,0.0601161548394275,0.0983537787786748,0.0601161548394275,0.0601161548394275,0.0601161548394275,0.0601161548394275,0.0601161548394275,0.0601161548394275,0.0601161548394275,0.0601161548394275,0.0601161548394275,0.0601161548394275,0.0601161548394275,0.0601161548394275,0.0601161548394275,0.0601161548394275,0.0983537787786748,0.0601161548394275,0.0601161548394275,0.0601161548394275,0.0601161548394275,0.0601161548394275,0.0601161548394275,0.0601161548394275,0.0601161548394275,0.0601161548394275,0.0601161548394275,0.0601161548394275,0.0601161548394275,0.0601161548394275,0.0601161548394275,0.0601161548394275,0.0601161548394275,0.0601161548394275,0.0601161548394275,0.0601161548394275,0.0601161548394275,0.0601161548394275,0.0601161548394275,0.0601161548394275,0.0601161548394275,0.0601161548394275,0.0601161548394275,0.0601161548394275,0.0601161548394275,0.0601161548394275,0.0601161548394275,0.0601161548394275,0.0601161548394275,0.0601161548394275,0.0601161548394275,0.0601161548394275,0.0601161548394275,0.0601161548394275,0.0601161548394275,0.0601161548394275,0.0601161548394275,0.0601161548394275,0.0601161548394275,0.0601161548394275,0.0601161548394275,0.0601161548394275,0.0601161548394275,0.0601161548394275,0.0601161548394275,0.0601161548394275,0.0983537787786748,0.0601161548394275,0.0601161548394275,0.0983537787786748,0.0601161548394275,0.0601161548394275,0.0601161548394275,0.0601161548394275,0.0601161548394275,0.0601161548394275,0.0601161548394275,0.0601161548394275,0.0601161548394275,0.0601161548394275,0.0601161548394275,0.0601161548394275,0.0601161548394275,0.0601161548394275,0.0601161548394275,0.0601161548394275,0.0601161548394275,0.0601161548394275,0.0601161548394275,0.0601161548394275,0.0983537787786748,0.0601161548394275,0.0601161548394275,0.0601161548394275,0.0601161548394275,0.0601161548394275,0.0601161548394275,0.0601161548394275,0.0601161548394275,0.0601161548394275,0.0601161548394275,0.0601161548394275,0.0983537787786748,0.0601161548394275,0.0601161548394275,0.0601161548394275,0.0601161548394275,0.0983537787786748,0.0601161548394275,0.0601161548394275
"13",0.307443231119556,0.104198165850106,0.143463895201848,0.146402878235597,0.157801738969971,0.190606933750833,0.104198165850106,0.179158245103603,0.104198165850106,0.104198165850106,0.180328652718922,0.104198165850106,1,0.150483121995546,0.256365814494228,0.266200860992945,0.195851318300631,0.160357146823473,0.129428960712333,0.101378444237768,0.123176420432364,0.101004901388918,0.116682301847654,0.256375506331186,0.0853707123173287,0.0927970759329624,0.0601161548394275,0.0751117940881521,0.0853708039377493,0.0906964398600895,0.0675997049653971,0.142927008730719,0.07359073265549,0.0682579636406902,0.114052809629455,0.0873550866950419,0.117726505536504,0.114784964389276,0.102023453149819,0.073721138806487,0.0712094959382632,0.0601161548394275,0.0676078672354217,0.0634243613947648,0.0671901897611245,0.0664615689556841,0.0643975313498446,0.0648197690891279,0.0711037392157746,0.0687131524271231,0.0814658986359387,0.0841541866584514,0.0665360176581376,0.063960431875271,0.0684562223798788,0.0604614917458128,0.0602323189691766,0.0602323189691767,0.0602913372306396,0.0601161548394275,0.0602969128855965,0.0602141190735154,0.0606019403196539,0.0602390354413212,0.0602670114912732,0.0603448207643704,0.0614053154240747,0.0604257952993103,0.0603629141200907,0.0601161548394275,0.0602670114912731,0.0605594723518514,0.0601161548394275,0.0603890800175866,0.0605804501738985,0.0604403129965099,0.0601433490023857,0.0602150513251425,0.0601411474760233,0.0602564592276792,0.0601597746835576,0.0602781343060125,0.0601161548394275,0.0601433490023857,0.0602164701256537,0.0601337025255921,0.0602420036008379,0.0610844508789074,0.0610590799399526,0.0601161548394275,0.0601161548394275,0.0609628773617772,0.0635916304388899,0.0705378036008877,0.0667278320763025,0.0620811133184127,0.0653321025620341,0.0710981111045164,0.0617978587505226,0.06167022796209,0.0629274471451062,0.0656267760509621,0.0621408370343397,0.0617978587505225,0.0616702279620902,0.0603149488151744,0.0607153035439597,0.0602242350804034,0.0603513192074303,0.0603064288405626,0.0602650505457771,0.0604066002395331,0.0605517490695838,0.0602638176557801,0.0603440757405436,0.0601161548394275,0.0601558000397356,0.0602780271304264,0.060274198515847,0.0601161548394275,0.0601161548394274,0.0603054788208186,0.0603005664163947,0.060274198515847,0.0602356543987236,0.0601161548394274,0.0604672318877502,0.0603186583630141,0.0603312238029312,0.0607479640002873,0.0601995795685352,0.0601161548394275,0.0604589122293723,0.0601368851009386,0.0604589122293723,0.0602474153597802,0.0601460281301115,0.060515151235548,0.0602422213017518,0.0601713509813224,0.0601821417784771,0.0602103386058548,0.060168282146045,0.060162089640774,0.0601900138657795,0.0601161548394275,0.0601161548394275,0.0601161548394275,0.0601161548394275,0.0601161548394278,0.0601161548394275,0.0601161548394275,0.0601161548394278,0.0601161548394275,0.0601161548394275,0.0601161548394275,0.0601161548394275,0.0601161548394275,0.0601161548394275,0.0601161548394275,0.0601161548394275,0.0601161548394278,0.0601161548394275,0.0601161548394278,0.0601161548394278,0.0601161548394278,0.0601161548394278,0.0601161548394276,0.0601161548394273,0.060116154839427,0.060116154839427,0.0601161548394269,0.060116154839427,0.060116154839427,0.0601161548394272,0.0601161548394271,0.0601161548394271,0.060116154839427,0.060116154839427,0.060116154839427,0.0601161548394271,0.0601161548394271,0.0601161548394276,0.0601161548394277,0.0601161548394275,0.0601161548394275,0.0601161548394275,0.0601161548394275,0.0601337025255921,0.0601161548394275,0.0601161548394275,0.0601161548394275,0.0601161548394275,0.0601161548394275,0.0601161548394275
"14",0.142422694887158,0.104198165850106,0.295695819682008,0.275121786177141,0.296475258706181,0.306113190465103,0.104198165850106,0.171787965046304,0.142435789789353,0.104198165850106,0.133875815058212,0.104198165850106,0.150483121995546,1,0.217815462790094,0.206896461757134,0.177494326236847,0.16407341278496,0.0859064835467249,0.0875519672283769,0.102390302659299,0.0981833874301406,0.0891456143287043,0.117163513784471,0.0759020225559692,0.0793216447924259,0.0601161548394275,0.0761637003358201,0.0914890715852201,0.0949732524961053,0.0680968105387873,0.204872474859035,0.0751568786194919,0.0687594275587619,0.11902529269362,0.108852525819819,0.082021545862274,0.0811872454955034,0.11460967496686,0.072526065462531,0.0707476335032542,0.0601161548394275,0.0674597401121573,0.101715360791522,0.105122436918851,0.0664595732675763,0.0644327045158309,0.0647774914474898,0.0711674713256397,0.06908675078859,0.0809151883925034,0.118471683767029,0.0666395973800701,0.102180659771017,0.0679399887916518,0.0605451541088738,0.0984980851817173,0.06026046124247,0.0603337774463959,0.0601161548394275,0.0603407038763801,0.0602378521850592,0.0607196281788562,0.0985064288067109,0.0603035584798619,0.0986378420019619,0.0617176313650621,0.0605008097333133,0.0604226947694961,0.0983537787786748,0.0603035584798618,0.0989044957320203,0.0983537787786748,0.0604551996964315,0.0606929317654148,0.0605188445317303,0.0983875610817733,0.060239010286784,0.0601472022677308,0.0602904497929854,0.0984079660981291,0.0985549998805772,0.0601161548394275,0.0983875610817733,0.0602407728101972,0.0601379536810984,0.060272492102279,0.0613190332050552,0.0612875158257207,0.0983537787786748,0.0983537787786748,0.06116800692009,0.064433609665645,0.111300207678727,0.106567220933225,0.100794774039791,0.0665957338276236,0.111996256972263,0.0622052734246221,0.100284346354742,0.063608519318965,0.0669617958069185,0.0626313426644644,0.100442897363869,0.100284346354742,0.0603631092447883,0.060860455120634,0.0602504189263604,0.0604082908382376,0.060352525195367,0.0603011224697803,0.0604769644203186,0.0606572774447921,0.0602995908961251,0.0603992925471622,0.0983537787786748,0.0601654046058284,0.0603172428010614,0.0603124866547387,0.0601161548394275,0.060116154839428,0.0603513450209676,0.0603452425225953,0.0603124866547387,0.0602646047232637,0.060116154839428,0.0605522848749515,0.060367717478904,0.0603833270602867,0.0609010279978596,0.0602197902956416,0.0983537787786748,0.0605419496709808,0.0601419072767699,0.0605419496709808,0.0602792149303044,0.0601532653238338,0.0606118133088301,0.0602727625440737,0.0601847229655417,0.060198127973841,0.0602331558498716,0.0601809106649515,0.0601732179446306,0.0602079071768145,0.0601161548394275,0.0983537787786748,0.0983537787786748,0.0601161548394275,0.0601161548394273,0.0983537787786748,0.0601161548394275,0.0601161548394273,0.0983537787786748,0.0601161548394275,0.0601161548394275,0.0601161548394275,0.0983537787786748,0.0983537787786748,0.0983537787786748,0.0601161548394275,0.0983537787786744,0.0601161548394277,0.0601161548394273,0.0601161548394272,0.0601161548394273,0.0601161548394271,0.0601161548394275,0.0601161548394279,0.0601161548394286,0.0601161548394286,0.0601161548394288,0.0601161548394284,0.0601161548394284,0.0601161548394283,0.0601161548394283,0.0983537787786757,0.0601161548394285,0.0601161548394286,0.0601161548394284,0.0601161548394283,0.0601161548394284,0.0601161548394272,0.0601161548394272,0.0601161548394275,0.0601161548394275,0.0983537787786748,0.0601161548394275,0.0601379536810984,0.0983537787786748,0.0601161548394275,0.0601161548394275,0.0601161548394275,0.0601161548394275,0.0983537787786748
"15",0.209810243597496,0.104198165850106,0.167729481174965,0.210216904382365,0.190927880607491,0.284352108153631,0.104198165850106,0.213640331865914,0.142435789789353,0.104198165850106,0.176514905251483,0.104198165850106,0.256365814494228,0.217815462790094,1,0.296318768343961,0.229499747047334,0.195782313341738,0.125960703679624,0.107920618890094,0.133411158007787,0.114954095983329,0.119761475656531,0.210236466590964,0.088684340123216,0.0962462566250725,0.0601161548394275,0.0816595343481554,0.0993809985386432,0.105511970759196,0.070848234735851,0.229606487114933,0.0799004303580233,0.0717652206680739,0.149589624641148,0.124228565109631,0.11484230157611,0.11204711063344,0.138161995827059,0.0781866163594143,0.07520235447671,0.0601161548394275,0.0704167779035134,0.102983866762351,0.107966542466492,0.0689254203000456,0.0660850022219495,0.066618130627083,0.0754161994478298,0.0723095046827453,0.0893824423660138,0.129040507702225,0.0691012436470785,0.103679636088296,0.0713421100691794,0.060653069828823,0.098534385778214,0.0602967618389668,0.0603885208969813,0.0601161548394275,0.0603971896858267,0.0602684654229011,0.0608714332389882,0.0985448282606238,0.0603507002822352,0.0987092987372885,0.0621204863453732,0.0605975705270075,0.0604998055703824,0.0983537787786748,0.0603507002822352,0.0990430298059487,0.0983537787786748,0.060540487183951,0.0608380212833961,0.0606201420190599,0.0983960590952197,0.0602699148476897,0.0601550123173427,0.0603342940760326,0.0984215970388026,0.0986056174961007,0.0601161548394275,0.0983960590952198,0.0602721207377856,0.060143437228182,0.0603118190883068,0.0616216199320817,0.0615821742859084,0.0983537787786748,0.0983537787786748,0.0614326026493826,0.0655196750254358,0.114556910650107,0.108633330566738,0.10140881182437,0.0682256863270398,0.115428052690839,0.0627307958491061,0.100769984920401,0.0644870313677665,0.0686838320110289,0.0632640437534376,0.100968419788353,0.100769984920401,0.0604252311744682,0.0610476855110461,0.0602841933559147,0.0604817782981936,0.0604119846838853,0.0603476514884024,0.0605677268725175,0.0607933980391565,0.0603457346439893,0.0604705164669942,0.0983537787786748,0.0601777934940552,0.0603678269248549,0.0603618743593507,0.0601161548394275,0.060116154839428,0.0604105076339921,0.0604028700385876,0.0603618743593507,0.0603019476215654,0.060116154839428,0.0606619943549602,0.0604309986201198,0.0604505348264013,0.0610984645857367,0.0602458600250471,0.0983537787786748,0.060649059307454,0.060148385359634,0.060649059307454,0.0603202330586677,0.0601626005486873,0.0607364972987203,0.0603121575603365,0.0602019714301018,0.0602187484980396,0.0602625877141574,0.0601972001368229,0.0601875722956033,0.0602309876812614,0.0601161548394275,0.0983537787786748,0.0983537787786748,0.0601161548394275,0.0601161548394278,0.0983537787786748,0.0601161548394275,0.0601161548394278,0.0983537787786748,0.0601161548394275,0.0601161548394275,0.0601161548394275,0.0983537787786748,0.0983537787786748,0.0983537787786748,0.0601161548394275,0.098353778778675,0.0601161548394275,0.0601161548394277,0.0601161548394277,0.0601161548394277,0.0601161548394277,0.0601161548394276,0.0601161548394275,0.0601161548394273,0.0601161548394274,0.0601161548394273,0.0601161548394274,0.0601161548394274,0.0601161548394274,0.0601161548394274,0.0983537787786746,0.0601161548394274,0.0601161548394273,0.0601161548394274,0.0601161548394274,0.0601161548394274,0.0601161548394276,0.0601161548394277,0.0601161548394275,0.0601161548394275,0.0983537787786748,0.0601161548394275,0.060143437228182,0.0983537787786748,0.0601161548394275,0.0601161548394275,0.0601161548394275,0.0601161548394275,0.0983537787786748
"16",0.258690203187705,0.104198165850106,0.156642203295323,0.196087944434365,0.17579209374364,0.269179585304488,0.104198165850106,0.291665495482379,0.142435789789353,0.104198165850106,0.251633720544793,0.104198165850106,0.266200860992945,0.206896461757134,0.296318768343961,1,0.299121361618013,0.243288449387771,0.156168902860736,0.104681453905657,0.128267639774039,0.105645165333012,0.120131946718331,0.224752772825913,0.0872658776045463,0.0950959303432331,0.0601161548394275,0.0770757877092927,0.0892246391996617,0.0949694373636364,0.0685763336812786,0.194259625597631,0.0754335385445154,0.0693155504339691,0.191804202553266,0.14738847404238,0.154526194826481,0.158529280248156,0.177007589381105,0.0752328994991122,0.0725065791354258,0.0601161548394275,0.0685044130119094,0.102072810586905,0.106253577556059,0.0672364501320835,0.0649249480872253,0.0653890323257897,0.0724539498372737,0.0698102757729341,0.0840047008377656,0.124835602708011,0.0673332598260359,0.102665472269203,0.0694101437354716,0.0605141898269417,0.0984876694433543,0.060250045504107,0.0603180698957379,0.0601161548394275,0.0603244963903004,0.060229068321801,0.0606760707186205,0.0984954108427146,0.0602900320718447,0.0986173389047332,0.0616020400944527,0.0604730461368953,0.0604005693499584,0.0983537787786748,0.0602900320718447,0.0988647461188571,0.0983537787786748,0.0604307281383488,0.0606513011972074,0.0604897792207815,0.098385122744852,0.060230142834133,0.0601449613284279,0.0602778695429338,0.0984040549692371,0.0985404761567062,0.0601161548394275,0.098385122744852,0.0602317781422432,0.0601363802856922,0.060261208001283,0.0612322119270373,0.0612029694070997,0.0983537787786748,0.0983537787786748,0.0610920864076437,0.0641219846863387,0.110365761158623,0.105974391628817,0.100618588039392,0.066128051188341,0.111011571050608,0.0620544851565138,0.100145001971266,0.0633564476581201,0.0664676915694226,0.0624498015979154,0.100292109095761,0.100145001971267,0.060345284585456,0.060806733062369,0.0602407280216503,0.0603872050647323,0.0603354644708796,0.0602877718879443,0.0604509219293824,0.0606182203318661,0.0602863508601149,0.060378856251737,0.0983537787786748,0.060161849859328,0.0603027286869814,0.0602983158294843,0.0601161548394275,0.060116154839428,0.0603343694790325,0.0603287074463989,0.0602983158294843,0.0602538899170079,0.0601161548394279,0.0605208059090405,0.0603495602067429,0.0603640431207552,0.060844377473048,0.0602123101022876,0.0983537787786748,0.0605112166787633,0.0601400485189885,0.0605112166787633,0.0602674455894563,0.0601505867656554,0.0605760377034121,0.0602614589231482,0.0601797738597054,0.0601922113221697,0.0602247109583967,0.0601762367231042,0.0601690992474603,0.060201284682454,0.0601161548394275,0.0983537787786748,0.0983537787786748,0.0601161548394275,0.0601161548394273,0.0983537787786748,0.0601161548394275,0.0601161548394273,0.0983537787786748,0.0601161548394275,0.0601161548394275,0.0601161548394275,0.0983537787786748,0.0983537787786748,0.0983537787786748,0.0601161548394275,0.0983537787786748,0.0601161548394274,0.0601161548394275,0.0601161548394274,0.0601161548394275,0.0601161548394274,0.0601161548394274,0.0601161548394273,0.0601161548394271,0.0601161548394271,0.060116154839427,0.0601161548394272,0.0601161548394271,0.0601161548394272,0.0601161548394272,0.0983537787786744,0.0601161548394272,0.0601161548394271,0.0601161548394272,0.0601161548394272,0.0601161548394272,0.0601161548394273,0.0601161548394274,0.0601161548394275,0.0601161548394275,0.0983537787786748,0.0601161548394275,0.0601363802856923,0.0983537787786748,0.0601161548394275,0.0601161548394275,0.0601161548394275,0.0601161548394275,0.0983537787786748
"17",0.191601302793764,0.104198165850106,0.13387554026379,0.174256327711293,0.144712205335761,0.208070248577854,0.104198165850106,0.301919919257663,0.142435789789353,0.104198165850106,0.284214735399983,0.104198165850106,0.195851318300631,0.177494326236847,0.229499747047334,0.299121361618013,1,0.317187192251717,0.219935029992451,0.0948420393431446,0.113136573339124,0.0929363537383553,0.108976840432689,0.200129533928969,0.0815172807258711,0.0879892917834065,0.0601161548394275,0.0718475108172889,0.0792375512382292,0.0837278698260138,0.0659747424822393,0.16052023603818,0.0705667367548739,0.0664958262567449,0.274986952604519,0.176366228818763,0.237244509269623,0.216687924847352,0.206614131390238,0.0710739592320145,0.0689760447908455,0.0601161548394275,0.0660755856743235,0.100967983116242,0.104005167578817,0.0651456813690228,0.0635043344507747,0.0638503189494428,0.0688153490864949,0.0668753008602052,0.0771180375048144,0.117979161447585,0.0651892459377392,0.101403211985012,0.0668018136849136,0.0603776244742815,0.0984417317081967,0.0602041077689495,0.0602487930689831,0.0601161548394275,0.0602530146405518,0.0601903278340949,0.0604839642156741,0.0984468170422185,0.0602303749906595,0.0985269117244816,0.0610922345491383,0.0603505971376145,0.0603029870540532,0.0983537787786748,0.0602303749906595,0.0986894338041147,0.0983537787786748,0.0603227983963609,0.0604676930889578,0.0603615891194025,0.0983743686656146,0.060191033682464,0.0601350778547306,0.0602223854116193,0.0983868052652907,0.0984764204981043,0.0601161548394275,0.0983743686656145,0.0601921079182166,0.0601294409580229,0.0602114404260072,0.0608492940064061,0.0608300845618844,0.0983537787786748,0.0983537787786748,0.0607572453937488,0.0627475890103378,0.106244463631239,0.103359768005253,0.0998415345513872,0.0640653763713161,0.106668696881933,0.0613894462236894,0.0995304353259683,0.0622447068680257,0.0642884865229587,0.061649130042519,0.0996270701629366,0.0995304353259684,0.0602666704295333,0.0605697964575145,0.0601979871041536,0.060294208039927,0.0602602195851274,0.0602288902732918,0.0603360637206003,0.0604459622309858,0.0602279567984984,0.0602887236951991,0.0983537787786748,0.0601461719498398,0.060238715411547,0.0602358166004506,0.0601161548394275,0.0601161548394278,0.0602595002837408,0.0602557808880805,0.0602358166004506,0.0602066331681452,0.0601161548394278,0.0603819705861186,0.0602694790900069,0.060278992932652,0.0605945251135957,0.060179319340685,0.0983537787786748,0.0603756714098707,0.0601318506246378,0.0603756714098707,0.0602155379047553,0.0601387732108288,0.0604182524144998,0.0602116052568659,0.0601579462460221,0.0601661164292247,0.0601874654771318,0.0601556226969758,0.0601509340811282,0.0601720767298885,0.0601161548394275,0.0983537787786748,0.0983537787786748,0.0601161548394275,0.0601161548394268,0.0983537787786748,0.0601161548394275,0.0601161548394268,0.0983537787786748,0.0601161548394275,0.0601161548394275,0.0601161548394275,0.0983537787786748,0.0983537787786748,0.0983537787786748,0.0601161548394275,0.0983537787786746,0.0601161548394272,0.0601161548394273,0.0601161548394272,0.0601161548394273,0.0601161548394273,0.0601161548394272,0.0601161548394272,0.060116154839427,0.0601161548394271,0.060116154839427,0.0601161548394271,0.060116154839427,0.0601161548394272,0.0601161548394272,0.0983537787786744,0.0601161548394271,0.060116154839427,0.0601161548394272,0.0601161548394272,0.0601161548394271,0.0601161548394274,0.0601161548394274,0.0601161548394275,0.0601161548394275,0.0983537787786748,0.0601161548394275,0.0601294409580229,0.0983537787786748,0.0601161548394275,0.0601161548394275,0.0601161548394275,0.0601161548394275,0.0983537787786748
"18",0.15775311345402,0.104198165850106,0.122381707225956,0.161770963711784,0.129021410083954,0.183324169838712,0.104198165850106,0.248563612350652,0.142435789789353,0.104198165850106,0.281080542959464,0.104198165850106,0.160357146823473,0.16407341278496,0.195782313341738,0.243288449387771,0.317187192251717,1,0.155885220693839,0.0803409757619477,0.091002719313704,0.0794445637870012,0.0884048747090717,0.140719505413206,0.0725607137445938,0.0763003082811997,0.0601161548394275,0.067067892929277,0.0715388188486386,0.0741529241036716,0.0635872344969773,0.135570048614916,0.0663220422374777,0.0638951343365617,0.28149764864898,0.190987778093996,0.197602066919057,0.246033520955472,0.215497566137966,0.0665641318049185,0.0653401510735453,0.0601161548394275,0.0636333597433687,0.0998991256963166,0.101685744008299,0.0630871013488709,0.0621183168941139,0.0623210794262009,0.0652561776673433,0.0641166293669822,0.0701478506910384,0.109864996899468,0.0631150350642943,0.100154744874598,0.0640546796893001,0.0602723505337821,0.0984063197511853,0.0601686958119381,0.0601953897393997,0.0601161548394275,0.0601979116050948,0.0601604640090599,0.0603358753471076,0.0984093576078716,0.0601843872207551,0.0984572042517742,0.0606992414685468,0.0602562050505042,0.0602277639274488,0.0983537787786748,0.0601843872207551,0.0985542910476866,0.0983537787786748,0.060239598748611,0.0603261553659068,0.0602627713970273,0.0983660786837439,0.060160885665961,0.0601274589953233,0.0601796144376877,0.0983735080103763,0.0984270420030402,0.0601161548394275,0.0983660786837439,0.060161527388658,0.0601240916483052,0.060173076165554,0.0605541146098191,0.0605426393479711,0.0983537787786748,0.0983537787786748,0.0604991269743469,0.0616881105569788,0.103067484827835,0.101344236785838,0.099242528426714,0.0624753251487429,0.103320911606044,0.0608767886009426,0.0990566852042123,0.061387700815553,0.0626086058070225,0.0610319174915976,0.0991144125401898,0.0990566852042124,0.0602060692462034,0.0603871494716147,0.0601650394734565,0.0602225195547782,0.0602022156663347,0.0601835002861776,0.0602475231354393,0.0603131738720833,0.0601829426507046,0.0602192433386573,0.0983537787786748,0.0601340863418982,0.0601893695883349,0.060187637908049,0.0601161548394275,0.0601161548394276,0.0602017859729227,0.0601995640950818,0.060187637908049,0.0601702044249022,0.0601161548394276,0.0602749467968494,0.0602077470726672,0.0602134304142865,0.0604019217781934,0.0601538877988895,0.0983537787786748,0.0602711838199039,0.0601255311253996,0.0602711838199039,0.0601755239011719,0.0601296665125066,0.0602966206917154,0.0601731746315596,0.0601411200242943,0.0601460006959601,0.0601587541055999,0.0601397319917724,0.0601369311250167,0.0601495612367519,0.0601161548394275,0.0983537787786748,0.0983537787786748,0.0601161548394275,0.0601161548394272,0.0983537787786748,0.0601161548394275,0.0601161548394272,0.0983537787786748,0.0601161548394275,0.0601161548394275,0.0601161548394275,0.0983537787786748,0.0983537787786748,0.0983537787786748,0.0601161548394275,0.0983537787786745,0.0601161548394273,0.0601161548394273,0.0601161548394272,0.0601161548394272,0.0601161548394272,0.0601161548394272,0.0601161548394273,0.0601161548394273,0.0601161548394273,0.0601161548394273,0.0601161548394273,0.0601161548394273,0.0601161548394273,0.0601161548394274,0.0983537787786747,0.0601161548394273,0.0601161548394273,0.0601161548394274,0.0601161548394274,0.0601161548394274,0.0601161548394273,0.0601161548394273,0.0601161548394275,0.0601161548394275,0.0983537787786748,0.0601161548394275,0.0601240916483052,0.0983537787786748,0.0601161548394275,0.0601161548394275,0.0601161548394275,0.0601161548394275,0.0983537787786748
"19",0.126214443240462,0.0601161548394275,0.0825633532526353,0.0849322402363431,0.0907599264271088,0.106640784280705,0.0601161548394275,0.141798224420174,0.0601161548394275,0.0601161548394275,0.19637514390496,0.0601161548394275,0.129428960712333,0.0859064835467249,0.125960703679624,0.156168902860736,0.219935029992451,0.155885220693839,1,0.13533532079675,0.151707904383591,0.132637993924651,0.148789171292978,0.234105524825428,0.123479030688376,0.12942015034762,0.142435789789353,0.0700829800501573,0.0759365889720376,0.0799680280459326,0.0650962655255677,0.111182477469014,0.068934153428973,0.0655430598386948,0.16905436953949,0.110713080248606,0.222054059633636,0.161664691825551,0.124535894992003,0.0696358826152038,0.0677646266280898,0.0983537787786748,0.0652450671408356,0.062354619147592,0.0649958651320769,0.0644328870857193,0.101258255659904,0.0633250420627015,0.0675760002525243,0.0658810768861197,0.0747609808912042,0.0773376643063219,0.06446008970039,0.0627349781179382,0.0659038609131279,0.0603324864843355,0.0601889242909494,0.0984265482301967,0.06022589548443,0.0601161548394275,0.0602293882782379,0.0601775232119083,0.0604204685981566,0.0601931317342898,0.0602106569532638,0.0602593995224099,0.0609237320912975,0.0603101249271246,0.060270733860943,0.0601161548394275,0.0602106569532638,0.0603938651128043,0.0601161548394275,0.0602871251343376,0.0604070063863437,0.0603192193426285,0.0601331902558448,0.0601781072083593,0.0601318111393628,0.0602040466301308,0.0601434799021608,0.0602176246904617,0.0601161548394275,0.0601331902558448,0.0601789959967937,0.0983647712898774,0.0601949910977654,0.0607227308268355,0.0607068375444915,0.0601161548394275,0.0601161548394275,0.0606465727375847,0.062293319629432,0.0666446560726849,0.0642579508241916,0.0613470765627534,0.0633836149044386,0.0669956531473485,0.0611696355610343,0.0610896829759151,0.0618772509677618,0.0635682091351507,0.0613844896786632,0.0611696355610343,0.0610896829759152,0.060240686642939,0.0604914834602602,0.0601838602479144,0.0602634703843727,0.0602353494198149,0.0602094285454196,0.0602981004409521,0.0603890269668484,0.0602086562181181,0.0602589328122876,0.0601161548394275,0.0601409900401745,0.0602175575517627,0.0602151591678238,0.0601161548394275,0.0601161548394281,0.0602347542927662,0.0602316769833045,0.0602151591678238,0.0601910137257795,0.060116154839428,0.0603360823187931,0.060243010439125,0.0602508818893985,0.060511943162395,0.0601684151352146,0.0601161548394275,0.0603308705810705,0.0601291410320098,0.0603308705810705,0.060198381221127,0.060134868559256,0.0603661007475806,0.0601951274735657,0.0601507317176819,0.0601574914669446,0.0601751549889575,0.0601488092872342,0.060144930075871,0.0601624228298063,0.0601161548394275,0.0601161548394275,0.0601161548394275,0.0601161548394275,0.0601161548394271,0.0601161548394275,0.0601161548394275,0.0601161548394271,0.0601161548394275,0.0601161548394275,0.0601161548394275,0.0601161548394275,0.0601161548394275,0.0601161548394275,0.0601161548394275,0.0601161548394275,0.0601161548394275,0.0601161548394274,0.0601161548394275,0.0601161548394275,0.0601161548394274,0.0601161548394276,0.0601161548394274,0.0601161548394273,0.060116154839427,0.060116154839427,0.060116154839427,0.060116154839427,0.0601161548394271,0.0601161548394272,0.0601161548394272,0.0601161548394271,0.0601161548394271,0.060116154839427,0.0601161548394271,0.0601161548394271,0.0601161548394271,0.0601161548394276,0.0601161548394277,0.0601161548394275,0.0601161548394275,0.0601161548394275,0.0601161548394275,0.0601271473506301,0.0601161548394275,0.0601161548394275,0.0601161548394275,0.0601161548394275,0.0601161548394275,0.0601161548394275
"20",0.0978443650859214,0.0983537787786748,0.125210016612393,0.0933246855716059,0.0967789224031818,0.101103700657674,0.0983537787786748,0.083936938640054,0.0601161548394275,0.0983537787786748,0.0852049189750359,0.0983537787786748,0.101378444237768,0.0875519672283769,0.107920618890094,0.104681453905657,0.0948420393431446,0.0803409757619477,0.13533532079675,1,0.295253142987421,0.285595951256467,0.313415099985327,0.186993689562703,0.284167095137378,0.330490017797241,0.104198165850106,0.139913422117731,0.0931630784174927,0.124385308056014,0.119373176411262,0.140242697918374,0.129731516685436,0.083379038062328,0.0802817979612165,0.069900240080706,0.0828297232926509,0.0797529120922501,0.074470840536959,0.160114949765481,0.14211393675104,0.0601161548394275,0.126114493582772,0.0710868857126321,0.0882492676691718,0.120500720777608,0.0746727942909998,0.0769842674066885,0.135864957689903,0.124479925400959,0.17673691152817,0.193687532681785,0.119643437102257,0.0737126644200108,0.133455773187245,0.0605680447987608,0.0602681611929268,0.0602681611929268,0.060345389427961,0.0601161548394275,0.0603526854407682,0.0602443457536898,0.0607518285159011,0.0602769500199195,0.0603135580274658,0.060415375205432,0.0618030834977835,0.0605213342808283,0.0604390512320289,0.0601161548394275,0.0603135580274657,0.060696257136508,0.0601161548394275,0.060473290567984,0.0607237076260918,0.0605403313861935,0.0601517397102199,0.0984831895890507,0.0601488589070388,0.0985373738220343,0.0601732335044239,0.0603281127657733,0.0601161548394275,0.0601517397102199,0.0602474222185443,0.0601391168311545,0.0985184579387194,0.0613832168006945,0.0613500177062434,0.0601161548394275,0.0601161548394275,0.0612241320035121,0.064663981898347,0.0737533837249522,0.068767852652341,0.062687397561363,0.0669414734215667,0.0744865730549858,0.062316745329302,0.0621497343011498,0.0637948660984779,0.105564691800521,0.0627655489175095,0.0623167453293021,0.0621497343011499,0.0603762863224949,0.0609001697498504,0.0602575830354769,0.0604238787308752,0.0603651375257413,0.0603109920359245,0.0604962166214594,0.0606861508500227,0.0603093787400383,0.0604144003059041,0.0601161548394275,0.0601680324917252,0.060327972521361,0.060322962594954,0.0601161548394275,0.0601161548394284,0.060363894379192,0.0603574662616225,0.060322962594954,0.060272525762987,0.0601161548394284,0.0605755560506965,0.0603811404443437,0.0603975829271136,0.0609429075285494,0.0602253201117942,0.0601161548394275,0.060564669377374,0.0601432813841374,0.060564669377374,0.0602879155464573,0.0601552454777651,0.0606382608231296,0.0602811188715936,0.0601883816470901,0.0602025019244109,0.0602393988298432,0.0601843659284597,0.0601762627373343,0.0602128029294447,0.0601161548394275,0.0601161548394275,0.0601161548394275,0.0601161548394275,0.0601161548394274,0.0601161548394275,0.0983537787786748,0.0601161548394273,0.0601161548394275,0.0983537787786748,0.0601161548394275,0.0601161548394275,0.0601161548394275,0.0601161548394275,0.0601161548394275,0.0601161548394275,0.060116154839428,0.0601161548394277,0.060116154839428,0.0601161548394281,0.060116154839428,0.060116154839428,0.0601161548394278,0.0601161548394275,0.0601161548394272,0.0601161548394273,0.0601161548394272,0.0601161548394273,0.0601161548394273,0.0601161548394273,0.0983537787786746,0.0601161548394273,0.0601161548394273,0.0601161548394273,0.0601161548394273,0.0601161548394273,0.0601161548394273,0.0601161548394279,0.060116154839428,0.0601161548394275,0.0601161548394275,0.0601161548394275,0.0983537787786748,0.0601391168311545,0.0601161548394275,0.0601161548394275,0.0601161548394275,0.0983537787786748,0.0601161548394275,0.0601161548394275
"21",0.117730841432121,0.0983537787786748,0.139768315726359,0.111361570378532,0.116653170607404,0.123175844407655,0.0983537787786748,0.0965157854039075,0.0601161548394275,0.0983537787786748,0.0984464770172412,0.0983537787786748,0.123176420432364,0.102390302659299,0.133411158007787,0.128267639774039,0.113136573339124,0.091002719313704,0.151707904383591,0.295253142987421,1,0.278849866958204,0.295626198310988,0.230465395817843,0.191128382388237,0.246908919477068,0.104198165850106,0.136315901118983,0.103403841555187,0.128156968328126,0.117417509987018,0.183867860967416,0.129734558997605,0.0810246881476567,0.0909073378687461,0.0750582045250134,0.0947901553018656,0.0901049984870264,0.0820430591512079,0.141168120153227,0.131541104268027,0.0601161548394275,0.120115308227678,0.0692497775188151,0.081287626640877,0.11629968953752,0.0720752590761003,0.0735793409872085,0.129194128152987,0.121096334121457,0.161558234868037,0.141472844354802,0.116078368721504,0.0710521294451659,0.123863802747076,0.0607080789543432,0.0603152657610098,0.0603152657610098,0.0604164259079108,0.0601161548394275,0.0604259828494493,0.060284070261972,0.0609488145844609,0.060326778118236,0.0603747304172817,0.060508099264511,0.0623258382643391,0.0606468935232144,0.0605391121489504,0.0601161548394275,0.0603747304172816,0.0608760224391998,0.0601161548394275,0.0605839617593739,0.0609119794380559,0.0606717775564774,0.0601627669464533,0.0985232921254759,0.0601589934240774,0.0985942672677396,0.0601909213562774,0.0603937954582559,0.0601161548394275,0.0601627669464533,0.0602881000787415,0.0601462324199298,0.0985694896260642,0.0617758609569797,0.0617323739438407,0.0601161548394275,0.0601161548394275,0.0615674780845043,0.0660732876569176,0.0779793635061347,0.0714488885385309,0.0634841884524327,0.0690565408278831,0.0789397575938586,0.0629986764602483,0.0627799111325876,0.0649348454544059,0.107799249340766,0.0635865577823126,0.0629986764602483,0.0627799111325876,0.0604568973027108,0.0611431246190108,0.0603014095857245,0.0605192379093678,0.0604422936552641,0.060371369262114,0.0606139922648798,0.0608627843608596,0.0603692560291908,0.0605068222577345,0.0601161548394275,0.0601841086250468,0.0603936117541307,0.060387049324068,0.0601161548394275,0.0601161548394279,0.0604406652755988,0.0604322451774656,0.060387049324068,0.0603209828481381,0.0601161548394279,0.0607179178344994,0.0604632556466387,0.0604847934167519,0.0611991062165377,0.0602591488491204,0.0601161548394275,0.0607036575387399,0.0601516875075839,0.0607036575387399,0.06034114170268,0.0601673591006013,0.060800053908021,0.0603322388366834,0.0602107636890282,0.0602292596358465,0.0602775903580498,0.0602055035573371,0.0601948893046062,0.0602427527731942,0.0601161548394275,0.0601161548394275,0.0601161548394275,0.0601161548394275,0.0601161548394271,0.0601161548394275,0.0983537787786748,0.0601161548394271,0.0601161548394275,0.0983537787786748,0.0601161548394275,0.0601161548394275,0.0601161548394275,0.0601161548394275,0.0601161548394275,0.0601161548394275,0.060116154839428,0.0601161548394278,0.060116154839428,0.0601161548394281,0.060116154839428,0.0601161548394281,0.0601161548394279,0.0601161548394277,0.0601161548394272,0.0601161548394272,0.0601161548394273,0.0601161548394272,0.0601161548394274,0.0601161548394274,0.0983537787786746,0.0601161548394274,0.0601161548394273,0.0601161548394273,0.0601161548394274,0.0601161548394273,0.0601161548394274,0.060116154839428,0.0601161548394281,0.0601161548394275,0.0601161548394275,0.0601161548394275,0.0983537787786748,0.0601462324199298,0.0601161548394275,0.0601161548394275,0.0601161548394275,0.0983537787786748,0.0601161548394275,0.0601161548394275
"22",0.0960971038303526,0.0983537787786748,0.136672022466554,0.108606593918729,0.112426268805435,0.113971604488669,0.0983537787786748,0.0835584122889317,0.0601161548394275,0.0983537787786748,0.0845896273788677,0.0983537787786748,0.101004901388918,0.0981833874301406,0.114954095983329,0.105645165333012,0.0929363537383553,0.0794445637870012,0.132637993924651,0.285595951256467,0.278849866958204,1,0.235095366100828,0.177802065930456,0.179672983121358,0.225348997495734,0.104198165850106,0.172859072496291,0.117116047896552,0.186328896045598,0.13583316351289,0.180437621511267,0.157808495625956,0.10131302916586,0.0792299088545672,0.069472049340816,0.0814036156973011,0.0788935289808221,0.0739919483472644,0.180579467018742,0.164777226447098,0.0601161548394275,0.141960754356095,0.0784257803588645,0.10219312097429,0.134396100479514,0.0841116922154553,0.0871278425075016,0.160592592058576,0.143520204520353,0.230704243682023,0.203724786324281,0.13388520105553,0.0820688696576149,0.148407057620147,0.0608955822888475,0.0603783379704234,0.0603783379704234,0.0605115425371832,0.0601161548394275,0.0605241268235466,0.0603372606977872,0.0612125755544344,0.0603934970879584,0.0604566391989099,0.0606322551905694,0.0630257979381013,0.060815015197011,0.0606730920019247,0.0601161548394275,0.0604566391989098,0.061116725098795,0.0601161548394275,0.0607321485880292,0.0611640721677872,0.0608477817258424,0.0601775322267919,0.0985769887344964,0.0601725633687126,0.0986704466165337,0.0602146050867858,0.0604817434578603,0.0601161548394275,0.060177532226792,0.0603425670364333,0.060155760071357,0.0986378201808689,0.062301604753347,0.062244342393393,0.0601161548394275,0.0601161548394275,0.062027212602895,0.0679603239158128,0.083637878010851,0.0750387496441664,0.0645510778006539,0.0718885798381941,0.0849024953754241,0.0639117705580612,0.0636237071102927,0.0664612582757157,0.110791283592657,0.06468587458233,0.0639117705580612,0.0636237071102927,0.0605648340237576,0.061468437025203,0.0603600925854332,0.0606469222151618,0.06054560439044,0.060452213333273,0.060771691833052,0.0610992936048316,0.0604494306932253,0.0606305736673636,0.0601161548394275,0.0602056342920615,0.0604815015619236,0.060472860356072,0.0601161548394275,0.0601161548394284,0.060543460190234,0.0605323728642636,0.060472860356072,0.0603858660547272,0.0601161548394284,0.0609085378233016,0.0605732064952712,0.0606015667678172,0.0615421518691759,0.0603044449486637,0.0601161548394275,0.0608897603049141,0.0601629431628198,0.0608897603049141,0.0604124106137046,0.060183579033983,0.0610166920759787,0.0604006875938758,0.0602407328596136,0.0602650877529015,0.0603287281598154,0.0602338064801601,0.0602198299589726,0.0602828551007127,0.0601161548394275,0.0601161548394275,0.0601161548394275,0.0601161548394275,0.0601161548394272,0.0601161548394275,0.0983537787786748,0.0601161548394271,0.0601161548394275,0.0983537787786748,0.0601161548394275,0.0601161548394275,0.0601161548394275,0.0601161548394275,0.0601161548394275,0.0601161548394275,0.0601161548394281,0.060116154839428,0.0601161548394281,0.0601161548394282,0.0601161548394282,0.0601161548394281,0.0601161548394281,0.060116154839428,0.0601161548394278,0.0601161548394278,0.0601161548394279,0.0601161548394277,0.0601161548394279,0.0601161548394278,0.098353778778675,0.0601161548394279,0.0601161548394278,0.0601161548394278,0.0601161548394279,0.0601161548394277,0.0601161548394279,0.0601161548394278,0.060116154839428,0.0601161548394275,0.0601161548394275,0.0601161548394275,0.0983537787786748,0.060155760071357,0.0601161548394275,0.0601161548394275,0.0601161548394275,0.0983537787786748,0.0601161548394275,0.0601161548394275
"23",0.11294629894642,0.0983537787786748,0.125937669368904,0.0933498183875551,0.0977722768724207,0.105862647397515,0.0983537787786748,0.0929003602300941,0.0601161548394275,0.0983537787786748,0.0948163323826408,0.0983537787786748,0.116682301847654,0.0891456143287043,0.119761475656531,0.120131946718331,0.108976840432689,0.0884048747090717,0.148789171292978,0.313415099985327,0.295626198310988,0.235095366100828,1,0.224361088994736,0.222909463920428,0.313140288160657,0.104198165850106,0.125616689148918,0.08812056515191,0.106275713325402,0.112085765857779,0.137682698728435,0.120102376963988,0.0752348182673665,0.0884468126815249,0.0737969726826463,0.0922167356044465,0.0875736935241869,0.0800701278970947,0.133545092481566,0.124316164382921,0.0601161548394275,0.115101614857461,0.0669453012514975,0.076754193402746,0.11194272877316,0.0691134127986345,0.0703861744350493,0.121533457379419,0.115025767841481,0.146107437347164,0.132256232148085,0.11160633190709,0.0684270027963137,0.118780791621685,0.0604990925070552,0.0602449670807074,0.0602449670807074,0.0603104113323183,0.0601161548394275,0.0603165940723186,0.0602247855551687,0.0606548333163743,0.060252414851653,0.0602834369727176,0.060369718227367,0.0615456810161953,0.0604595093819575,0.0603897816127478,0.0601161548394275,0.0602834369727175,0.0606077413773477,0.0601161548394275,0.0604187964894472,0.0606310032937487,0.0604756077861596,0.0601463099405589,0.0984634432508932,0.0601438687089532,0.0985093597032781,0.0601645240726743,0.0602957708549498,0.0601161548394275,0.0601463099405589,0.0602273925931246,0.0601356131419951,0.0984933301277408,0.061189880294411,0.0611617469324411,0.0601161548394275,0.0601161548394275,0.061055069684151,0.0639700450415621,0.0716725271696179,0.0674477206621915,0.0622950607223903,0.0659000221829675,0.0722938417312138,0.0619809650043623,0.061839437598701,0.0632335445497356,0.104464404069237,0.0623612872393256,0.0619809650043622,0.0618394375987011,0.0603365937789193,0.0607805396857422,0.0602360030069148,0.0603769242299185,0.0603271461376573,0.0602812625167564,0.0604382243374542,0.0605991771733969,0.0602798953879872,0.0603688920843127,0.0601161548394275,0.0601601166641208,0.060295652009937,0.0602914065304929,0.0601161548394275,0.0601161548394275,0.0603260926784461,0.0603206454046166,0.0602914065304929,0.0602486656764485,0.0601161548394275,0.0605054576436063,0.0603407072274718,0.0603546408099113,0.0608167562578446,0.0602086629687246,0.0601161548394275,0.0604962321292875,0.0601391422405579,0.0604962321292875,0.0602617071872538,0.0601492807754256,0.0605585945164417,0.060255947592985,0.060177360813792,0.0601893265279041,0.0602205934649473,0.060173957839474,0.060167091085642,0.0601980557389883,0.0601161548394275,0.0601161548394275,0.0601161548394275,0.0601161548394275,0.0601161548394273,0.0601161548394275,0.0983537787786748,0.0601161548394273,0.0601161548394275,0.0983537787786748,0.0601161548394275,0.0601161548394275,0.0601161548394275,0.0601161548394275,0.0601161548394275,0.0601161548394275,0.060116154839428,0.0601161548394276,0.0601161548394279,0.060116154839428,0.0601161548394279,0.0601161548394281,0.0601161548394278,0.0601161548394275,0.060116154839427,0.060116154839427,0.0601161548394269,0.060116154839427,0.0601161548394271,0.0601161548394272,0.0983537787786744,0.0601161548394271,0.0601161548394271,0.060116154839427,0.0601161548394271,0.0601161548394271,0.0601161548394271,0.060116154839428,0.0601161548394281,0.0601161548394275,0.0601161548394275,0.0601161548394275,0.0983537787786748,0.0601356131419951,0.0601161548394275,0.0601161548394275,0.0601161548394275,0.0983537787786748,0.0601161548394275,0.0601161548394275
"24",0.249045877252033,0.0601161548394275,0.111300888940909,0.118513361568178,0.12999094596967,0.158649108291146,0.0601161548394275,0.152061291641708,0.0601161548394275,0.0601161548394275,0.157911672747313,0.0601161548394275,0.256375506331186,0.117163513784471,0.210236466590964,0.224752772825913,0.200129533928969,0.140719505413206,0.234105524825428,0.186993689562703,0.230465395817843,0.177802065930456,0.224361088994736,1,0.155653867663079,0.17173344046995,0.104198165850106,0.0854906915448123,0.0994774469799639,0.110207840992152,0.0728008847010315,0.186354216584418,0.0824350494182077,0.0739471898745449,0.141181511557456,0.0990852193248274,0.152489254740195,0.138327458277488,0.116630354123157,0.0848053564410669,0.079849697452419,0.0601161548394275,0.073315803512844,0.065852713420624,0.0727083221154634,0.0712003375442856,0.0675665351655929,0.0683640952009427,0.0792571564898234,0.0748414197311638,0.0978320409647106,0.10514176279607,0.0712484461660862,0.0668439061953232,0.0750831341714667,0.0606543886832727,0.0602972054740853,0.0602972054740853,0.0603891899250285,0.0601161548394275,0.0603978800075071,0.0602688395519432,0.0608732884717493,0.0603076736069511,0.060351276409382,0.0604725480816868,0.0621254096974463,0.0605987530554047,0.0605007479532246,0.0601161548394275,0.0603512764093819,0.0608070989127188,0.0601161548394275,0.060541529495326,0.0608397944444939,0.0606213799910811,0.0601585390114887,0.0602702925370352,0.0601551077651478,0.0603348299036932,0.0601841396853568,0.0603686121624418,0.0601161548394275,0.0601585390114887,0.0602725038455827,0.0601435042434455,0.0603122997093926,0.0616253178905596,0.0615857753518296,0.0601161548394275,0.0601161548394275,0.0614358363140908,0.0655329479956167,0.0763590873739032,0.0704209568680121,0.0631786921344124,0.0682456062247939,0.077232369249767,0.062737218338698,0.0625382960440321,0.0644977677973212,0.0687048772777634,0.0632717760898127,0.062737218338698,0.0625382960440323,0.0604259903760327,0.0610499736821643,0.0602846061183627,0.0604826763996347,0.060412711347351,0.0603482201266258,0.0605688360942699,0.0607950615896725,0.0603462985737602,0.0604713869053667,0.0601161548394275,0.0601779449005455,0.0603684451211362,0.0603624779340108,0.0601161548394275,0.0601161548394281,0.0604112306692969,0.0604035743132379,0.0603624779340108,0.060302403994813,0.0601161548394281,0.0606633351312252,0.0604317719885849,0.0604513561827473,0.0611008774883487,0.0602461786271811,0.0601161548394275,0.0606503683106352,0.0601484645292714,0.0606503683106352,0.060320734347462,0.0601627146358922,0.0607380210807512,0.0603126390128308,0.0602021822262147,0.0602190005046069,0.060262947405454,0.06019739921294,0.0601877477223132,0.060231269751622,0.0601161548394275,0.0601161548394275,0.0601161548394275,0.0601161548394275,0.0601161548394275,0.0601161548394275,0.0601161548394275,0.0601161548394275,0.0601161548394275,0.0601161548394275,0.0601161548394275,0.0601161548394275,0.0601161548394275,0.0601161548394275,0.0601161548394275,0.0601161548394275,0.0601161548394279,0.0601161548394275,0.0601161548394278,0.0601161548394279,0.0601161548394279,0.060116154839428,0.0601161548394277,0.0601161548394274,0.0601161548394268,0.0601161548394268,0.0601161548394267,0.0601161548394269,0.0601161548394269,0.0601161548394271,0.060116154839427,0.060116154839427,0.0601161548394269,0.0601161548394269,0.0601161548394269,0.060116154839427,0.060116154839427,0.0601161548394279,0.060116154839428,0.0601161548394275,0.0601161548394275,0.0601161548394275,0.0601161548394275,0.0601435042434455,0.0601161548394275,0.0601161548394275,0.0601161548394275,0.0601161548394275,0.0601161548394275,0.0601161548394275
"25",0.0833376869012922,0.0601161548394275,0.0754709639431849,0.0790002835869401,0.0810777578994836,0.083978167840393,0.0601161548394275,0.0747107138187335,0.0601161548394275,0.0601161548394275,0.0755076156752865,0.0601161548394275,0.0853707123173287,0.0759020225559692,0.088684340123216,0.0872658776045463,0.0815172807258711,0.0725607137445938,0.123479030688376,0.284167095137378,0.191128382388237,0.179672983121358,0.222909463920428,0.155653867663079,1,0.301165192875535,0.104198165850106,0.0820692642057521,0.0783142448029028,0.0945340408548225,0.0712126216580948,0.105373093159848,0.0768274478402453,0.110625354852141,0.07253892265544,0.0661359068584284,0.0741308545739636,0.072197857543794,0.0689342022522911,0.092116170813964,0.0829099196908853,0.0601161548394275,0.0746087018650565,0.0658681408712194,0.0747638991738522,0.0717047340655578,0.0677407309366911,0.0689331683884511,0.0797633759374116,0.0738620967221069,0.101090854738784,0.128857564268122,0.0712783844770137,0.0672269276636608,0.0783533284895301,0.0603649990053333,0.0601998608246296,0.0601998608246296,0.0602423884252865,0.0601161548394275,0.0602464061516909,0.0601867462754118,0.0604662039665285,0.0602047006053706,0.0602248596925891,0.0602809277910333,0.0610451030186491,0.0603392767257521,0.0602939655692996,0.0601161548394275,0.060224859692589,0.0604356022386793,0.0601161548394275,0.0603128202900583,0.0604507185165322,0.060349737942563,0.0601357505115779,0.0601874180407933,0.0601341641274373,0.0602172559028293,0.0601475865906506,0.0602328746122377,0.0601161548394275,0.0601357505115779,0.0601884404053982,0.0601287994170746,0.0602068394129104,0.0608138932387662,0.0607956113522208,0.0601161548394275,0.0601161548394275,0.0607262893368748,0.0626205261089962,0.0676258256723277,0.0648804220718757,0.0615320720052471,0.0638746820528225,0.068029574159133,0.0613279633641425,0.0612359946909307,0.0621419264149179,0.0640870189829648,0.0615751079449332,0.0613279633641425,0.0612359946909307,0.060259402549612,0.0605478916647595,0.0601940357056754,0.0602856104635571,0.0602532631942852,0.0602234466671135,0.060325445077436,0.0604300369669161,0.0602225582666062,0.0602803909389642,0.0601161548394275,0.0601447225268668,0.060232797383251,0.0602300385457677,0.0601161548394275,0.0601161548394277,0.0602525786254874,0.0602490388266451,0.0602300385457677,0.060202264280988,0.0601161548394277,0.060369135258384,0.0602620755895361,0.060271130041457,0.06057142625913,0.0601762693442687,0.0601161548394275,0.0603631402476819,0.0601310927291786,0.0603631402476819,0.0602107390385085,0.0601376810475029,0.0604036651621187,0.0602069962846535,0.0601559282828017,0.0601637039559709,0.0601840221318172,0.0601537169299437,0.0601492547112218,0.0601693764542256,0.0601161548394275,0.0601161548394275,0.0601161548394275,0.0601161548394275,0.0601161548394274,0.0601161548394275,0.0601161548394275,0.0601161548394274,0.0601161548394275,0.0601161548394275,0.0601161548394275,0.0601161548394275,0.0601161548394275,0.0601161548394275,0.0601161548394275,0.0601161548394275,0.0601161548394278,0.0601161548394274,0.0601161548394278,0.0601161548394278,0.0601161548394277,0.0601161548394279,0.0601161548394276,0.0601161548394273,0.0601161548394271,0.0601161548394271,0.060116154839427,0.0601161548394271,0.0601161548394271,0.0601161548394272,0.0601161548394271,0.0601161548394271,0.0601161548394271,0.0601161548394271,0.0601161548394271,0.0601161548394272,0.0601161548394271,0.0601161548394278,0.0601161548394279,0.0601161548394275,0.0601161548394275,0.0601161548394275,0.0601161548394275,0.0601287994170746,0.0601161548394275,0.0601161548394275,0.0601161548394275,0.0601161548394275,0.0601161548394275,0.0601161548394275
"26",0.0903241540703456,0.0983537787786748,0.116908723747831,0.0828026145861812,0.0854464203358221,0.0895076051519904,0.0983537787786748,0.0790206946784145,0.0601161548394275,0.0983537787786748,0.0800772453157107,0.0983537787786748,0.0927970759329624,0.0793216447924259,0.0962462566250725,0.0950959303432331,0.0879892917834065,0.0763003082811997,0.12942015034762,0.330490017797241,0.246908919477068,0.225348997495734,0.313140288160657,0.17173344046995,0.301165192875535,1,0.104198165850106,0.122530603640208,0.0812015739018654,0.0986803881419395,0.110564904031809,0.114083853135182,0.11695008258075,0.0736073864361777,0.0762896377794622,0.0679442340179654,0.0783891466876969,0.0758271882977519,0.0715664447044001,0.132716608146091,0.123003549804541,0.0601161548394275,0.114072878782821,0.066390115846931,0.0759477359045402,0.110961188564801,0.06842198422377,0.0696950137258565,0.119755563112357,0.113415090808784,0.142874069478473,0.133265577835374,0.110528946297501,0.0678467998702292,0.118009224486352,0.0604044808961673,0.0602131417089045,0.0602131417089045,0.06026241678576,0.0601161548394275,0.0602670719690833,0.06019794639079,0.0605217431485402,0.0602187493746156,0.0602421069249284,0.0603070708499393,0.0611924909651138,0.0603746774912331,0.0603221772165382,0.0601161548394275,0.0602421069249283,0.0604862861166741,0.0601161548394275,0.0603440234481648,0.060503800759905,0.0603867984962839,0.0601388595826137,0.0984363486784578,0.0601370215010093,0.0984709206487151,0.0601525735870947,0.060251393500601,0.0601161548394275,0.0601388595826137,0.0601999093133155,0.0601308056197617,0.0984588514669746,0.0609245971856045,0.0609034146747017,0.0601161548394275,0.0601161548394275,0.0608230939516611,0.063017872426975,0.0688173183599111,0.0656363259850388,0.061756722990202,0.0644710141412043,0.0692851260285841,0.0615202302461506,0.0614136697214373,0.0624633375756224,0.102954664622988,0.0618065870597197,0.0615202302461507,0.0614136697214374,0.0602821303898856,0.0606163915074011,0.0602063923701287,0.0603124964804695,0.0602750169576463,0.0602404697072666,0.0603586512982835,0.0604798378527321,0.0602394403521513,0.0603064488203267,0.0601161548394275,0.0601492551077806,0.0602513040183776,0.0602481074606853,0.0601161548394275,0.0601161548394278,0.0602742237744052,0.06027012234716,0.0602481074606853,0.0602159265003095,0.0601161548394277,0.060409273411706,0.0602852275372831,0.0602957185785691,0.0606436601265672,0.0601858071781538,0.0601161548394275,0.0604023272259693,0.0601334627913028,0.0604023272259693,0.0602257458722398,0.0601410964195057,0.0604492818681919,0.0602214092889149,0.0601622387813568,0.0601712481514388,0.0601947900315571,0.0601596765728063,0.0601545063735224,0.060177820654546,0.0601161548394275,0.0601161548394275,0.0601161548394275,0.0601161548394275,0.0601161548394274,0.0601161548394275,0.0983537787786748,0.0601161548394274,0.0601161548394275,0.0983537787786748,0.0601161548394275,0.0601161548394275,0.0601161548394275,0.0601161548394275,0.0601161548394275,0.0601161548394275,0.0601161548394279,0.0601161548394274,0.0601161548394279,0.060116154839428,0.0601161548394279,0.060116154839428,0.0601161548394276,0.0601161548394273,0.0601161548394271,0.0601161548394271,0.060116154839427,0.0601161548394271,0.060116154839427,0.0601161548394272,0.0983537787786744,0.0601161548394271,0.0601161548394271,0.060116154839427,0.0601161548394271,0.0601161548394272,0.0601161548394271,0.0601161548394279,0.060116154839428,0.0601161548394275,0.0601161548394275,0.0601161548394275,0.0983537787786748,0.0601308056197617,0.0601161548394275,0.0601161548394275,0.0601161548394275,0.0983537787786748,0.0601161548394275,0.0601161548394275
"27",0.0601161548394275,0.0601161548394275,0.0601161548394275,0.0601161548394275,0.0601161548394275,0.0601161548394275,0.0601161548394275,0.0601161548394275,0.0601161548394275,0.0601161548394275,0.0983537787786748,0.0601161548394275,0.0601161548394275,0.0601161548394275,0.0601161548394275,0.0601161548394275,0.0601161548394275,0.0601161548394275,0.142435789789353,0.104198165850106,0.104198165850106,0.104198165850106,0.104198165850106,0.104198165850106,0.104198165850106,0.104198165850106,1,0.0601161548394275,0.0601161548394275,0.0601161548394275,0.0601161548394275,0.0601161548394275,0.0601161548394275,0.0601161548394275,0.0601161548394275,0.0601161548394275,0.0601161548394275,0.0601161548394275,0.0601161548394275,0.0601161548394275,0.0601161548394275,0.0983537787786748,0.0601161548394275,0.0601161548394275,0.0601161548394275,0.0601161548394275,0.0983537787786748,0.0601161548394275,0.0601161548394275,0.0601161548394275,0.0601161548394275,0.0601161548394275,0.0601161548394275,0.0601161548394275,0.0601161548394275,0.0601161548394275,0.0601161548394275,0.0983537787786748,0.0601161548394275,0.0601161548394275,0.0601161548394275,0.0601161548394275,0.0601161548394275,0.0601161548394275,0.0601161548394275,0.0601161548394275,0.0601161548394275,0.0601161548394275,0.0601161548394275,0.0601161548394275,0.0601161548394275,0.0601161548394275,0.0601161548394275,0.0601161548394275,0.0601161548394275,0.0601161548394275,0.0601161548394275,0.0601161548394275,0.0601161548394275,0.0601161548394275,0.0601161548394275,0.0601161548394275,0.0601161548394275,0.0601161548394275,0.0601161548394275,0.0983537787786748,0.0601161548394275,0.0601161548394275,0.0601161548394275,0.0601161548394275,0.0601161548394275,0.0601161548394275,0.0601161548394275,0.0601161548394275,0.0601161548394275,0.0601161548394275,0.0601161548394275,0.0601161548394275,0.0601161548394275,0.0601161548394275,0.0601161548394275,0.0601161548394275,0.0601161548394275,0.0601161548394275,0.0601161548394275,0.0601161548394275,0.0601161548394275,0.0601161548394275,0.0601161548394275,0.0601161548394275,0.0601161548394275,0.0601161548394275,0.0601161548394275,0.0601161548394275,0.0601161548394275,0.0601161548394275,0.0601161548394275,0.0601161548394275,0.0601161548394275,0.0601161548394275,0.0601161548394275,0.0601161548394275,0.0601161548394275,0.0601161548394275,0.0601161548394275,0.0601161548394275,0.0601161548394275,0.0601161548394275,0.0601161548394275,0.0601161548394275,0.0601161548394275,0.0601161548394275,0.0601161548394275,0.0601161548394275,0.0601161548394275,0.0601161548394275,0.0601161548394275,0.0601161548394275,0.0601161548394275,0.0601161548394275,0.0601161548394275,0.0601161548394275,0.0601161548394275,0.0601161548394275,0.0601161548394275,0.0601161548394275,0.0601161548394275,0.0601161548394275,0.0601161548394275,0.0601161548394275,0.0601161548394275,0.0601161548394275,0.0601161548394275,0.0601161548394275,0.0601161548394275,0.0601161548394275,0.0601161548394275,0.0601161548394275,0.0601161548394275,0.0601161548394275,0.0601161548394275,0.0601161548394275,0.0601161548394275,0.0601161548394275,0.0601161548394275,0.0601161548394275,0.0601161548394275,0.0601161548394275,0.0601161548394275,0.0601161548394275,0.0601161548394275,0.0601161548394275,0.0601161548394275,0.0601161548394275,0.0601161548394275,0.0601161548394275,0.0601161548394275,0.0601161548394275,0.0601161548394275,0.0601161548394275,0.0601161548394275,0.0601161548394275,0.0601161548394275,0.0601161548394275,0.0601161548394275,0.0601161548394275,0.0601161548394275,0.0601161548394275,0.0601161548394275,0.0601161548394275,0.0601161548394275,0.0601161548394275,0.0601161548394275,0.0601161548394275,0.0601161548394275
"28",0.0730422897416534,0.0983537787786748,0.114651675439139,0.0808882898018203,0.0823652129815352,0.0824063828269415,0.0983537787786748,0.0686821866136139,0.0601161548394275,0.0983537787786748,0.0690171684748053,0.0983537787786748,0.0751117940881521,0.0761637003358201,0.0816595343481554,0.0770757877092927,0.0718475108172889,0.067067892929277,0.0700829800501573,0.139913422117731,0.136315901118983,0.172859072496291,0.125616689148918,0.0854906915448123,0.0820692642057521,0.122530603640208,0.0601161548394275,1,0.149988186967971,0.243970824334174,0.314904324345194,0.156173409115848,0.291063833807027,0.285664197594048,0.0669592475779771,0.0634822222591456,0.0676890893610843,0.0668718859259434,0.0651380727671786,0.170890052909773,0.186604730532785,0.0601161548394275,0.178360846651677,0.110659870691242,0.118872551417374,0.180968391245672,0.120872666392754,0.116448414106404,0.246169807156996,0.265519233316318,0.235399518672832,0.126419238050671,0.19643825950526,0.108220210359454,0.156051632559705,0.0607422963539916,0.0603267757802952,0.0603267757802952,0.0604337836990436,0.0601161548394275,0.060443893099385,0.0602937769608132,0.0609969482058976,0.0603389536331792,0.0603896779142054,0.0605307564239259,0.062453573592129,0.0606775739722688,0.0605635620723938,0.0601161548394275,0.0603896779142054,0.060919948159889,0.0601161548394275,0.0606110043074549,0.0609579837275494,0.0607038964786223,0.0601654614558584,0.0985330911956395,0.0601614697972042,0.0986081692030285,0.0601952433896651,0.0604098450493673,0.0601161548394275,0.0601654614558585,0.0602980397294896,0.0601479711167771,0.0985819592384485,0.0618718037072263,0.0618258028372084,0.0601161548394275,0.0601161548394275,0.0616513748311374,0.0664176520597783,0.079011983287187,0.0721040006860422,0.0636788846123959,0.0695733583601741,0.0800278949446315,0.0631653065937529,0.0629338950831493,0.0652133998474392,0.108345264333131,0.0637871716134504,0.063165306593753,0.0629338950831492,0.0604765946266571,0.0612024907345128,0.0603121186200939,0.0605425389612223,0.0604611467851179,0.0603861224605003,0.0606427707885406,0.0609059448270071,0.0603838870677703,0.0605294055971267,0.0601161548394275,0.0601880368343924,0.0604096507258437,0.0604027089409171,0.0601161548394275,0.0601161548394272,0.0604594242735927,0.0604505174342445,0.0604027089409172,0.0603328233554878,0.0601161548394271,0.0607527039909965,0.0604833205278276,0.0605061033333582,0.061261708464252,0.0602674149140662,0.0601161548394275,0.0607376193493001,0.0601537415470738,0.0607376193493001,0.0603541475343761,0.0601703190689895,0.0608395881103949,0.0603447300197681,0.0602162327495637,0.0602357978929029,0.0602869224726213,0.0602106685450638,0.0601994407134661,0.0602500710290063,0.0601161548394275,0.0601161548394275,0.0601161548394275,0.0601161548394275,0.060116154839427,0.0601161548394275,0.0983537787786748,0.060116154839427,0.0601161548394275,0.0983537787786748,0.0601161548394275,0.0601161548394275,0.0601161548394275,0.0601161548394275,0.0601161548394275,0.0601161548394275,0.0601161548394273,0.0601161548394272,0.0601161548394272,0.0601161548394271,0.0601161548394272,0.0601161548394272,0.0601161548394272,0.0601161548394272,0.0601161548394272,0.0601161548394272,0.0601161548394271,0.0601161548394272,0.0601161548394271,0.0601161548394273,0.0983537787786745,0.0601161548394272,0.0601161548394272,0.0601161548394272,0.0601161548394272,0.0601161548394273,0.0601161548394272,0.0601161548394274,0.0601161548394273,0.0601161548394275,0.0601161548394275,0.0601161548394275,0.0983537787786748,0.0601479711167771,0.0601161548394275,0.0601161548394275,0.0601161548394275,0.0983537787786748,0.0601161548394275,0.0601161548394275
"29",0.0813238706302166,0.0601161548394275,0.0922404372988663,0.101324759678558,0.103970588519044,0.102945117308521,0.0601161548394275,0.0744774166412734,0.0601161548394275,0.0601161548394275,0.0749515637311944,0.0601161548394275,0.0853708039377493,0.0914890715852201,0.0993809985386432,0.0892246391996617,0.0792375512382292,0.0715388188486386,0.0759365889720376,0.0931630784174927,0.103403841555187,0.117116047896552,0.08812056515191,0.0994774469799639,0.0783142448029028,0.0812015739018654,0.0601161548394275,0.149988186967971,1,0.216495804408661,0.126810538944326,0.208079945406028,0.150854469840406,0.128461568176982,0.071293515057165,0.0656493753542924,0.0723823724594294,0.0712213839331328,0.0684343223657219,0.0849618142773955,0.0837541339695151,0.0601161548394275,0.0773807178381163,0.0686916825666061,0.0751798278172556,0.0757091884776848,0.0709364293153364,0.0713541176345312,0.0875785159400455,0.0843976430599668,0.106802049656241,0.0929055776572658,0.0767577129421752,0.0694357836609538,0.0767921306686509,0.0649615272007024,0.0617460370016041,0.0617460370016042,0.0625741137220927,0.0601161548394275,0.0626523449331892,0.0614906768886715,0.0669321408978744,0.0618402748542483,0.0622328027790274,0.0633245334754736,0.0782041812002593,0.0644606755046195,0.0635783987418427,0.0601161548394275,0.0622328027790275,0.0663362789624041,0.0601161548394275,0.063945528678406,0.0666306157600769,0.0646643712216375,0.0604977122205186,0.0615037571768989,0.0604668229214351,0.0620847454894129,0.060728178585675,0.0623888653895514,0.0601161548394275,0.0604977122205186,0.0615236641623924,0.0603623638949433,0.0618819206726374,0.073702177012135,0.0733462010242901,0.0601161548394275,0.0601161548394275,0.0719963965152627,0.10888005206693,0.206340806574436,0.152883645231316,0.0876862040552472,0.133300365578398,0.214202400402622,0.0837119000377019,0.0819211308402,0.0995609919983476,0.137434886831249,0.0885241789056395,0.0837119000377021,0.0819211308402,0.0629054044616316,0.0685227239594433,0.0616326131233164,0.0634157121934257,0.0627858619258055,0.0622052890353802,0.0641913523873947,0.0662279147020384,0.0621879905335247,0.0633140801535175,0.0601161548394275,0.0606724109310179,0.062387361624332,0.062333642884977,0.0601161548394275,0.060116154839428,0.0627725323357063,0.0627036070972398,0.0623336428849771,0.061792835932851,0.060116154839428,0.0650420663048959,0.0629574525927229,0.0631337564691825,0.0689809781149361,0.0612866751898055,0.0601161548394275,0.064925334377279,0.0604070181509021,0.064925334377279,0.0619578522823556,0.06053530267547,0.0657144157673954,0.0618849752027604,0.060890603951113,0.0610420080707469,0.0614376336917723,0.0608475455656374,0.0607606594166847,0.0611524601931123,0.0601161548394275,0.0601161548394275,0.0601161548394275,0.0601161548394275,0.060116154839427,0.0601161548394275,0.0601161548394275,0.060116154839427,0.0601161548394275,0.0601161548394275,0.0601161548394275,0.0601161548394275,0.0601161548394275,0.0601161548394275,0.0601161548394275,0.0601161548394275,0.0601161548394272,0.0601161548394273,0.0601161548394272,0.0601161548394271,0.0601161548394271,0.0601161548394272,0.0601161548394273,0.0601161548394274,0.0601161548394276,0.0601161548394276,0.0601161548394276,0.0601161548394276,0.0601161548394276,0.0601161548394276,0.0601161548394276,0.0601161548394276,0.0601161548394276,0.0601161548394276,0.0601161548394276,0.0601161548394276,0.0601161548394276,0.0601161548394274,0.0601161548394273,0.0601161548394275,0.0601161548394275,0.0601161548394275,0.0601161548394275,0.0603623638949434,0.0601161548394275,0.0601161548394275,0.0601161548394275,0.0601161548394275,0.0601161548394275,0.0601161548394275
"30",0.0862007223108887,0.0601161548394275,0.0956454972543192,0.105529417818495,0.10861900288223,0.108166053250838,0.0601161548394275,0.077552766391915,0.0601161548394275,0.0601161548394275,0.0781917472482743,0.0601161548394275,0.0906964398600895,0.0949732524961053,0.105511970759196,0.0949694373636364,0.0837278698260138,0.0741529241036716,0.0799680280459326,0.124385308056014,0.128156968328126,0.186328896045598,0.106275713325402,0.110207840992152,0.0945340408548225,0.0986803881419395,0.0601161548394275,0.243970824334174,0.216495804408661,1,0.173078629091564,0.218207695785599,0.24998220460438,0.177903419131229,0.0739007983025091,0.0669139626098421,0.0753203475254105,0.0737594232438976,0.0702888760658408,0.12662050505432,0.126296314796629,0.0601161548394275,0.109520588037397,0.0853818727153883,0.102313458312597,0.105469441451492,0.0918045373130133,0.0925755831031587,0.140291744324633,0.133055308383809,0.191196986262828,0.138720598684679,0.109146479901273,0.0871328499664699,0.106005840709106,0.0616517342467425,0.0606326917117206,0.0606326917117206,0.0608951230513264,0.0601161548394275,0.0609199158283956,0.0605517638280342,0.0622762546318712,0.0606625572607683,0.0607869559144,0.0611329436013723,0.0658485524195749,0.0614930059812395,0.0612133977432222,0.0601161548394275,0.0607869559144,0.062087416035064,0.0601161548394275,0.0613297473503033,0.062180696280961,0.0615575605551896,0.0602370767445814,0.0605559091897823,0.0602272874099241,0.0607400340871211,0.0603101153839311,0.0608364147615438,0.0601161548394275,0.0602370767445814,0.0605622180458836,0.0601941826002156,0.0606757555160001,0.0644217921197506,0.0643089773852622,0.0601161548394275,0.0601161548394275,0.0638812017978727,0.075570248110258,0.106457188573153,0.0895157215378942,0.0688535637892263,0.0833094532223614,0.108948658926955,0.0675940404847773,0.0670265158245639,0.0726168823687039,0.0846197520439199,0.0691191320114741,0.0675940404847774,0.0670265158245639,0.0610001146184428,0.062780336962983,0.0605967457907868,0.061161839659557,0.0609622295927678,0.0607782363496257,0.0614076529883455,0.0620530735915322,0.0607727541655446,0.0611296307690998,0.0601161548394275,0.0602924416829874,0.060835938193237,0.0608189138277621,0.0601161548394275,0.0601161548394279,0.060958005223093,0.0609361616641379,0.0608189138277621,0.0606475230744622,0.0601161548394278,0.0616772584336717,0.0610166095402646,0.061072483182564,0.0629255653565975,0.0604871122833287,0.0601161548394275,0.0616402641366684,0.0602083342795499,0.0616402641366684,0.0606998195109958,0.0602489897874276,0.0618903372049517,0.0606767235476008,0.060361590694353,0.0604095731879487,0.0605349535532448,0.0603479447730245,0.0603204091016323,0.06044457730981,0.0601161548394275,0.0601161548394275,0.0601161548394275,0.0601161548394275,0.0601161548394268,0.0601161548394275,0.0601161548394275,0.0601161548394268,0.0601161548394275,0.0601161548394275,0.0601161548394275,0.0601161548394275,0.0601161548394275,0.0601161548394275,0.0601161548394275,0.0601161548394275,0.0601161548394276,0.0601161548394276,0.0601161548394276,0.0601161548394276,0.0601161548394276,0.0601161548394276,0.0601161548394276,0.0601161548394277,0.0601161548394278,0.0601161548394278,0.0601161548394279,0.0601161548394277,0.0601161548394278,0.0601161548394277,0.0601161548394277,0.0601161548394277,0.0601161548394278,0.0601161548394278,0.0601161548394277,0.0601161548394278,0.0601161548394278,0.0601161548394277,0.0601161548394277,0.0601161548394275,0.0601161548394275,0.0601161548394275,0.0601161548394275,0.0601941826002156,0.0601161548394275,0.0601161548394275,0.0601161548394275,0.0601161548394275,0.0601161548394275,0.0601161548394275
"31",0.0665705199715015,0.0983537787786748,0.106457259396036,0.07044257288826,0.0711786137054526,0.0712061731632496,0.0983537787786748,0.0643914363780027,0.0601161548394275,0.0983537787786748,0.0645591851629807,0.0983537787786748,0.0675997049653971,0.0680968105387873,0.070848234735851,0.0685763336812786,0.0659747424822393,0.0635872344969773,0.0650962655255677,0.119373176411262,0.117417509987018,0.13583316351289,0.112085765857779,0.0728008847010315,0.0712126216580948,0.110564904031809,0.0601161548394275,0.314904324345194,0.126810538944326,0.173078629091564,1,0.13003159449464,0.215024346106376,0.297016811727232,0.0635334145170234,0.0617968547191943,0.0638985396747724,0.0634893363622722,0.0626232281701085,0.13631756827359,0.145986162871247,0.0601161548394275,0.143234704375997,0.0914515919833468,0.0921958953403847,0.146557035510229,0.0968038067644148,0.0924803760354722,0.181236599710605,0.213149337888758,0.168274228615488,0.0940316741196348,0.159162922483363,0.0879835119236894,0.129294765470655,0.06042536075791,0.0602201652587303,0.0602201652587302,0.0602730087150925,0.0601161548394275,0.0602780010153077,0.0602038695331642,0.0605511148533189,0.0602261790177584,0.0602512280642428,0.0603208965164402,0.0612704365720662,0.0603933990639135,0.060337096848841,0.0601161548394275,0.0602512280642428,0.0605130901106762,0.0601161548394275,0.0603605251306683,0.0605318731211616,0.0604063978422479,0.0601405038041042,0.0984423281869048,0.0601385326131643,0.0984794037739608,0.060155210942958,0.0602611871508164,0.0601161548394275,0.0601405038041042,0.0602059746056969,0.060131866593131,0.0984664605718526,0.060983142585926,0.0609604260898399,0.0601161548394275,0.0601161548394275,0.0608742887381841,0.0632280076562663,0.0694474351567104,0.0660360831614057,0.0618755288884775,0.0647863823086098,0.0699491203026894,0.0616219099233181,0.0615076325482849,0.0626333147589894,0.103287849425668,0.0619290039908977,0.0616219099233181,0.0615076325482849,0.0602941499297957,0.0606526174128358,0.0602129271494901,0.0603267150577482,0.0602865213603421,0.0602494722833167,0.0603762122936066,0.0605061748793668,0.0602483683848431,0.060320229440977,0.0601161548394275,0.0601516521475576,0.0602610911885105,0.0602576631439961,0.0601161548394275,0.0601161548394274,0.0602856707367275,0.0602812722942391,0.0602576631439961,0.0602231517178588,0.0601161548394274,0.060430500335601,0.0602974713649677,0.0603087221415827,0.0606818607581316,0.0601908512286952,0.0601161548394275,0.0604230511242291,0.0601347161904803,0.0604230511242291,0.0602336821844801,0.0601429026272057,0.0604734061058067,0.0602290315564888,0.0601655760667441,0.0601752378731819,0.0602004845981814,0.0601628283093713,0.0601572836970097,0.0601822863407501,0.0601161548394275,0.0601161548394275,0.0601161548394275,0.0601161548394275,0.0601161548394275,0.0601161548394275,0.0983537787786748,0.0601161548394275,0.0601161548394275,0.0983537787786748,0.0601161548394275,0.0601161548394275,0.0601161548394275,0.0601161548394275,0.0601161548394275,0.0601161548394275,0.0601161548394272,0.0601161548394272,0.0601161548394272,0.0601161548394271,0.0601161548394272,0.0601161548394272,0.0601161548394272,0.0601161548394271,0.060116154839427,0.060116154839427,0.0601161548394269,0.0601161548394271,0.060116154839427,0.0601161548394272,0.0983537787786743,0.060116154839427,0.0601161548394271,0.060116154839427,0.060116154839427,0.0601161548394272,0.0601161548394271,0.0601161548394273,0.0601161548394272,0.0601161548394275,0.0601161548394275,0.0601161548394275,0.0983537787786748,0.060131866593131,0.0601161548394275,0.0601161548394275,0.0601161548394275,0.0983537787786748,0.0601161548394275,0.0601161548394275
"32",0.129185920576918,0.0601161548394275,0.16937517688696,0.238699928401022,0.209271004985361,0.243227798549609,0.0601161548394275,0.145390263839672,0.0983537787786748,0.0601161548394275,0.108631890563257,0.0601161548394275,0.142927008730719,0.204872474859035,0.229606487114933,0.194259625597631,0.16052023603818,0.135570048614916,0.111182477469014,0.140242697918374,0.183867860967416,0.180437621511267,0.137682698728435,0.186354216584418,0.105373093159848,0.114083853135182,0.0601161548394275,0.156173409115848,0.208079945406028,0.218207695785599,0.13003159449464,1,0.153236802715425,0.132155856257972,0.134713409001385,0.116383591179264,0.0999285138679032,0.0963021692386703,0.125512402617689,0.0991870767023309,0.0939020189178032,0.0601161548394275,0.0835489176186044,0.109148037289361,0.119857622696779,0.0804278716055085,0.0739582274737715,0.0750190105878843,0.095540194337479,0.0890505275380869,0.126410802959967,0.160584028074142,0.0810633531806268,0.110598456219846,0.0848810164641155,0.0615366541796524,0.098831605117579,0.0605939811783318,0.060836745273102,0.0601161548394275,0.0608596800189714,0.0605191182276863,0.062114371483497,0.0988592324695187,0.0607366844453087,0.0992943669101709,0.0654189525597667,0.061389821397611,0.0611311676831022,0.0983537787786748,0.0607366844453086,0.100177308851085,0.0983537787786748,0.0612387977667741,0.0620259745085349,0.0614495380942976,0.0984656385012464,0.060522952925911,0.0602189588639636,0.0606932790542394,0.0985332034467729,0.0990200606650312,0.0601161548394275,0.0984656385012464,0.0605287889809444,0.0601883350094597,0.0606338176760568,0.064099117157634,0.0639947570345787,0.0983537787786748,0.0983537787786748,0.063599039993339,0.0744120806576713,0.141221902387616,0.12555007022355,0.106436384985391,0.0815712908575754,0.143526655874741,0.0670336294909501,0.104746260452593,0.0716800473500241,0.0827833926887512,0.0684444269379176,0.105271253430197,0.104746260452593,0.060933868516034,0.0625806766549215,0.0605607291324091,0.0610834734880119,0.0608988226866102,0.0607286183459918,0.0613108649662378,0.0619079161748089,0.0607235470101605,0.0610536784103845,0.0983537787786748,0.0602792303168494,0.0607819958726694,0.0607662473546769,0.0601161548394275,0.0601161548394284,0.0608949149015048,0.060874708352149,0.0607662473546769,0.060607701042566,0.0601161548394284,0.0615602655217432,0.0609491272681726,0.061000813603405,0.0627150212784092,0.0604593118274695,0.0983537787786748,0.0615260436676112,0.0602014261274198,0.0615260436676112,0.0606560782565601,0.0602390348123513,0.0617573756500617,0.0606347131610083,0.0603431971326026,0.060387583701067,0.0605035677559011,0.0603305738699101,0.0603051017889099,0.0604199645286376,0.0601161548394275,0.0983537787786748,0.0983537787786748,0.0601161548394275,0.060116154839427,0.0983537787786748,0.0601161548394275,0.060116154839427,0.0983537787786748,0.0601161548394275,0.0601161548394275,0.0601161548394275,0.0983537787786748,0.0983537787786748,0.0983537787786748,0.0601161548394275,0.098353778778675,0.0601161548394277,0.0601161548394277,0.0601161548394277,0.0601161548394277,0.0601161548394277,0.0601161548394277,0.0601161548394278,0.060116154839428,0.060116154839428,0.0601161548394281,0.0601161548394279,0.060116154839428,0.0601161548394279,0.0601161548394279,0.0983537787786752,0.0601161548394279,0.060116154839428,0.060116154839428,0.0601161548394279,0.060116154839428,0.0601161548394277,0.0601161548394278,0.0601161548394275,0.0601161548394275,0.0983537787786748,0.0601161548394275,0.0601883350094597,0.0983537787786748,0.0601161548394275,0.0601161548394275,0.0601161548394275,0.0601161548394275,0.0983537787786748
"33",0.0716509178814739,0.0983537787786748,0.113666563957591,0.0796706341947897,0.0810203889784115,0.0809009872368942,0.0983537787786748,0.067804007351372,0.0601161548394275,0.0983537787786748,0.0680921531185503,0.0983537787786748,0.07359073265549,0.0751568786194919,0.0799004303580233,0.0754335385445154,0.0705667367548739,0.0663220422374777,0.068934153428973,0.129731516685436,0.129734558997605,0.157808495625956,0.120102376963988,0.0824350494182077,0.0768274478402453,0.11695008258075,0.0601161548394275,0.291063833807027,0.150854469840406,0.24998220460438,0.215024346106376,0.153236802715425,1,0.180932274976053,0.0662155131105413,0.063121407171815,0.0668512832373928,0.0661477264252505,0.0646087666649573,0.139816371674168,0.144507757600031,0.0601161548394275,0.137110522742649,0.0828686241511463,0.0903017564115443,0.13672457688784,0.0878497347111945,0.0867269508943174,0.16672470847527,0.170509567747375,0.178272874484775,0.10320510225074,0.142506926209117,0.0826356814330111,0.129292561759616,0.0607541420718263,0.0603307604326104,0.0603307604326103,0.0604397927908539,0.0601161548394275,0.0604500934468477,0.0602971373218216,0.061013611579028,0.0603431686733632,0.0603948525865275,0.0605386001034608,0.0624977942712586,0.060688195233565,0.0605720263887115,0.0601161548394275,0.0603948525865275,0.0609351548003208,0.0601161548394275,0.0606203661642117,0.060973909947488,0.06071501572476,0.0601663942677745,0.0985364835346655,0.0601623270925468,0.0986129819124826,0.0601967396339305,0.0604154012555553,0.0601161548394275,0.0601663942677745,0.0603014807360928,0.0601485730360491,0.0985862760921932,0.0619050181174203,0.0618581469755651,0.0601161548394275,0.0601161548394275,0.0616804190366605,0.0665368675346666,0.0793694658160248,0.0723307938885959,0.0637462864546777,0.0697522753650399,0.0804045970948468,0.0632229922614109,0.06298720277012,0.0653098325622378,0.1085342892035,0.0638566220936672,0.0632229922614109,0.06298720277012,0.0604834136410756,0.0612230426835323,0.0603158259795283,0.0605506055498099,0.0604676735480759,0.0603912298686327,0.0606527336224926,0.0609208865440533,0.0603889521854125,0.060537223720916,0.0601161548394275,0.0601893967407551,0.0604152032557036,0.0604081301419584,0.0601161548394275,0.0601161548394275,0.0604659184490528,0.0604568431048166,0.0604081301419584,0.0603369224194299,0.0601161548394275,0.0607647466067018,0.0604902667868471,0.0605134806110524,0.0612833807295275,0.0602702765421836,0.0601161548394275,0.0607493765847757,0.0601544526347794,0.0607493765847757,0.0603586500218254,0.0601713437801212,0.0608532744515819,0.0603490543410708,0.0602181260830309,0.0602380613713963,0.0602901531563417,0.0602124566115986,0.0602010163652003,0.0602526045351835,0.0601161548394275,0.0601161548394275,0.0601161548394275,0.0601161548394275,0.0601161548394267,0.0601161548394275,0.0983537787786748,0.0601161548394267,0.0601161548394275,0.0983537787786748,0.0601161548394275,0.0601161548394275,0.0601161548394275,0.0601161548394275,0.0601161548394275,0.0601161548394275,0.0601161548394274,0.0601161548394275,0.0601161548394274,0.0601161548394274,0.0601161548394274,0.0601161548394274,0.0601161548394274,0.0601161548394274,0.0601161548394275,0.0601161548394275,0.0601161548394274,0.0601161548394275,0.0601161548394274,0.0601161548394275,0.0983537787786747,0.0601161548394274,0.0601161548394275,0.0601161548394275,0.0601161548394274,0.0601161548394275,0.0601161548394274,0.0601161548394276,0.0601161548394275,0.0601161548394275,0.0601161548394275,0.0601161548394275,0.0983537787786748,0.0601485730360492,0.0601161548394275,0.0601161548394275,0.0601161548394275,0.0983537787786748,0.0601161548394275,0.0601161548394275
"34",0.067143337190718,0.0601161548394275,0.0688900698433701,0.0712945085034569,0.0720938565713435,0.0721337556453311,0.0601161548394275,0.0647680827078739,0.0601161548394275,0.0601161548394275,0.0649514019775928,0.0601161548394275,0.0682579636406902,0.0687594275587619,0.0717652206680739,0.0693155504339691,0.0664958262567449,0.0638951343365617,0.0655430598386948,0.083379038062328,0.0810246881476567,0.10131302916586,0.0752348182673665,0.0739471898745449,0.110625354852141,0.0736073864361777,0.0601161548394275,0.285664197594048,0.128461568176982,0.177903419131229,0.297016811727232,0.132155856257972,0.180932274976053,1,0.0638371448276348,0.0619459192077726,0.0642356572773108,0.0637885102865628,0.0628450148256063,0.103914036273031,0.11701484743334,0.0601161548394275,0.115947766340591,0.102848114571249,0.0989159367605455,0.122419529036481,0.109032370895125,0.101337890104692,0.163176180077167,0.229360489601522,0.138347018066103,0.0981841590991237,0.143041242757644,0.0958932884110936,0.0968139521987903,0.0604479372477018,0.060227759518831,0.0602277595188309,0.0602844613093382,0.0601161548394275,0.0602898181194418,0.0602102739703673,0.0605828732050403,0.060234212368967,0.0602610903569704,0.0603358456105705,0.0613547157795326,0.0604136418892601,0.0603532288007927,0.0601161548394275,0.0602610903569703,0.0605420721079915,0.0601161548394275,0.060378367684953,0.0605622265490323,0.0604275897658131,0.0601422816295582,0.0602111696310524,0.0601401665132614,0.0602509522704727,0.0601580626015773,0.0602717766004414,0.0601161548394275,0.0601422816295582,0.060212532743543,0.0601330137776635,0.0602370640280118,0.0610464451905604,0.0610220700627622,0.0601161548394275,0.0601161548394275,0.0609296434426154,0.063455217774679,0.070128753146545,0.0664683232749971,0.0620039885585023,0.0651273762433307,0.0706670685408465,0.0617318517525266,0.0616092304816084,0.0628171037223658,0.0654104837768812,0.0620613681143363,0.0617318517525266,0.0616092304816083,0.0603071461375022,0.0606917869147379,0.0602199929232662,0.0603420889892781,0.0602989605724993,0.0602592063787239,0.0603952002369432,0.0605346519651014,0.0602580218797471,0.0603351298289813,0.0601161548394275,0.0601542439628067,0.0602716736315038,0.0602679952903186,0.0601161548394275,0.0601161548394274,0.0602980478410977,0.0602933282488964,0.0602679952903186,0.0602309640325309,0.0601161548394273,0.06045345208866,0.0603107100853259,0.0603227823308334,0.0607231654458342,0.0601963051419904,0.0601161548394275,0.0604454589774646,0.0601360714367013,0.0604454589774646,0.0602422633750305,0.0601448556013294,0.0604994905986523,0.0602372731841489,0.0601691845288313,0.0601795517864309,0.0602066418863309,0.0601662361455566,0.0601602866965574,0.0601871148937476,0.0601161548394275,0.0601161548394275,0.0601161548394275,0.0601161548394275,0.0601161548394274,0.0601161548394275,0.0601161548394275,0.0601161548394274,0.0601161548394275,0.0601161548394275,0.0601161548394275,0.0601161548394275,0.0601161548394275,0.0601161548394275,0.0601161548394275,0.0601161548394275,0.0601161548394271,0.0601161548394271,0.0601161548394271,0.060116154839427,0.060116154839427,0.060116154839427,0.0601161548394271,0.060116154839427,0.060116154839427,0.060116154839427,0.0601161548394268,0.060116154839427,0.0601161548394269,0.0601161548394271,0.060116154839427,0.060116154839427,0.060116154839427,0.0601161548394269,0.060116154839427,0.0601161548394271,0.060116154839427,0.0601161548394272,0.0601161548394271,0.0601161548394275,0.0601161548394275,0.0601161548394275,0.0601161548394275,0.0601330137776635,0.0601161548394275,0.0601161548394275,0.0601161548394275,0.0601161548394275,0.0601161548394275,0.0601161548394275
"35",0.111551756599153,0.0601161548394275,0.0775806907814583,0.117038097652218,0.0839578494883928,0.137151134724895,0.0601161548394275,0.194364378952985,0.0983537787786748,0.0601161548394275,0.201798737709171,0.0601161548394275,0.114052809629455,0.11902529269362,0.149589624641148,0.191804202553266,0.274986952604519,0.28149764864898,0.16905436953949,0.0802817979612165,0.0909073378687461,0.0792299088545672,0.0884468126815249,0.141181511557456,0.07253892265544,0.0762896377794622,0.0601161548394275,0.0669592475779771,0.071293515057165,0.0739007983025091,0.0635334145170234,0.134713409001385,0.0662155131105413,0.0638371448276348,1,0.23511478528155,0.285052842575065,0.290205839744632,0.248720463619708,0.0664963840708708,0.0652775600569473,0.0601161548394275,0.0635887412736547,0.099877719625183,0.101645986438483,0.0630475394259978,0.0620911000005234,0.062292338711964,0.0651867096293496,0.0640576333798777,0.0700225416006503,0.109771231331792,0.06307349471974,0.100131008974222,0.0640100466635007,0.0602689962027778,0.0984051914242246,0.0601675674849774,0.0601936881554816,0.0601161548394275,0.0601961558636512,0.0601595124615663,0.0603311568091593,0.0984081640423849,0.0601829219179302,0.0984549831708892,0.0606867195769141,0.060253197446696,0.0602253671019418,0.0983537787786748,0.0601829219179302,0.0985499850101646,0.0983537787786748,0.0602369477681626,0.0603216455663263,0.0602596227797308,0.0983658145410407,0.0601599250633085,0.0601272162365151,0.0601782516312489,0.0983730843215296,0.098425468661944,0.0601161548394275,0.0983658145410407,0.0601605530048937,0.060123921203888,0.060171853769701,0.0605447093439282,0.0605334805154198,0.0983537787786748,0.0983537787786748,0.0604909025779497,0.0616543525214424,0.102966257131317,0.101280016155098,0.0992234423660404,0.062424661536372,0.103214241523275,0.0608604538522823,0.0990415901606134,0.0613603941339659,0.0625550799682235,0.0610122513217369,0.0990980777915295,0.0990415901606135,0.0602041383179302,0.0603813298124975,0.060163989667031,0.0602202353531302,0.0602003674943916,0.0601820540304344,0.0602447019773395,0.0603089428524487,0.0601815083702847,0.0602170294943476,0.0983537787786748,0.0601337012596144,0.0601877972882581,0.0601861027961219,0.0601161548394275,0.0601161548394277,0.0601999470287239,0.0601977728661146,0.0601861027961219,0.0601690437002032,0.0601161548394277,0.0602715367106226,0.060205780112765,0.060211341403587,0.0603957848811,0.0601530774767079,0.0983537787786748,0.0602678545442928,0.0601253297679494,0.0602678545442928,0.0601742489397505,0.0601293763468646,0.0602927451546461,0.0601719501211312,0.0601405838923991,0.0601453597507514,0.0601578392785947,0.0601392256681286,0.060136484950497,0.0601488438282807,0.0601161548394275,0.0983537787786748,0.0983537787786748,0.0601161548394275,0.0601161548394273,0.0983537787786748,0.0601161548394275,0.0601161548394273,0.0983537787786748,0.0601161548394275,0.0601161548394275,0.0601161548394275,0.0983537787786748,0.0983537787786748,0.0983537787786748,0.0601161548394275,0.0983537787786745,0.0601161548394273,0.0601161548394273,0.0601161548394272,0.0601161548394272,0.0601161548394273,0.0601161548394273,0.0601161548394273,0.0601161548394272,0.0601161548394272,0.0601161548394272,0.0601161548394272,0.0601161548394272,0.0601161548394273,0.0601161548394274,0.0983537787786746,0.0601161548394273,0.0601161548394272,0.0601161548394273,0.0601161548394273,0.0601161548394273,0.0601161548394273,0.0601161548394273,0.0601161548394275,0.0601161548394275,0.0983537787786748,0.0601161548394275,0.060123921203888,0.0983537787786748,0.0601161548394275,0.0601161548394275,0.0601161548394275,0.0601161548394275,0.0983537787786748
"36",0.0860920481388833,0.0601161548394275,0.0689357445034414,0.107728018017945,0.0721562092901463,0.118202316555233,0.0601161548394275,0.150033701844764,0.0983537787786748,0.0601161548394275,0.152604984124001,0.0601161548394275,0.0873550866950419,0.108852525819819,0.124228565109631,0.14738847404238,0.176366228818763,0.190987778093996,0.110713080248606,0.069900240080706,0.0750582045250134,0.069472049340816,0.0737969726826463,0.0990852193248274,0.0661359068584284,0.0679442340179654,0.0601161548394275,0.0634822222591456,0.0656493753542924,0.0669139626098421,0.0617968547191943,0.116383591179264,0.063121407171815,0.0619459192077726,0.23511478528155,1,0.190400698147465,0.280751514177822,0.230327477194879,0.0632371573720692,0.0626449824000948,0.0601161548394275,0.0618188459366285,0.0991019488558481,0.0999667079403422,0.061554465079158,0.061085471254272,0.0611835930731472,0.0626046050260613,0.0620530834060363,0.0649724661995289,0.103924593473389,0.0615680440066158,0.0992256634420415,0.0620226242004172,0.0601918171559972,0.0983792300032517,0.0601416060640045,0.0601545367942557,0.0601161548394275,0.0601557584041173,0.060137618519547,0.0602225890319811,0.0983807015628567,0.060149207095174,0.0984038788209285,0.0603986061918952,0.0601839961678965,0.0601702190835465,0.0983537787786748,0.060149207095174,0.0984509083624113,0.0983537787786748,0.0601759519559476,0.0602178806032519,0.0601871769533297,0.0983597369410617,0.0601378227731791,0.0601216306537605,0.0601468951247648,0.09836333576026,0.0983892680109339,0.0601161548394275,0.0983597369410617,0.0601381336282642,0.0601199994866715,0.0601437279387675,0.0603283056988297,0.0603227469995437,0.0983537787786748,0.0983537787786748,0.0603016692931354,0.0608776214830932,0.100637131855612,0.0998023781229901,0.0987842954936148,0.0612589538872713,0.100759893607781,0.0604846112984567,0.0986942717014009,0.0607321008459824,0.0613235159957281,0.0605597568476498,0.0987222352377039,0.0986942717014009,0.0601597100240808,0.0602474265862833,0.0601398349073741,0.0601676786717455,0.0601578433223054,0.0601487774576925,0.0601797905858619,0.0602115922743752,0.0601485073350627,0.0601660916491178,0.0983537787786748,0.0601248409880574,0.0601516205898267,0.0601507817514545,0.0601161548394275,0.0601161548394276,0.0601576351757294,0.0601565588821397,0.0601507817514545,0.0601423368469633,0.0601161548394275,0.0601930748044806,0.0601605227752745,0.0601632758267882,0.0602545823977252,0.0601344329560922,0.0983537787786748,0.0601912519914122,0.0601206967797186,0.0601912519914122,0.0601449136394874,0.060122699990945,0.0602035737948748,0.0601437756364082,0.0601282481543453,0.0601306123867665,0.0601367902300259,0.060127575781419,0.0601262190214391,0.0601323371383075,0.0601161548394275,0.0983537787786748,0.0983537787786748,0.0601161548394275,0.0601161548394276,0.0983537787786748,0.0601161548394275,0.0601161548394276,0.0983537787786748,0.0601161548394275,0.0601161548394275,0.0601161548394275,0.0983537787786748,0.0983537787786748,0.0983537787786748,0.0601161548394275,0.0983537787786747,0.0601161548394274,0.0601161548394275,0.0601161548394274,0.0601161548394274,0.0601161548394274,0.0601161548394274,0.0601161548394274,0.0601161548394274,0.0601161548394274,0.0601161548394275,0.0601161548394274,0.0601161548394274,0.0601161548394274,0.0601161548394275,0.0983537787786748,0.0601161548394275,0.0601161548394274,0.0601161548394276,0.0601161548394275,0.0601161548394275,0.0601161548394274,0.0601161548394274,0.0601161548394275,0.0601161548394275,0.0983537787786748,0.0601161548394275,0.0601199994866715,0.0983537787786748,0.0601161548394275,0.0601161548394275,0.0601161548394275,0.0601161548394275,0.0983537787786748
"37",0.115054996977543,0.0601161548394275,0.078771101956308,0.0802541673031927,0.085582938172781,0.100806570058017,0.0601161548394275,0.15328944832829,0.0601161548394275,0.0601161548394275,0.189380473026656,0.0601161548394275,0.117726505536504,0.082021545862274,0.11484230157611,0.154526194826481,0.237244509269623,0.197602066919057,0.222054059633636,0.0828297232926509,0.0947901553018656,0.0814036156973011,0.0922167356044465,0.152489254740195,0.0741308545739636,0.0783891466876969,0.0601161548394275,0.0676890893610843,0.0723823724594294,0.0753203475254105,0.0638985396747724,0.0999285138679032,0.0668512832373928,0.0642356572773108,0.285052842575065,0.190400698147465,1,0.277207513127716,0.202276818297394,0.0672279164949401,0.0658574987918507,0.0601161548394275,0.0639751074758326,0.0618068742213457,0.0637785299167486,0.0633708032136674,0.0623080337800682,0.0625332786602926,0.0657442978115284,0.06448345750643,0.0711277508896006,0.072884492924068,0.0633971429867173,0.0620897521538751,0.0644515041365254,0.0602838854473414,0.0601725759161799,0.06017257591618,0.0602012411665203,0.0601161548394275,0.0602039492697613,0.0601637362019568,0.0603521015118158,0.0601758381158895,0.0601894261216276,0.0602272181920279,0.0607423018991961,0.0602665476344365,0.0602360061596567,0.0601161548394275,0.0601894261216277,0.0603314747617501,0.0601161548394275,0.0602487149718702,0.0603416637186201,0.0602735988998293,0.0601293630815821,0.0601641889978464,0.0601282937972152,0.0601843008727619,0.0601373410574002,0.0601948284879639,0.0601161548394275,0.0601293630815821,0.0601648781111957,0.060124677774605,0.0601772797550273,0.0605864575506075,0.060574134850845,0.0601161548394275,0.0601161548394275,0.0605274091270027,0.0618041980931679,0.065177963901577,0.0633274555193527,0.0610705378610904,0.0626495477846612,0.0654501060226919,0.0609329607299223,0.0608709702813586,0.0614816033586536,0.0627926711014003,0.061099545751629,0.0609329607299223,0.0608709702813587,0.060212709345434,0.0604071621849628,0.0601686495603428,0.0602303744947137,0.0602085711821082,0.0601884736877179,0.0602572245676407,0.060327723552986,0.0601878748713594,0.0602268563329367,0.0601161548394275,0.0601354105674591,0.0601947764326362,0.0601929168692964,0.0601161548394275,0.0601161548394275,0.0602081097562186,0.0602057237946689,0.0601929168692964,0.0601741959388742,0.0601161548394275,0.0602866734421347,0.0602145110778947,0.0602206141292543,0.0604230254132865,0.0601566743444952,0.0601161548394275,0.0602826325726777,0.0601262235558064,0.0602826325726777,0.0601799082537507,0.0601306643375852,0.0603099479349224,0.0601773854926601,0.0601429636810647,0.0601482047860064,0.0601619000236421,0.0601414731435716,0.060138465435289,0.0601520282695792,0.0601161548394275,0.0601161548394275,0.0601161548394275,0.0601161548394275,0.0601161548394271,0.0601161548394275,0.0601161548394275,0.0601161548394271,0.0601161548394275,0.0601161548394275,0.0601161548394275,0.0601161548394275,0.0601161548394275,0.0601161548394275,0.0601161548394275,0.0601161548394275,0.0601161548394273,0.0601161548394273,0.0601161548394273,0.0601161548394273,0.0601161548394273,0.0601161548394273,0.0601161548394273,0.0601161548394272,0.060116154839427,0.060116154839427,0.060116154839427,0.0601161548394271,0.0601161548394271,0.0601161548394272,0.0601161548394272,0.0601161548394272,0.0601161548394271,0.060116154839427,0.0601161548394272,0.0601161548394271,0.0601161548394271,0.0601161548394274,0.0601161548394275,0.0601161548394275,0.0601161548394275,0.0601161548394275,0.0601161548394275,0.060124677774605,0.0601161548394275,0.0601161548394275,0.0601161548394275,0.0601161548394275,0.0601161548394275,0.0601161548394275
"38",0.112250033333728,0.0601161548394275,0.0778171597909252,0.078930347053822,0.0842806649320075,0.0999523693173441,0.0601161548394275,0.163838278989776,0.0601161548394275,0.0601161548394275,0.245742163247124,0.0601161548394275,0.114784964389276,0.0811872454955034,0.11204711063344,0.158529280248156,0.216687924847352,0.246033520955472,0.161664691825551,0.0797529120922501,0.0901049984870264,0.0788935289808221,0.0875736935241869,0.138327458277488,0.072197857543794,0.0758271882977519,0.0601161548394275,0.0668718859259434,0.0712213839331328,0.0737594232438976,0.0634893363622722,0.0963021692386703,0.0661477264252505,0.0637885102865628,0.290205839744632,0.280751514177822,0.277207513127716,1,0.2805976643788,0.0663800382385986,0.065191537127958,0.0601161548394275,0.0635334729563223,0.0616177396914573,0.0633533198510348,0.0630028579225797,0.0620615826101469,0.0622585140851842,0.0651104993331258,0.0640035899077643,0.0698628204674105,0.0712968358293107,0.0630301109662389,0.0618660361073001,0.0639424579764591,0.0602680098679793,0.0601672357025313,0.0601672357025314,0.0601931878078925,0.0601161548394275,0.0601956395911424,0.0601592326607941,0.060329769331844,0.0601701891374242,0.0601824910483575,0.060216706126935,0.060683037537949,0.0602523130663852,0.0602246623198555,0.0601161548394275,0.0601824910483575,0.0603110948885858,0.0601161548394275,0.0602361682522881,0.0603203194681402,0.0602586969346658,0.0601281129311224,0.0601596425998835,0.0601271448537385,0.060177850900548,0.0601353357973642,0.0601873820846711,0.0601161548394275,0.0601281129311224,0.0601602664891583,0.0601238710850237,0.0601714943264719,0.0605419437429708,0.060530787377728,0.0601161548394275,0.0601161548394275,0.0604884842094725,0.0616444260338258,0.0646988673760208,0.0630235082587234,0.0609802062061198,0.062409763995303,0.0649452514444153,0.0608556506497936,0.060799527551847,0.0613523646549893,0.0625393407947923,0.0610064685210352,0.0608556506497936,0.0607995275518471,0.0602035705320598,0.0603796185525488,0.0601636809734025,0.0602195636878804,0.0601998240428662,0.0601816287616208,0.0602438724210428,0.0603076987289876,0.0601810866227926,0.0602163785175423,0.0601161548394275,0.0601335880268846,0.0601873349563423,0.0601856513993124,0.0601161548394275,0.0601161548394277,0.0601994062905995,0.0601972461585654,0.0601856513993124,0.0601687023912623,0.0601161548394277,0.0602705339811046,0.0602052017318608,0.060210727133873,0.060393980337914,0.0601528392029762,0.0601161548394275,0.0602668755769862,0.0601252705591655,0.0602668755769862,0.0601738740397138,0.0601292910241969,0.0602916055601728,0.0601715900561153,0.0601404262438118,0.0601451712820039,0.0601575702754141,0.0601390767846022,0.0601363537537088,0.060148632875653,0.0601161548394275,0.0601161548394275,0.0601161548394275,0.0601161548394275,0.0601161548394275,0.0601161548394275,0.0601161548394275,0.0601161548394275,0.0601161548394275,0.0601161548394275,0.0601161548394275,0.0601161548394275,0.0601161548394275,0.0601161548394275,0.0601161548394275,0.0601161548394275,0.0601161548394273,0.0601161548394272,0.0601161548394273,0.0601161548394273,0.0601161548394273,0.0601161548394273,0.0601161548394272,0.0601161548394272,0.0601161548394273,0.0601161548394273,0.0601161548394273,0.0601161548394273,0.0601161548394272,0.0601161548394273,0.0601161548394274,0.0601161548394274,0.0601161548394274,0.0601161548394273,0.0601161548394274,0.0601161548394274,0.0601161548394273,0.0601161548394273,0.0601161548394274,0.0601161548394275,0.0601161548394275,0.0601161548394275,0.0601161548394275,0.0601238710850237,0.0601161548394275,0.0601161548394275,0.0601161548394275,0.0601161548394275,0.0601161548394275,0.0601161548394275
"39",0.10008032172814,0.0601161548394275,0.0736846363429196,0.11266846134568,0.078639154473094,0.129336473470597,0.0601161548394275,0.183438266646146,0.0983537787786748,0.0601161548394275,0.232061884751948,0.0601161548394275,0.102023453149819,0.11460967496686,0.138161995827059,0.177007589381105,0.206614131390238,0.215497566137966,0.124535894992003,0.074470840536959,0.0820430591512079,0.0739919483472644,0.0800701278970947,0.116630354123157,0.0689342022522911,0.0715664447044001,0.0601161548394275,0.0651380727671786,0.0684343223657219,0.0702888760658408,0.0626232281701085,0.125512402617689,0.0646087666649573,0.0628450148256063,0.248720463619708,0.230327477194879,0.202276818297394,0.2805976643788,1,0.0647412908811055,0.063870995559389,0.0601161548394275,0.0626466741579216,0.0994674012283319,0.100748524980657,0.062255522443597,0.0615584572368368,0.0617032952106072,0.0638184834934898,0.0630025788917256,0.0673317059920267,0.10658372908028,0.062277236150115,0.0996504027428764,0.0629444960888872,0.0602298990545668,0.0983920399593402,0.060154416020093,0.0601738549671181,0.0601161548394275,0.0601756914302508,0.0601484214889285,0.0602761588446554,0.0983942521754062,0.0601658427561993,0.0984290948705281,0.0605407678946172,0.0602181416541399,0.060197430371201,0.0983537787786748,0.0601658427561993,0.0984997950357731,0.0983537787786748,0.0602060486781906,0.0602690805981171,0.0602229233732179,0.0983627357672406,0.060148728546261,0.0601243867074407,0.0601623671388572,0.0983681459223048,0.0984071302362066,0.0601161548394275,0.0983627357672406,0.0601491958590433,0.0601219345512193,0.0601576058640008,0.0604350841834893,0.0604267277133714,0.0983537787786748,0.0983537787786748,0.0603950413035303,0.0612608782587599,0.101786375286372,0.100531478364679,0.0990009805571185,0.061834140577266,0.101970924739555,0.0606700605701166,0.0988656465354621,0.0610421150566123,0.0619311976948255,0.0607830279216553,0.0989076845093639,0.0988656465354622,0.0601816319556227,0.0603134974862428,0.0601517534156429,0.0601936113347303,0.0601788257168243,0.0601651968761844,0.0602118193440465,0.0602596272656652,0.0601647907970701,0.0601912255414929,0.0983537787786748,0.0601292128477371,0.0601694709963517,0.0601682099589344,0.0601161548394275,0.0601161548394275,0.0601785128071752,0.0601768948000196,0.0601682099589344,0.0601555146163012,0.0601161548394274,0.0602317896950618,0.0601828537758211,0.0601869924765358,0.0603242549173265,0.060143632586984,0.0983537787786748,0.0602290494347683,0.0601229828015761,0.0602290494347683,0.06015938834442,0.0601259942569349,0.0602475729736645,0.0601576775685288,0.0601343348883093,0.0601378890718626,0.060147176309746,0.0601333241007172,0.0601312844645278,0.0601404819148952,0.0601161548394275,0.0983537787786748,0.0983537787786748,0.0601161548394275,0.0601161548394276,0.0983537787786748,0.0601161548394275,0.0601161548394276,0.0983537787786748,0.0601161548394275,0.0601161548394275,0.0601161548394275,0.0983537787786748,0.0983537787786748,0.0983537787786748,0.0601161548394275,0.0983537787786746,0.0601161548394273,0.0601161548394273,0.0601161548394273,0.0601161548394273,0.0601161548394273,0.0601161548394273,0.0601161548394273,0.0601161548394275,0.0601161548394275,0.0601161548394275,0.0601161548394274,0.0601161548394273,0.0601161548394274,0.0601161548394275,0.0983537787786748,0.0601161548394275,0.0601161548394274,0.0601161548394275,0.0601161548394275,0.0601161548394274,0.0601161548394273,0.0601161548394274,0.0601161548394275,0.0601161548394275,0.0983537787786748,0.0601161548394275,0.0601219345512193,0.0983537787786748,0.0601161548394275,0.0601161548394275,0.0601161548394275,0.0601161548394275,0.0983537787786748
"40",0.0721212693472362,0.0983537787786748,0.110827768471323,0.0758834271348105,0.0771450100173491,0.0777237379283758,0.0983537787786748,0.0679199745686868,0.0601161548394275,0.0983537787786748,0.0682683990303645,0.0983537787786748,0.073721138806487,0.072526065462531,0.0781866163594143,0.0752328994991122,0.0710739592320145,0.0665641318049185,0.0696358826152038,0.160114949765481,0.141168120153227,0.180579467018742,0.133545092481566,0.0848053564410669,0.092116170813964,0.132716608146091,0.0601161548394275,0.170890052909773,0.0849618142773955,0.12662050505432,0.13631756827359,0.0991870767023309,0.139816371674168,0.103914036273031,0.0664963840708708,0.0632371573720692,0.0672279164949401,0.0663800382385986,0.0647412908811055,1,0.310228080007179,0.104198165850106,0.236253219899017,0.132198756787566,0.219116248272434,0.206274410947879,0.143726533536492,0.156682072480396,0.23873730296969,0.198561977840009,0.295528680692634,0.247227835394892,0.196773374113197,0.144922226457464,0.31015869194792,0.0604558991429029,0.0602304377342492,0.0602304377342492,0.0602885002168924,0.0601161548394275,0.0602939855761883,0.0602125325791373,0.060594073204265,0.0602370454356228,0.0602645684238383,0.0603411176046633,0.0613844379473132,0.0604207807870901,0.0603589179452086,0.0601161548394275,0.0602645684238383,0.0605522929894249,0.0601161548394275,0.0603846600957149,0.0605729310834364,0.0604350633755766,0.0601429086030194,0.0984510736725428,0.0601407427295579,0.0984918109894806,0.0601590682763867,0.0602755111087253,0.0601161548394275,0.0601429086030195,0.0602148455568599,0.0601334183473332,0.0984775894661458,0.0610687696842577,0.0610438096182342,0.0601161548394275,0.0601161548394275,0.0609491650050744,0.0635353464026528,0.0703690288707111,0.0666207584196085,0.0620492915458032,0.0652476322263278,0.070920262402466,0.0617706241804142,0.0616450603251872,0.0628819193105758,0.103775157526817,0.0621080480583376,0.0617706241804143,0.0616450603251872,0.0603117294205861,0.0607056005532667,0.0602224847610508,0.0603475108078511,0.060303347423798,0.0602626392351251,0.0604018965841752,0.0605446947828441,0.0602614263113238,0.0603403846462192,0.0601161548394275,0.060155158000444,0.060275405668807,0.0602716390572191,0.0601161548394275,0.060116154839428,0.0603024127892711,0.0602975799394119,0.0602716390572191,0.0602337191477541,0.060116154839428,0.0604615463253741,0.0603153788936778,0.060327740840963,0.0607377320856373,0.0601982285360384,0.0601161548394275,0.0604533614007729,0.0601365493820552,0.0604533614007729,0.0602452896444147,0.060145544343267,0.060508689637136,0.0602401797022265,0.0601704571003089,0.0601810731445126,0.0602088133347453,0.0601674379636789,0.0601613457437302,0.0601888177462853,0.0601161548394275,0.0601161548394275,0.0601161548394275,0.0601161548394275,0.0601161548394272,0.0601161548394275,0.0983537787786748,0.0601161548394272,0.0601161548394275,0.0983537787786748,0.0601161548394275,0.0601161548394275,0.0601161548394275,0.0601161548394275,0.0601161548394275,0.0601161548394275,0.0601161548394283,0.0601161548394284,0.0601161548394283,0.0601161548394285,0.0601161548394285,0.0601161548394283,0.0601161548394283,0.0601161548394283,0.0601161548394283,0.0601161548394283,0.0601161548394285,0.0601161548394282,0.0601161548394285,0.0601161548394282,0.0983537787786754,0.0601161548394283,0.0601161548394282,0.0601161548394284,0.0601161548394283,0.0601161548394282,0.0601161548394283,0.0601161548394279,0.0601161548394281,0.0601161548394275,0.0601161548394275,0.0601161548394275,0.0983537787786748,0.0601334183473332,0.0601161548394275,0.0601161548394275,0.0601161548394275,0.0983537787786748,0.0601161548394275,0.0601161548394275
"41",0.0698387533970626,0.0983537787786748,0.109076391419239,0.0737067493383564,0.0747541192986039,0.0750969021878666,0.0983537787786748,0.0664716222123062,0.0601161548394275,0.0983537787786748,0.0667451093003555,0.0983537787786748,0.0712094959382632,0.0707476335032542,0.07520235447671,0.0725065791354258,0.0689760447908455,0.0653401510735453,0.0677646266280898,0.14211393675104,0.131541104268027,0.164777226447098,0.124316164382921,0.079849697452419,0.0829099196908853,0.123003549804541,0.0601161548394275,0.186604730532785,0.0837541339695151,0.126296314796629,0.145986162871247,0.0939020189178032,0.144507757600031,0.11701484743334,0.0652775600569473,0.0626449824000948,0.0658574987918507,0.065191537127958,0.063870995559389,0.310228080007179,1,0.104198165850106,0.308703711723946,0.148309388520698,0.285815222743718,0.248844487991593,0.16836667596743,0.194448219801128,0.294353078150092,0.222619395457144,0.291046381531585,0.194519925589439,0.22803745751289,0.173176771039583,0.324971906439734,0.060439385091181,0.0602248827518207,0.0602248827518207,0.0602801229742179,0.0601161548394275,0.060285341705034,0.0602078479178726,0.0605708428851247,0.0602311692707016,0.0602573544408984,0.0603301827730778,0.0613227901356282,0.0604059737436634,0.0603471178872119,0.0601161548394275,0.0602573544408984,0.0605310934935295,0.0601161548394275,0.0603716087814041,0.0605507284256088,0.0604195620941522,0.0601416081749292,0.0984463444308951,0.0601395475787185,0.0984851016170344,0.0601569823702794,0.0602677652314686,0.0601161548394275,0.0601416081749292,0.0602100484680038,0.0601325792149042,0.0984715713634854,0.0610224656530857,0.0609987188283648,0.0601161548394275,0.0601161548394275,0.0609086746338756,0.0633691487482861,0.0698706643939027,0.0663045872318817,0.0619553269988542,0.0649982049891089,0.0703951039545414,0.0616902049004148,0.0615707443645913,0.0627474829799003,0.103511638968493,0.0620112275162268,0.0616902049004149,0.0615707443645913,0.0603022230691456,0.060676949191328,0.0602173163511399,0.06033626521995,0.0602942484985515,0.0602555190248311,0.0603880074507784,0.0605238646152206,0.0602543650579752,0.0603294854417615,0.0601161548394275,0.0601532621622747,0.0602676649166995,0.0602640813899138,0.0601161548394275,0.0601161548394273,0.060293359294081,0.0602887613559826,0.0602640813899138,0.0602280046646899,0.0601161548394273,0.0604447577793858,0.0603056951512208,0.0603174562176826,0.0607075188968126,0.0601942391556223,0.0601161548394275,0.0604369707018326,0.0601355580584973,0.0604369707018326,0.0602390127508016,0.0601441157989722,0.0604896095822664,0.0602341511890827,0.0601678176142731,0.0601779176412802,0.0602043094558916,0.0601649452297091,0.0601591491360951,0.0601852857989067,0.0601161548394275,0.0601161548394275,0.0601161548394275,0.0601161548394275,0.0601161548394273,0.0601161548394275,0.0983537787786748,0.0601161548394273,0.0601161548394275,0.0983537787786748,0.0601161548394275,0.0601161548394275,0.0601161548394275,0.0601161548394275,0.0601161548394275,0.0601161548394275,0.0601161548394282,0.0601161548394282,0.0601161548394282,0.0601161548394283,0.0601161548394283,0.0601161548394283,0.0601161548394282,0.0601161548394282,0.0601161548394282,0.0601161548394282,0.0601161548394285,0.0601161548394281,0.0601161548394283,0.0601161548394281,0.0983537787786754,0.0601161548394282,0.0601161548394282,0.0601161548394283,0.0601161548394282,0.0601161548394281,0.0601161548394283,0.060116154839428,0.0601161548394282,0.0601161548394275,0.0601161548394275,0.0601161548394275,0.0983537787786748,0.0601325792149043,0.0601161548394275,0.0601161548394275,0.0601161548394275,0.0983537787786748,0.0601161548394275,0.0601161548394275
"42",0.0601161548394275,0.0601161548394275,0.0601161548394275,0.0601161548394275,0.0601161548394275,0.0601161548394275,0.0601161548394275,0.0601161548394275,0.0601161548394275,0.0601161548394275,0.0983537787786748,0.0601161548394275,0.0601161548394275,0.0601161548394275,0.0601161548394275,0.0601161548394275,0.0601161548394275,0.0601161548394275,0.0983537787786748,0.0601161548394275,0.0601161548394275,0.0601161548394275,0.0601161548394275,0.0601161548394275,0.0601161548394275,0.0601161548394275,0.0983537787786748,0.0601161548394275,0.0601161548394275,0.0601161548394275,0.0601161548394275,0.0601161548394275,0.0601161548394275,0.0601161548394275,0.0601161548394275,0.0601161548394275,0.0601161548394275,0.0601161548394275,0.0601161548394275,0.104198165850106,0.104198165850106,1,0.104198165850106,0.104198165850106,0.104198165850106,0.104198165850106,0.142435789789353,0.104198165850106,0.104198165850106,0.104198165850106,0.104198165850106,0.104198165850106,0.104198165850106,0.104198165850106,0.104198165850106,0.0601161548394275,0.0601161548394275,0.0983537787786748,0.0601161548394275,0.0601161548394275,0.0601161548394275,0.0601161548394275,0.0601161548394275,0.0601161548394275,0.0601161548394275,0.0601161548394275,0.0601161548394275,0.0601161548394275,0.0601161548394275,0.0601161548394275,0.0601161548394275,0.0601161548394275,0.0601161548394275,0.0601161548394275,0.0601161548394275,0.0601161548394275,0.0601161548394275,0.0601161548394275,0.0601161548394275,0.0601161548394275,0.0601161548394275,0.0601161548394275,0.0601161548394275,0.0601161548394275,0.0601161548394275,0.0983537787786748,0.0601161548394275,0.0601161548394275,0.0601161548394275,0.0601161548394275,0.0601161548394275,0.0601161548394275,0.0601161548394275,0.0601161548394275,0.0601161548394275,0.0601161548394275,0.0601161548394275,0.0601161548394275,0.0601161548394275,0.0601161548394275,0.0601161548394275,0.0601161548394275,0.0601161548394275,0.0601161548394275,0.0601161548394275,0.0601161548394275,0.0601161548394275,0.0601161548394275,0.0601161548394275,0.0601161548394275,0.0601161548394275,0.0601161548394275,0.0601161548394275,0.0601161548394275,0.0601161548394275,0.0601161548394275,0.0601161548394275,0.0601161548394275,0.0601161548394275,0.0601161548394275,0.0601161548394275,0.0601161548394275,0.0601161548394275,0.0601161548394275,0.0601161548394275,0.0601161548394275,0.0601161548394275,0.0601161548394275,0.0601161548394275,0.0601161548394275,0.0601161548394275,0.0601161548394275,0.0601161548394275,0.0601161548394275,0.0601161548394275,0.0601161548394275,0.0601161548394275,0.0601161548394275,0.0601161548394275,0.0601161548394275,0.0601161548394275,0.0601161548394275,0.0601161548394275,0.0601161548394275,0.0601161548394275,0.0601161548394275,0.0601161548394275,0.0601161548394275,0.0601161548394275,0.0601161548394275,0.0601161548394275,0.0601161548394275,0.0601161548394275,0.0601161548394275,0.0601161548394275,0.0601161548394275,0.0601161548394275,0.0601161548394275,0.0601161548394275,0.0601161548394275,0.0601161548394275,0.0601161548394275,0.0601161548394275,0.0601161548394275,0.0601161548394275,0.0601161548394275,0.0601161548394275,0.0601161548394275,0.0601161548394275,0.0601161548394275,0.0601161548394275,0.0601161548394275,0.0601161548394275,0.0601161548394275,0.0601161548394275,0.0601161548394275,0.0601161548394275,0.0601161548394275,0.0601161548394275,0.0601161548394275,0.0601161548394275,0.0601161548394275,0.0601161548394275,0.0601161548394275,0.0601161548394275,0.0601161548394275,0.0601161548394275,0.0601161548394275,0.0601161548394275,0.0601161548394275,0.0601161548394275,0.0601161548394275,0.0601161548394275,0.0601161548394275,0.0601161548394275
"43",0.0666609963648477,0.0983537787786748,0.105771334587891,0.0695289273201193,0.0702422241052806,0.0704324647795994,0.0983537787786748,0.0644057671885883,0.0601161548394275,0.0983537787786748,0.0645870709065547,0.0983537787786748,0.0676078672354217,0.0674597401121573,0.0704167779035134,0.0685044130119094,0.0660755856743235,0.0636333597433687,0.0652450671408356,0.126114493582772,0.120115308227678,0.141960754356095,0.115101614857461,0.073315803512844,0.0746087018650565,0.114072878782821,0.0601161548394275,0.178360846651677,0.0773807178381163,0.109520588037397,0.143234704375997,0.0835489176186044,0.137110522742649,0.115947766340591,0.0635887412736547,0.0618188459366285,0.0639751074758326,0.0635334729563223,0.0626466741579216,0.236253219899017,0.308703711723946,0.104198165850106,1,0.162449663971315,0.267805877576507,0.318685970777856,0.200542983962214,0.275779408570681,0.305242477850238,0.229121492481337,0.239149854662611,0.1591913881199,0.255477893015711,0.227217473440297,0.256017324486962,0.0603522337789067,0.06019556686881,0.06019556686881,0.0602359128854634,0.0601161548394275,0.0602397245102412,0.0601831250707082,0.0604482471205179,0.0602001583781206,0.060219283342992,0.0602724752559755,0.06099744976625,0.0603278310027257,0.0602848442213282,0.0601161548394275,0.060219283342992,0.0604192152023671,0.0601161548394275,0.0603027317312269,0.0604335560442806,0.0603377555792631,0.0601347452913384,0.0984213863150666,0.0601332402856477,0.0984496935522491,0.0601459742023511,0.0602268871126998,0.0601161548394275,0.0601347452913384,0.060184732295089,0.0601281507745941,0.0984398114082005,0.0607781006027549,0.0607607565417774,0.0601161548394275,0.0601161548394275,0.0606949906123015,0.0624920566863981,0.0672405940225634,0.0646360243390435,0.0614594381817599,0.0636818768458677,0.0676236309896333,0.0612657999208212,0.0611785490634094,0.062038008234821,0.102120945239711,0.0615002664606294,0.0612657999208212,0.0611785490634095,0.0602520542179799,0.0605257443971642,0.060190040567238,0.0602769177164178,0.0602462297997566,0.0602179428030015,0.060314708891328,0.0604139354183258,0.0602170999757288,0.060271965943383,0.0601161548394275,0.0601432570595234,0.0602268138454109,0.0602241965309775,0.0601161548394275,0.0601161548394272,0.0602455803480198,0.0602422221340402,0.0602241965309775,0.0601978470324867,0.0601161548394271,0.0603561578501432,0.0602545901361055,0.060263180112082,0.0605480717121723,0.0601731855859534,0.0601161548394275,0.0603504703719432,0.0601303264442064,0.0603504703719432,0.0602058870512688,0.0601365767944898,0.0603889164363224,0.0602023362934776,0.0601538879817616,0.0601612647778739,0.0601805406704323,0.060151790067046,0.0601475567515501,0.0601666462878935,0.0601161548394275,0.0601161548394275,0.0601161548394275,0.0601161548394275,0.0601161548394276,0.0601161548394275,0.0983537787786748,0.0601161548394275,0.0601161548394275,0.0983537787786748,0.0601161548394275,0.0601161548394275,0.0601161548394275,0.0601161548394275,0.0601161548394275,0.0601161548394275,0.0601161548394275,0.0601161548394276,0.0601161548394275,0.0601161548394275,0.0601161548394276,0.0601161548394275,0.0601161548394276,0.0601161548394277,0.0601161548394278,0.0601161548394278,0.0601161548394279,0.0601161548394277,0.0601161548394278,0.0601161548394277,0.0983537787786749,0.0601161548394277,0.0601161548394278,0.0601161548394278,0.0601161548394277,0.0601161548394277,0.0601161548394278,0.0601161548394276,0.0601161548394276,0.0601161548394275,0.0601161548394275,0.0601161548394275,0.0983537787786748,0.0601281507745941,0.0601161548394275,0.0601161548394275,0.0601161548394275,0.0983537787786748,0.0601161548394275,0.0601161548394275
"44",0.0629908925232895,0.0601161548394275,0.0635194119837095,0.10268042162596,0.0647621080966567,0.1030538203866,0.0601161548394275,0.100246216752353,0.0983537787786748,0.0601161548394275,0.0620861936208607,0.0601161548394275,0.0634243613947648,0.101715360791522,0.102983866762351,0.102072810586905,0.100967983116242,0.0998991256963166,0.062354619147592,0.0710868857126321,0.0692497775188151,0.0784257803588645,0.0669453012514975,0.065852713420624,0.0658681408712194,0.066390115846931,0.0601161548394275,0.110659870691242,0.0686916825666061,0.0853818727153883,0.0914515919833468,0.109148037289361,0.0828686241511463,0.102848114571249,0.099877719625183,0.0991019488558481,0.0618068742213457,0.0616177396914573,0.0994674012283319,0.132198756787566,0.148309388520698,0.104198165850106,0.162449663971315,1,0.17615292823341,0.196262959276936,0.197251504426127,0.158323826814573,0.189339228538043,0.183535842443629,0.14384184228569,0.162454474225508,0.286794633552603,0.192610317587136,0.132190724484596,0.060233418247222,0.0983932237423205,0.0601555998030732,0.0601756401819995,0.0601161548394275,0.0601775334644401,0.0601494198039265,0.0602811092935131,0.0983955044033141,0.060167380077034,0.0984314251150769,0.060553905223342,0.0602212970783412,0.0601999449980247,0.0983537787786748,0.060167380077034,0.0985043127102661,0.0983537787786748,0.0602088299513895,0.0602738120493475,0.0602262267415643,0.0983630128922655,0.0601497363614703,0.0601246413975759,0.060163796925723,0.0983685904349895,0.0984087809052745,0.0601161548394275,0.0983630128922655,0.0601502181326909,0.0601221133727911,0.060158888339256,0.060444951707772,0.060436336692389,0.0983537787786748,0.0983537787786748,0.0604036699198928,0.0612962954643193,0.101892578211955,0.100598855368226,0.0990210046765156,0.0618872942500206,0.10208283753864,0.0606871981535649,0.0988814834837196,0.0610707638313274,0.0619873542692638,0.060803660661963,0.0989248220928122,0.0988814834837196,0.0601836577868799,0.0603196031751545,0.0601528548188907,0.0601960078023576,0.0601807647243698,0.060166714213794,0.0602147791589396,0.0602640662352246,0.0601662955707829,0.0601935481937963,0.0983537787786748,0.0601296168563881,0.0601711205732342,0.0601698205199111,0.0601161548394275,0.0601161548394274,0.0601804421334428,0.0601787740659049,0.0601698205199111,0.0601567323893327,0.0601161548394274,0.0602353673832467,0.0601849174096225,0.0601891841597956,0.0603306934361092,0.060144482735603,0.0983537787786748,0.0602325423405854,0.0601231940555215,0.0602325423405854,0.0601607259687825,0.060126298683896,0.0602516389890849,0.060158962262288,0.0601348973704924,0.0601385615188176,0.0601481360994843,0.0601338553096065,0.0601317525680303,0.0601412345831978,0.0601161548394275,0.0983537787786748,0.0983537787786748,0.0601161548394275,0.0601161548394275,0.0983537787786748,0.0601161548394275,0.0601161548394275,0.0983537787786748,0.0601161548394275,0.0601161548394275,0.0601161548394275,0.0983537787786748,0.0983537787786748,0.0983537787786748,0.0601161548394275,0.0983537787786744,0.0601161548394271,0.0601161548394271,0.060116154839427,0.060116154839427,0.060116154839427,0.0601161548394271,0.0601161548394271,0.0601161548394268,0.0601161548394268,0.0601161548394268,0.0601161548394269,0.060116154839427,0.0601161548394271,0.0601161548394271,0.0983537787786743,0.0601161548394269,0.0601161548394269,0.0601161548394271,0.060116154839427,0.0601161548394271,0.0601161548394272,0.0601161548394271,0.0601161548394275,0.0601161548394275,0.0983537787786748,0.0601161548394275,0.0601221133727911,0.0983537787786748,0.0601161548394275,0.0601161548394275,0.0601161548394275,0.0601161548394275,0.0983537787786748
"45",0.066317493062667,0.0601161548394275,0.0669421041111965,0.107004722737516,0.0694345930027444,0.107893537796537,0.0601161548394275,0.102406714724012,0.0983537787786748,0.0601161548394275,0.0643437136210152,0.0601161548394275,0.0671901897611245,0.105122436918851,0.107966542466492,0.106253577556059,0.104005167578817,0.101685744008299,0.0649958651320769,0.0882492676691718,0.081287626640877,0.10219312097429,0.076754193402746,0.0727083221154634,0.0747638991738522,0.0759477359045402,0.0601161548394275,0.118872551417374,0.0751798278172556,0.102313458312597,0.0921958953403847,0.119857622696779,0.0903017564115443,0.0989159367605455,0.101645986438483,0.0999667079403422,0.0637785299167486,0.0633533198510348,0.100748524980657,0.219116248272434,0.285815222743718,0.104198165850106,0.267805877576507,0.17615292823341,1,0.195160999070583,0.156373733475366,0.187358178432557,0.209766728754965,0.160604960776513,0.195325894038192,0.201258589467073,0.169629208268271,0.203786357433147,0.285216110661336,0.0603221383874353,0.0984230673463157,0.0601854434070685,0.0602206461052701,0.0601161548394275,0.0602239718233418,0.0601745876919325,0.0604059119286274,0.0984270735290806,0.0602061365002729,0.0984901714365614,0.0608851021087956,0.0603008464821508,0.0602633396644346,0.0983537787786748,0.0602061365002729,0.0986182049445854,0.0983537787786748,0.0602789468709142,0.0603930936737924,0.060309505871642,0.0983699993159752,0.0601751437532575,0.0601310622294706,0.0601998423780566,0.0983797967631163,0.098450394879111,0.0601161548394275,0.0983699993159752,0.0601759900270205,0.0601266215303267,0.0601912200117517,0.0606937156215093,0.0606785825849714,0.0983537787786748,0.0983537787786748,0.060621200509631,0.0621891762331866,0.104569992998133,0.10229745439038,0.0995258200858887,0.063227317875465,0.104904200334328,0.0611192429307972,0.0992807387697742,0.0617930099710482,0.0634030821498032,0.0613238196281732,0.0993568668700445,0.0992807387697742,0.060234729737417,0.0604735298366025,0.0601806215995504,0.0602564236319907,0.0602296478172194,0.0602049668525943,0.0602893971801969,0.0603759742892459,0.0602042314691144,0.0602521031119946,0.0983537787786748,0.0601398020629643,0.0602127070127036,0.0602104233540496,0.0601161548394275,0.0601161548394273,0.060229081157723,0.0602261510495481,0.0602104233540495,0.0601874328950136,0.0601161548394273,0.0603255622172681,0.0602369423761816,0.0602444373002644,0.0604930108609285,0.0601659152947262,0.0983537787786748,0.0603205997799519,0.0601285198451322,0.0603205997799519,0.0601944479705573,0.0601339733994835,0.0603541447321837,0.0601913498640951,0.0601490777530621,0.060155514153698,0.0601723327515318,0.0601472472809435,0.0601435536293725,0.0601602096277199,0.0601161548394275,0.0983537787786748,0.0983537787786748,0.0601161548394275,0.0601161548394272,0.0983537787786748,0.0601161548394275,0.0601161548394273,0.0983537787786748,0.0601161548394275,0.0601161548394275,0.0601161548394275,0.0983537787786748,0.0983537787786748,0.0983537787786748,0.0601161548394275,0.0983537787786753,0.060116154839428,0.060116154839428,0.0601161548394282,0.0601161548394281,0.0601161548394282,0.060116154839428,0.060116154839428,0.0601161548394282,0.0601161548394282,0.0601161548394284,0.0601161548394281,0.0601161548394283,0.0601161548394281,0.060116154839428,0.0983537787786754,0.0601161548394282,0.0601161548394283,0.0601161548394282,0.0601161548394281,0.0601161548394282,0.060116154839428,0.0601161548394281,0.0601161548394275,0.0601161548394275,0.0983537787786748,0.0601161548394275,0.0601266215303267,0.0983537787786748,0.0601161548394275,0.0601161548394275,0.0601161548394275,0.0601161548394275,0.0983537787786748
"46",0.065643625326781,0.0983537787786748,0.10476921575254,0.0682655245095906,0.0688741825292706,0.0690042171771083,0.0983537787786748,0.0637475701487215,0.0601161548394275,0.0983537787786748,0.0638985761865888,0.0983537787786748,0.0664615689556841,0.0664595732675763,0.0689254203000456,0.0672364501320835,0.0651456813690228,0.0630871013488709,0.0644328870857193,0.120500720777608,0.11629968953752,0.134396100479514,0.11194272877316,0.0712003375442856,0.0717047340655578,0.110961188564801,0.0601161548394275,0.180968391245672,0.0757091884776848,0.105469441451492,0.146557035510229,0.0804278716055085,0.13672457688784,0.122419529036481,0.0630475394259978,0.061554465079158,0.0633708032136674,0.0630028579225797,0.062255522443597,0.206274410947879,0.248844487991593,0.104198165850106,0.318685970777856,0.196262959276936,0.195160999070583,1,0.281085772949573,0.299099492003465,0.30883452248624,0.247270021503356,0.222143697525928,0.146135161919557,0.321095536194739,0.291988077163827,0.211926929165273,0.0603293769664438,0.0601878783140118,0.0601878783140118,0.0602243180892261,0.0601161548394275,0.0602277606781513,0.0601766411123324,0.0604160944388514,0.060192025280207,0.0602092985943703,0.0602573405453019,0.0609121240997106,0.0603073368308271,0.0602685119657908,0.0601161548394275,0.0602092985943703,0.0603898733479182,0.0601161548394275,0.0602846676335351,0.0604028257308066,0.060316300524597,0.0601329453913819,0.0984148406537563,0.0601315860981079,0.0984404072262568,0.0601430871358996,0.060216166178383,0.0601161548394275,0.0601329453913819,0.0601780927276349,0.060126989345959,0.0984314818567248,0.0607140119966029,0.0606983471618622,0.0601161548394275,0.0601161548394275,0.0606389485920492,0.0622620253965814,0.0665508163970237,0.0641984172838,0.0613293834826485,0.0633366489344895,0.0668967682935571,0.0611544929906792,0.0610756896317589,0.0618519372420545,0.101756213775281,0.0613662588281674,0.0611544929906792,0.061075689631759,0.0602388966418906,0.0604860885442168,0.060182887060755,0.0602613528933195,0.0602336361351936,0.060208087843472,0.0602954851827752,0.0603851047447302,0.0602073266174852,0.060256880543599,0.0601161548394275,0.0601406330628072,0.0602161000047243,0.0602137360947886,0.0601161548394275,0.0601161548394276,0.0602330495624095,0.0602300164857222,0.0602137360947886,0.0601899377156261,0.0601161548394275,0.0603329211149284,0.0602411870361874,0.0602489453434418,0.0605062541617305,0.060167663953737,0.0601161548394275,0.0603277842899249,0.0601289543704692,0.0603277842899249,0.0601971993117257,0.0601345995711168,0.0603625080634237,0.060193992333033,0.0601502347149358,0.0601568973005993,0.0601743069298555,0.0601483399172087,0.0601445164650348,0.0601617577808078,0.0601161548394275,0.0601161548394275,0.0601161548394275,0.0601161548394275,0.0601161548394276,0.0601161548394275,0.0983537787786748,0.0601161548394276,0.0601161548394275,0.0983537787786748,0.0601161548394275,0.0601161548394275,0.0601161548394275,0.0601161548394275,0.0601161548394275,0.0601161548394275,0.060116154839427,0.0601161548394271,0.060116154839427,0.0601161548394269,0.060116154839427,0.060116154839427,0.060116154839427,0.0601161548394271,0.0601161548394271,0.0601161548394271,0.060116154839427,0.0601161548394272,0.060116154839427,0.0601161548394272,0.0983537787786744,0.0601161548394271,0.0601161548394272,0.0601161548394271,0.0601161548394271,0.0601161548394272,0.0601161548394271,0.0601161548394272,0.0601161548394271,0.0601161548394275,0.0601161548394275,0.0601161548394275,0.0983537787786748,0.060126989345959,0.0601161548394275,0.0601161548394275,0.0601161548394275,0.0983537787786748,0.0601161548394275,0.0601161548394275
"47",0.0638409301042964,0.0601161548394275,0.0644840672306337,0.0656670010621834,0.0660790062905179,0.0661575450347603,0.0601161548394275,0.0625657959017549,0.0601161548394275,0.0601161548394275,0.100904550395644,0.0601161548394275,0.0643975313498446,0.0644327045158309,0.0660850022219495,0.0649249480872253,0.0635043344507747,0.0621183168941139,0.101258255659904,0.0746727942909998,0.0720752590761003,0.0841116922154553,0.0691134127986345,0.0675665351655929,0.0677407309366911,0.06842198422377,0.0983537787786748,0.120872666392754,0.0709364293153364,0.0918045373130133,0.0968038067644148,0.0739582274737715,0.0878497347111945,0.109032370895125,0.0620911000005234,0.061085471254272,0.0623080337800682,0.0620615826101469,0.0615584572368368,0.143726533536492,0.16836667596743,0.142435789789353,0.200542983962214,0.197251504426127,0.156373733475366,0.281085772949573,1,0.203832458433465,0.215389125417366,0.191496478591131,0.156695246890748,0.13125544439388,0.28477627017594,0.198870781575101,0.14555723865657,0.0602641133439863,0.0601659249931622,0.0984035489324095,0.0601912111804947,0.0601161548394275,0.0601936000522142,0.0601581273054683,0.0603242880909325,0.0601688026443952,0.0601807888944535,0.0602141260312478,0.0606684916117612,0.0602488193144605,0.0602218780722412,0.0601161548394275,0.0601807888944535,0.0603060928245375,0.0601161548394275,0.060233088768209,0.0603150807059992,0.0602550393758776,0.0601278060924783,0.0601585267257278,0.0601268628554752,0.0601762678105148,0.0601348436235894,0.0601855544292255,0.0601161548394275,0.0601278060924783,0.0601591346063164,0.0983612970292732,0.0601700743429462,0.0605310182129118,0.0605201481144148,0.0601161548394275,0.0601161548394275,0.0604789304242743,0.0616052113602323,0.0645812772670446,0.0629489070257905,0.0609580350807089,0.0623509111328481,0.0648213392436165,0.0608366755575887,0.0607819925502329,0.061320644130132,0.0624771630565454,0.0609836235177739,0.0608366755575888,0.0607819925502329,0.0602013274891587,0.0603728582055953,0.060162461476603,0.0602169102686099,0.060197677133002,0.060179948733562,0.0602405952518511,0.0603027838086937,0.0601794205057454,0.0602138068281473,0.0601161548394275,0.0601331407000237,0.0601855085101845,0.0601838681523852,0.0601161548394275,0.0601161548394276,0.0601972701000491,0.0601951653959214,0.0601838681523852,0.0601673540473949,0.0601161548394275,0.0602665726896324,0.0602029168331904,0.0602083004561535,0.0603868514747395,0.0601518979005772,0.0601161548394275,0.0602630081583319,0.0601250366543613,0.0602630081583319,0.0601723929939371,0.0601289539562728,0.060287103582533,0.0601701676162141,0.0601398034517283,0.0601444267346167,0.0601565075760647,0.0601384886189665,0.0601358354596822,0.0601477995055067,0.0601161548394275,0.0601161548394275,0.0601161548394275,0.0601161548394275,0.0601161548394275,0.0601161548394275,0.0601161548394275,0.0601161548394275,0.0601161548394275,0.0601161548394275,0.0601161548394275,0.0601161548394275,0.0601161548394275,0.0601161548394275,0.0601161548394275,0.0601161548394275,0.0601161548394271,0.0601161548394272,0.0601161548394271,0.060116154839427,0.0601161548394271,0.060116154839427,0.0601161548394272,0.0601161548394271,0.0601161548394269,0.0601161548394269,0.0601161548394268,0.060116154839427,0.0601161548394269,0.0601161548394271,0.0601161548394271,0.060116154839427,0.060116154839427,0.0601161548394269,0.060116154839427,0.060116154839427,0.060116154839427,0.0601161548394272,0.0601161548394271,0.0601161548394275,0.0601161548394275,0.0601161548394275,0.0601161548394275,0.0601236730900259,0.0601161548394275,0.0601161548394275,0.0601161548394275,0.0601161548394275,0.0601161548394275,0.0601161548394275
"48",0.0642187298752184,0.0601161548394275,0.0648277811060445,0.0660985395354749,0.0665482269609873,0.0666548925628907,0.0601161548394275,0.0628085957364927,0.0601161548394275,0.0601161548394275,0.0629213755765202,0.0601161548394275,0.0648197690891279,0.0647774914474898,0.066618130627083,0.0653890323257897,0.0638503189494428,0.0623210794262009,0.0633250420627015,0.0769842674066885,0.0735793409872085,0.0871278425075016,0.0703861744350493,0.0683640952009427,0.0689331683884511,0.0696950137258565,0.0601161548394275,0.116448414106404,0.0713541176345312,0.0925755831031587,0.0924803760354722,0.0750190105878843,0.0867269508943174,0.101337890104692,0.062292338711964,0.0611835930731472,0.0625332786602926,0.0622585140851842,0.0617032952106072,0.156682072480396,0.194448219801128,0.104198165850106,0.275779408570681,0.158323826814573,0.187358178432557,0.299099492003465,0.203832458433465,1,0.218124722607411,0.171527949729876,0.164012235221167,0.136818294853502,0.209233722896363,0.30554408793333,0.164535822735482,0.0602698248940228,0.0601678462394213,0.0601678462394213,0.0601941085337009,0.0601161548394275,0.060196589621548,0.060159747542444,0.0603323225292624,0.0601708349748332,0.0601832839226402,0.0602179079521713,0.0606898131243142,0.060253940478597,0.0602259592403771,0.0601161548394275,0.0601832839226401,0.0603134248823266,0.0601161548394275,0.060237602695862,0.0603227597173808,0.0602604006491726,0.0601282558585459,0.0601601623812749,0.0601272762103519,0.0601785883141128,0.0601355650550891,0.0601882334183841,0.0601161548394275,0.0601282558585459,0.0601607937274994,0.0601239633123729,0.0601721557639716,0.060547032925436,0.0605357432152942,0.0601161548394275,0.0601161548394275,0.0604929344243221,0.06166269248206,0.064753641608258,0.0630582579948486,0.0609905336595319,0.0624371780387464,0.0650029705478558,0.0608644893702959,0.0608076954688512,0.0613671402803397,0.0625683035868533,0.0610171098711024,0.0608644893702959,0.0608076954688513,0.0602046153559298,0.0603827675658231,0.0601642490228883,0.0602207996677149,0.0602008240873469,0.0601824113295409,0.0602453989476186,0.0603099881306042,0.0601818627108744,0.0602175764270721,0.0601161548394275,0.0601337963946252,0.060188185726759,0.0601864820472491,0.0601161548394275,0.0601161548394275,0.0602004013419547,0.0601982153912437,0.0601864820472491,0.060169330458545,0.0601161548394275,0.0602723791762579,0.06020626605242,0.0602118574960287,0.0603973010084242,0.0601532776677138,0.0601161548394275,0.0602686770455747,0.0601253795135338,0.0602686770455747,0.0601745639204031,0.0601294480326123,0.0602937026104351,0.0601722526378092,0.0601407163443858,0.0601455180969853,0.0601580652876343,0.0601393507559535,0.0601365951784132,0.06014902106485,0.0601161548394275,0.0601161548394275,0.0601161548394275,0.0601161548394275,0.0601161548394278,0.0601161548394275,0.0601161548394275,0.0601161548394277,0.0601161548394275,0.0601161548394275,0.0601161548394275,0.0601161548394275,0.0601161548394275,0.0601161548394275,0.0601161548394275,0.0601161548394275,0.0601161548394273,0.0601161548394273,0.0601161548394273,0.0601161548394272,0.0601161548394273,0.0601161548394273,0.0601161548394273,0.0601161548394273,0.0601161548394274,0.0601161548394274,0.0601161548394273,0.0601161548394274,0.0601161548394272,0.0601161548394273,0.0601161548394273,0.0601161548394273,0.0601161548394274,0.0601161548394273,0.0601161548394273,0.0601161548394274,0.0601161548394273,0.0601161548394274,0.0601161548394273,0.0601161548394275,0.0601161548394275,0.0601161548394275,0.0601161548394275,0.0601239633123729,0.0601161548394275,0.0601161548394275,0.0601161548394275,0.0601161548394275,0.0601161548394275,0.0601161548394275
"49",0.0696787244645527,0.0983537787786748,0.109534897902103,0.0743236598200874,0.0753800489880784,0.0755882916492994,0.0983537787786748,0.0664032306405537,0.0601161548394275,0.0983537787786748,0.0666633182416073,0.0983537787786748,0.0711037392157746,0.0711674713256397,0.0754161994478298,0.0724539498372737,0.0688153490864949,0.0652561776673433,0.0675760002525243,0.135864957689903,0.129194128152987,0.160592592058576,0.121533457379419,0.0792571564898234,0.0797633759374116,0.119755563112357,0.0601161548394275,0.246169807156996,0.0875785159400455,0.140291744324633,0.181236599710605,0.095540194337479,0.16672470847527,0.163176180077167,0.0651867096293496,0.0626046050260613,0.0657442978115284,0.0651104993331258,0.0638184834934898,0.23873730296969,0.294353078150092,0.104198165850106,0.305242477850238,0.189339228538043,0.209766728754965,0.30883452248624,0.215389125417366,0.218124722607411,1,0.302291270594516,0.282614339665559,0.173572379593864,0.307659433946024,0.201271575120905,0.235581808673057,0.0604916804223651,0.0602424738100731,0.0602424738100731,0.0603066513324577,0.0601161548394275,0.0603127144002596,0.0602226829151492,0.0606444067356811,0.0602497774230691,0.06028019908456,0.0603648102920434,0.0615180113195714,0.0604528634623647,0.0603844853335128,0.0601161548394275,0.06028019908456,0.0605982263012407,0.0601161548394275,0.0604129386025627,0.0606210379634384,0.0604686502682431,0.0601457262628946,0.0984613206016369,0.0601433322834048,0.0985063483019806,0.0601635878449705,0.0602922942339977,0.0601161548394275,0.0601457262628947,0.0602252394916653,0.0601352365099761,0.0984906289925295,0.0611690974237789,0.06114150860699,0.0601161548394275,0.0601161548394275,0.0610368961876936,0.0638954497144907,0.0714488437410544,0.0673058119616822,0.0622528861433355,0.0657880705046388,0.072058132230161,0.0619448700154325,0.0618060819932415,0.0631732048169319,0.104346127712556,0.0623178307896332,0.0619448700154326,0.0618060819932415,0.0603323269955056,0.0607676799512111,0.0602336832435627,0.0603718768162783,0.0603230622213864,0.0602780667170456,0.0604319904080256,0.060589827864751,0.0602767260502181,0.0603640001396909,0.0601161548394275,0.0601592657455631,0.0602921776893306,0.0602880143847573,0.0601161548394275,0.0601161548394274,0.0603220291527754,0.0603166873155701,0.0602880143847573,0.0602461008163437,0.0601161548394274,0.0604979223562776,0.0603363608247589,0.0603500247108436,0.0608031955207164,0.0602068723950966,0.0601161548394275,0.0604888754096455,0.0601386972998324,0.0604888754096454,0.0602588898976005,0.0601486395947229,0.0605500307196848,0.0602532417851838,0.0601761761200312,0.0601879102275562,0.0602185719664038,0.0601728390131794,0.0601661051712159,0.0601964704773255,0.0601161548394275,0.0601161548394275,0.0601161548394275,0.0601161548394275,0.0601161548394273,0.0601161548394275,0.0983537787786748,0.0601161548394273,0.0601161548394275,0.0983537787786748,0.0601161548394275,0.0601161548394275,0.0601161548394275,0.0601161548394275,0.0601161548394275,0.0601161548394275,0.0601161548394272,0.0601161548394274,0.0601161548394273,0.0601161548394272,0.0601161548394273,0.0601161548394272,0.0601161548394273,0.0601161548394274,0.0601161548394273,0.0601161548394273,0.0601161548394274,0.0601161548394273,0.0601161548394274,0.0601161548394274,0.0983537787786747,0.0601161548394274,0.0601161548394274,0.0601161548394273,0.0601161548394275,0.0601161548394274,0.0601161548394275,0.0601161548394273,0.0601161548394273,0.0601161548394275,0.0601161548394275,0.0601161548394275,0.0983537787786748,0.0601352365099761,0.0601161548394275,0.0601161548394275,0.0601161548394275,0.0983537787786748,0.0601161548394275,0.0601161548394275
"50",0.0675563529607163,0.0983537787786748,0.107450494274688,0.0716961742865779,0.0725345273564154,0.0726159238837384,0.0983537787786748,0.0650304946836054,0.0601161548394275,0.0983537787786748,0.065227291113244,0.0983537787786748,0.0687131524271231,0.06908675078859,0.0723095046827453,0.0698102757729341,0.0668753008602052,0.0641166293669822,0.0658810768861197,0.124479925400959,0.121096334121457,0.143520204520353,0.115025767841481,0.0748414197311638,0.0738620967221069,0.113415090808784,0.0601161548394275,0.265519233316318,0.0843976430599668,0.133055308383809,0.213149337888758,0.0890505275380869,0.170509567747375,0.229360489601522,0.0640576333798777,0.0620530834060363,0.06448345750643,0.0640035899077643,0.0630025788917256,0.198561977840009,0.222619395457144,0.104198165850106,0.229121492481337,0.183535842443629,0.160604960776513,0.247270021503356,0.191496478591131,0.171527949729876,0.302291270594516,1,0.233594914958632,0.1490248745331,0.296397458012253,0.163592194717188,0.193205210616993,0.0604481845576735,0.0602278427087452,0.0602278427087452,0.0602845867646585,0.0601161548394275,0.0602899475677181,0.0602103441265872,0.0605832210960164,0.0602343003688233,0.0602611983916275,0.0603360093676505,0.0613556390004866,0.0604138636355374,0.0603534055152696,0.0601161548394275,0.0602611983916275,0.060542389585908,0.0601161548394275,0.0603785631379059,0.0605625590500306,0.0604278219088109,0.0601423011044174,0.0984488643941433,0.0601401844115168,0.0984886766874669,0.0601580938395428,0.060271892600604,0.0601161548394275,0.0601423011044175,0.0602126045834481,0.0601330263442834,0.0984747780927366,0.0610471386272075,0.0610227453302356,0.0601161548394275,0.0601161548394275,0.060930249815463,0.063457706705801,0.0701362165181627,0.0664730581691932,0.0620053957461437,0.0651311115981755,0.070674933171729,0.0617330560899135,0.0616103434173347,0.0628191170044943,0.103652054098787,0.0620628180725885,0.0617330560899136,0.0616103434173346,0.06030728850205,0.060692215989785,0.060220070323975,0.0603422574001609,0.0602990968355426,0.0602593130090673,0.0603954082368482,0.0605349639120574,0.0602581276271673,0.0603352930525191,0.0601161548394275,0.0601542723543663,0.0602717895549135,0.0602681084718999,0.0601161548394275,0.0601161548394273,0.0602981834237927,0.0602934603136165,0.0602681084718999,0.0602310496110835,0.0601161548394273,0.0604537035093839,0.0603108551064337,0.0603229363505699,0.0607236179103784,0.0601963648858726,0.0601161548394275,0.0604457044401387,0.0601360862824949,0.0604457044401387,0.0602423573760915,0.0601448769948224,0.0604997763363934,0.0602373634655312,0.0601692240570602,0.0601795990423938,0.0602067093352024,0.0601662734760662,0.0601603195923592,0.0601871677872362,0.0601161548394275,0.0601161548394275,0.0601161548394275,0.0601161548394275,0.0601161548394278,0.0601161548394275,0.0983537787786748,0.0601161548394278,0.0601161548394275,0.0983537787786748,0.0601161548394275,0.0601161548394275,0.0601161548394275,0.0601161548394275,0.0601161548394275,0.0601161548394275,0.0601161548394271,0.0601161548394271,0.060116154839427,0.0601161548394269,0.060116154839427,0.060116154839427,0.060116154839427,0.060116154839427,0.0601161548394268,0.0601161548394268,0.0601161548394267,0.0601161548394269,0.0601161548394268,0.060116154839427,0.0983537787786742,0.060116154839427,0.0601161548394269,0.0601161548394268,0.060116154839427,0.060116154839427,0.060116154839427,0.0601161548394272,0.0601161548394271,0.0601161548394275,0.0601161548394275,0.0601161548394275,0.0983537787786748,0.0601330263442834,0.0601161548394275,0.0601161548394275,0.0601161548394275,0.0983537787786748,0.0601161548394275,0.0601161548394275
"51",0.078784136574069,0.0983537787786748,0.119353858127908,0.0867563416018348,0.088784393211769,0.0893589230639438,0.0983537787786748,0.0723425379404814,0.0601161548394275,0.0983537787786748,0.0728618764259531,0.0983537787786748,0.0814658986359387,0.0809151883925034,0.0893824423660138,0.0840047008377656,0.0771180375048144,0.0701478506910384,0.0747609808912042,0.17673691152817,0.161558234868037,0.230704243682023,0.146107437347164,0.0978320409647106,0.101090854738784,0.142874069478473,0.0601161548394275,0.235399518672832,0.106802049656241,0.191196986262828,0.168274228615488,0.126410802959967,0.178272874484775,0.138347018066103,0.0700225416006503,0.0649724661995289,0.0711277508896006,0.0698628204674105,0.0673317059920267,0.295528680692634,0.291046381531585,0.104198165850106,0.239149854662611,0.14384184228569,0.195325894038192,0.222143697525928,0.156695246890748,0.164012235221167,0.282614339665559,0.233594914958632,1,0.249438037159133,0.219367795118705,0.152777529059563,0.245363901455908,0.0607545467024521,0.0603308965419101,0.0603308965419101,0.0604399980517433,0.0601161548394275,0.0604503052407219,0.0602972521063367,0.0610141807729932,0.0603433126523411,0.0603950293449924,0.0605388680309097,0.0624993047783753,0.0606885580387295,0.0605723155161124,0.0601161548394275,0.0603950293449924,0.0609356742346452,0.0601161548394275,0.0606206859501473,0.0609744539614883,0.0607153955402841,0.0601664261311252,0.0985365994114978,0.0601623563763723,0.0986131463068791,0.0601967907432216,0.0604155910466019,0.0601161548394275,0.0601664261311252,0.0603015982753311,0.0601485935966399,0.0985864235489581,0.0619061526681319,0.0618592517991934,0.0601161548394275,0.0601161548394275,0.0616814111399026,0.0665409397431182,0.0793816768429644,0.0723385407788144,0.0637485887929606,0.06975838688152,0.0804174646330715,0.0632249627108309,0.0629890236747768,0.0653131265483294,0.108540745988372,0.0638589944101199,0.063224962710831,0.0629890236747768,0.0604836465676157,0.0612237447049821,0.0603159526169504,0.0605508810914731,0.0604678964917773,0.0603914043294613,0.0606530739368407,0.0609213969290215,0.0603891252016663,0.0605374907754217,0.0601161548394275,0.0601894431929644,0.0604153929211728,0.0604083153214471,0.0601161548394275,0.0601161548394281,0.0604661402796176,0.0604570591795262,0.0604083153214471,0.0603370624368467,0.0601161548394281,0.0607651579630424,0.0604905040598584,0.0605137326069669,0.0612841210191747,0.0602703742907875,0.0601161548394275,0.0607497781929877,0.0601544769243898,0.0607497781929877,0.060358803819539,0.0601713787826022,0.0608537419549354,0.0603492020529161,0.0602181907562505,0.0602381386881735,0.0602902635112901,0.0602125176890694,0.0602010701869239,0.0602526910756709,0.0601161548394275,0.0601161548394275,0.0601161548394275,0.0601161548394275,0.0601161548394269,0.0601161548394275,0.0983537787786748,0.0601161548394269,0.0601161548394275,0.0983537787786748,0.0601161548394275,0.0601161548394275,0.0601161548394275,0.0601161548394275,0.0601161548394275,0.0601161548394275,0.060116154839428,0.0601161548394281,0.0601161548394281,0.0601161548394282,0.0601161548394282,0.0601161548394281,0.0601161548394281,0.0601161548394281,0.060116154839428,0.060116154839428,0.0601161548394282,0.0601161548394279,0.0601161548394281,0.060116154839428,0.0983537787786752,0.060116154839428,0.0601161548394279,0.060116154839428,0.060116154839428,0.0601161548394279,0.060116154839428,0.0601161548394278,0.060116154839428,0.0601161548394275,0.0601161548394275,0.0601161548394275,0.0983537787786748,0.0601485935966399,0.0601161548394275,0.0601161548394275,0.0601161548394275,0.0983537787786748,0.0601161548394275,0.0601161548394275
"52",0.0815611285112576,0.0601161548394275,0.0802100777968872,0.123621891804075,0.0875473546744389,0.127263039887914,0.0601161548394275,0.112169071785095,0.0983537787786748,0.0601161548394275,0.0745845138388754,0.0601161548394275,0.0841541866584514,0.118471683767029,0.129040507702225,0.124835602708011,0.117979161447585,0.109864996899468,0.0773376643063219,0.193687532681785,0.141472844354802,0.203724786324281,0.132256232148085,0.10514176279607,0.128857564268122,0.133265577835374,0.0601161548394275,0.126419238050671,0.0929055776572658,0.138720598684679,0.0940316741196348,0.160584028074142,0.10320510225074,0.0981841590991237,0.109771231331792,0.103924593473389,0.072884492924068,0.0712968358293107,0.10658372908028,0.247227835394892,0.194519925589439,0.104198165850106,0.1591913881199,0.162454474225508,0.201258589467073,0.146135161919557,0.13125544439388,0.136818294853502,0.173572379593864,0.1490248745331,0.249438037159133,1,0.14304616573809,0.168451265980828,0.180979481520723,0.0605645236840712,0.0985046007026616,0.0602669767634143,0.0603436032380706,0.0601161548394275,0.0603508424005373,0.0602433468934545,0.0607468753633162,0.0985133210473455,0.0603120198670115,0.0986506676274496,0.061789938994001,0.0605181771332668,0.0604365352318219,0.0983537787786748,0.0603120198670115,0.0989293609338986,0.0983537787786748,0.0604705077757706,0.0607189735907413,0.0605370262136861,0.0983890863730891,0.0602445572841695,0.0601486040778034,0.0602983193150335,0.0984104126882135,0.098564085134428,0.0601161548394275,0.0983890863730892,0.0602463993865757,0.0601389379119184,0.0602795508237843,0.0613733438871839,0.0613404034792044,0.0983537787786748,0.0983537787786748,0.0612154986745613,0.0646285453493959,0.111884746735036,0.10693806278955,0.100904986444879,0.066888290718507,0.112612223073074,0.0622995983860244,0.100371512642663,0.0637662016770038,0.0672708806164714,0.0627449049084649,0.100537222325272,0.100371512642663,0.0603742593848133,0.0608940607262683,0.0602564810306889,0.0604214809543981,0.060363197459191,0.0603094738696084,0.0604932551900395,0.0606817094560846,0.0603078731444812,0.0604120763850651,0.0983537787786748,0.0601676282624213,0.0603263220435487,0.0603213511543572,0.0601161548394275,0.0601161548394283,0.0603619639992072,0.0603555859693608,0.0603213511543572,0.0602713073248596,0.0601161548394282,0.0605719764085292,0.0603790756834728,0.0603953900468489,0.0609364654933186,0.06022446949886,0.0983537787786748,0.060561174563879,0.0601430700148144,0.060561174563879,0.0602865771915409,0.0601549408845388,0.0606341925870231,0.0602798334761889,0.0601878188577022,0.0602018291101935,0.0602384385159077,0.060183834429446,0.0601757943781729,0.0602120498500665,0.0601161548394275,0.0983537787786748,0.0983537787786748,0.0601161548394275,0.0601161548394273,0.0983537787786748,0.0601161548394275,0.0601161548394272,0.0983537787786748,0.0601161548394275,0.0601161548394275,0.0601161548394275,0.0983537787786748,0.0983537787786748,0.0983537787786748,0.0601161548394275,0.0983537787786753,0.0601161548394281,0.0601161548394281,0.0601161548394282,0.0601161548394282,0.060116154839428,0.0601161548394281,0.060116154839428,0.0601161548394279,0.0601161548394279,0.0601161548394281,0.0601161548394278,0.060116154839428,0.0601161548394279,0.0601161548394279,0.0983537787786752,0.0601161548394279,0.060116154839428,0.0601161548394279,0.0601161548394278,0.0601161548394279,0.0601161548394277,0.0601161548394279,0.0601161548394275,0.0601161548394275,0.0983537787786748,0.0601161548394275,0.0601389379119184,0.0983537787786748,0.0601161548394275,0.0601161548394275,0.0601161548394275,0.0601161548394275,0.0983537787786748
"53",0.0656948335771246,0.0983537787786748,0.104958095539923,0.0685123819432975,0.0691320315915703,0.0692369947447922,0.0983537787786748,0.0637885954747704,0.0601161548394275,0.0983537787786748,0.0639391865978084,0.0983537787786748,0.0665360176581376,0.0666395973800701,0.0691012436470785,0.0673332598260359,0.0651892459377392,0.0631150350642943,0.06446008970039,0.119643437102257,0.116078368721504,0.13388520105553,0.11160633190709,0.0712484461660862,0.0712783844770137,0.110528946297501,0.0601161548394275,0.19643825950526,0.0767577129421752,0.109146479901273,0.159162922483363,0.0810633531806268,0.142506926209117,0.143041242757644,0.06307349471974,0.0615680440066158,0.0633971429867173,0.0630301109662389,0.062277236150115,0.196773374113197,0.22803745751289,0.104198165850106,0.255477893015711,0.286794633552603,0.169629208268271,0.321095536194739,0.28477627017594,0.209233722896363,0.307659433946024,0.296397458012253,0.219367795118705,0.14304616573809,1,0.201566205017938,0.196757786730026,0.060343714690695,0.060192701225289,0.0601927012252889,0.0602315913252238,0.0601161548394275,0.0602352654046206,0.060180708398941,0.0604362633177981,0.0601971270464915,0.0602155618724494,0.0602668343147683,0.0609656475680587,0.0603201925072657,0.0602787569365921,0.0601161548394275,0.0602155618724493,0.06040827903851,0.0601161548394275,0.060295998962082,0.0604221023802283,0.060329758947905,0.0601340744407321,0.0984189466456599,0.0601326237443173,0.0984462323946439,0.0601448981479447,0.0602228912543402,0.0601161548394275,0.0601340744407322,0.0601822576254073,0.0601277178921436,0.0984367068552845,0.0607542137860757,0.0607374955987394,0.0601161548394275,0.0601161548394275,0.0606741028828833,0.0624063204599414,0.0669835032121988,0.064472921408058,0.0614109647799733,0.0635532050533793,0.0673527179987808,0.0612243141030592,0.0611402117592443,0.0619686566923175,0.101985004170758,0.0614503197393253,0.0612243141030593,0.0611402117592443,0.0602471501854719,0.0605109640462331,0.0601873743445161,0.0602711164656448,0.0602415359458134,0.0602142697068649,0.0603075439172451,0.0604031897794946,0.0602134572936564,0.0602663433811089,0.0601161548394275,0.0601422790552841,0.0602228206309572,0.0602202977643067,0.0601161548394275,0.0601161548394274,0.0602409099300364,0.0602376728997643,0.0602202977643067,0.0601948991075237,0.0601161548394274,0.0603474971588342,0.0602495945930612,0.0602578745932168,0.0605324856630856,0.0601711275880591,0.0601161548394275,0.060342014917614,0.0601298150510614,0.060342014917614,0.0602026489961094,0.0601358398526976,0.0603790736264985,0.0601992263701159,0.060152526352602,0.0601596369514119,0.0601782172587169,0.0601505041427357,0.0601464235896514,0.0601648242655469,0.0601161548394275,0.0601161548394275,0.0601161548394275,0.0601161548394275,0.0601161548394274,0.0601161548394275,0.0983537787786748,0.0601161548394274,0.0601161548394275,0.0983537787786748,0.0601161548394275,0.0601161548394275,0.0601161548394275,0.0601161548394275,0.0601161548394275,0.0601161548394275,0.0601161548394268,0.0601161548394268,0.0601161548394267,0.0601161548394266,0.0601161548394266,0.0601161548394267,0.0601161548394268,0.0601161548394269,0.0601161548394266,0.0601161548394266,0.0601161548394265,0.0601161548394267,0.0601161548394266,0.0601161548394269,0.0983537787786742,0.0601161548394269,0.0601161548394267,0.0601161548394266,0.0601161548394269,0.0601161548394269,0.0601161548394268,0.060116154839427,0.0601161548394269,0.0601161548394275,0.0601161548394275,0.0601161548394275,0.0983537787786748,0.0601277178921437,0.0601161548394275,0.0601161548394275,0.0601161548394275,0.0983537787786748,0.0601161548394275,0.0601161548394275
"54",0.0634669840224889,0.0601161548394275,0.0639854392810734,0.103267772356346,0.0653983048189005,0.103718785373806,0.0601161548394275,0.100554061364729,0.0983537787786748,0.0601161548394275,0.0624082574232344,0.0601161548394275,0.063960431875271,0.102180659771017,0.103679636088296,0.102665472269203,0.101403211985012,0.100154744874598,0.0627349781179382,0.0737126644200108,0.0710521294451659,0.0820688696576149,0.0684270027963137,0.0668439061953232,0.0672269276636608,0.0678467998702292,0.0601161548394275,0.108220210359454,0.0694357836609538,0.0871328499664699,0.0879835119236894,0.110598456219846,0.0826356814330111,0.0958932884110936,0.100131008974222,0.0992256634420415,0.0620897521538751,0.0618660361073001,0.0996504027428764,0.144922226457464,0.173176771039583,0.104198165850106,0.227217473440297,0.192610317587136,0.203786357433147,0.291988077163827,0.198870781575101,0.30554408793333,0.201271575120905,0.163592194717188,0.152777529059563,0.168451265980828,0.201566205017938,1,0.149800339519671,0.060243593228033,0.0983966463935612,0.060159022454314,0.060180801742887,0.0601161548394275,0.0601828593060087,0.0601523062148012,0.0602954224406114,0.0983991249481884,0.060171824906154,0.0984381625108067,0.0605918889544996,0.0602304203017192,0.0602072154950358,0.0983537787786748,0.060171824906154,0.0985173745843336,0.0983537787786748,0.0602168713984497,0.0602874920123966,0.0602357777132881,0.0983638141390514,0.0601526502401373,0.0601253777787532,0.060167930843737,0.0983698756468183,0.0984135534561772,0.0601161548394275,0.0983638141390514,0.0601531738147903,0.060122630396505,0.0601625963377606,0.0604734815099413,0.0604641189671084,0.0983537787786748,0.0983537787786748,0.0604286176890358,0.0613986966177413,0.102199640892498,0.100793661332398,0.0990789000663454,0.0620409765440545,0.102406409077611,0.0607367477519672,0.0989272725781064,0.0611535955378001,0.0621497188009615,0.0608633157468973,0.0989743716912145,0.0989272725781064,0.0601895150377302,0.0603372564478248,0.0601560392870365,0.0602029366677284,0.0601863709433245,0.0601711012657626,0.0602233368205105,0.0602769005510804,0.0601706462969726,0.0602002636381997,0.0983537787786748,0.0601307849596083,0.0601758899663234,0.0601744771069865,0.0601161548394275,0.0601161548394277,0.0601860203610869,0.060184207554832,0.0601744771069865,0.0601602533154207,0.0601161548394277,0.060245711491171,0.0601908839583135,0.0601955209356697,0.0603493090140248,0.0601469407555892,0.0983537787786748,0.060242641318717,0.0601238048503983,0.060242641318717,0.0601645934189484,0.0601271788683014,0.0602633949890929,0.060162676675116,0.0601365236654938,0.0601405057530604,0.0601509111229423,0.0601353911846747,0.0601331059875856,0.0601434107600326,0.0601161548394275,0.0983537787786748,0.0983537787786748,0.0601161548394275,0.0601161548394278,0.0983537787786748,0.0601161548394275,0.0601161548394278,0.0983537787786748,0.0601161548394275,0.0601161548394275,0.0601161548394275,0.0983537787786748,0.0983537787786748,0.0983537787786748,0.0601161548394275,0.0983537787786744,0.0601161548394273,0.0601161548394272,0.0601161548394271,0.0601161548394272,0.0601161548394271,0.0601161548394273,0.0601161548394274,0.0601161548394274,0.0601161548394273,0.0601161548394272,0.0601161548394274,0.0601161548394273,0.0601161548394274,0.0601161548394273,0.0983537787786745,0.0601161548394273,0.0601161548394273,0.0601161548394272,0.0601161548394274,0.0601161548394273,0.0601161548394272,0.0601161548394272,0.0601161548394275,0.0601161548394275,0.0983537787786748,0.0601161548394275,0.060122630396505,0.0983537787786748,0.0601161548394275,0.0601161548394275,0.0601161548394275,0.0601161548394275,0.0983537787786748
"55",0.0674475222173545,0.0983537787786748,0.106233307605799,0.0700916268346734,0.0708728861317779,0.0711731595704999,0.0983537787786748,0.0648967789852048,0.0601161548394275,0.0983537787786748,0.0651058883786589,0.0983537787786748,0.0684562223798788,0.0679399887916518,0.0713421100691794,0.0694101437354716,0.0668018136849136,0.0640546796893001,0.0659038609131279,0.133455773187245,0.123863802747076,0.148407057620147,0.118780791621685,0.0750831341714667,0.0783533284895301,0.118009224486352,0.0601161548394275,0.156051632559705,0.0767921306686509,0.106005840709106,0.129294765470655,0.0848810164641155,0.129292561759616,0.0968139521987903,0.0640100466635007,0.0620226242004172,0.0644515041365254,0.0639424579764591,0.0629444960888872,0.31015869194792,0.324971906439734,0.104198165850106,0.256017324486962,0.132190724484596,0.285216110661336,0.211926929165273,0.14555723865657,0.164535822735482,0.235581808673057,0.193205210616993,0.245363901455908,0.180979481520723,0.196757786730026,0.149800339519671,1,0.0603441853252763,0.0601928595369422,0.0601928595369422,0.0602318300685781,0.0601161548394275,0.0602355117466297,0.0601808419072789,0.0604369253595365,0.0601972945115367,0.0602157674640207,0.0602671459469453,0.0609674044713606,0.060320614493753,0.0602790932268887,0.0601161548394275,0.0602157674640207,0.0604088832037406,0.0601161548394275,0.0602963709119792,0.0604227351346082,0.060330200719507,0.0601341115016811,0.0984190814244951,0.0601326578049664,0.0984464236053013,0.0601449575942613,0.0602231120043874,0.0601161548394275,0.0601341115016811,0.0601823943378227,0.0601277418066107,0.0984368783654183,0.0607555334064003,0.0607387806428544,0.0601161548394275,0.0601161548394275,0.0606752568194937,0.0624110569331385,0.0669977061201505,0.0644819319826179,0.0614136426791278,0.0635603134895854,0.0673676845091223,0.0612266059751424,0.0611423296925983,0.0619724879983576,0.101992514196054,0.0614530790315934,0.0612266059751425,0.0611423296925983,0.0602474211073383,0.060511780582474,0.0601875216392234,0.0602714369540767,0.0602417952564251,0.0602144726260055,0.0603079397441797,0.0604037834192247,0.0602136585325801,0.0602666539979458,0.0601161548394275,0.0601423330848468,0.0602230412349423,0.060220513150552,0.0601161548394275,0.0601161548394273,0.0602411679459358,0.0602379242209045,0.060220513150552,0.060195061964792,0.0601161548394273,0.0603479756162377,0.0602498705704016,0.0602581676950823,0.0605333467098897,0.0601712412815611,0.0601161548394275,0.0603424820367593,0.0601298433028297,0.0603424820367593,0.060202827881536,0.0601358805648362,0.0603796173896997,0.0601993981769377,0.0601526015754134,0.0601597268802172,0.0601783456149289,0.0601505751832545,0.0601464861908546,0.0601649249226474,0.0601161548394275,0.0601161548394275,0.0601161548394275,0.0601161548394275,0.0601161548394271,0.0601161548394275,0.0983537787786748,0.0601161548394271,0.0601161548394275,0.0983537787786748,0.0601161548394275,0.0601161548394275,0.0601161548394275,0.0601161548394275,0.0601161548394275,0.0601161548394275,0.0601161548394284,0.0601161548394283,0.0601161548394283,0.0601161548394285,0.0601161548394284,0.0601161548394285,0.0601161548394283,0.0601161548394283,0.0601161548394284,0.0601161548394284,0.0601161548394286,0.0601161548394282,0.0601161548394285,0.0601161548394282,0.0983537787786755,0.0601161548394283,0.0601161548394283,0.0601161548394284,0.0601161548394283,0.0601161548394282,0.0601161548394284,0.0601161548394281,0.0601161548394283,0.0601161548394275,0.0601161548394275,0.0601161548394275,0.0983537787786748,0.0601277418066107,0.0601161548394275,0.0601161548394275,0.0601161548394275,0.0983537787786748,0.0601161548394275,0.0601161548394275
"56",0.0604061532050422,0.0601161548394275,0.0605554284274797,0.0606796491907542,0.0607158287608223,0.0607018062711785,0.0601161548394275,0.0603125334825484,0.0601161548394275,0.0601161548394275,0.0603190170606238,0.0601161548394275,0.0604614917458128,0.0605451541088738,0.060653069828823,0.0605141898269417,0.0603776244742815,0.0602723505337821,0.0603324864843355,0.0605680447987608,0.0607080789543432,0.0608955822888475,0.0604990925070552,0.0606543886832727,0.0603649990053333,0.0604044808961673,0.0601161548394275,0.0607422963539916,0.0649615272007024,0.0616517342467425,0.06042536075791,0.0615366541796524,0.0607541420718263,0.0604479372477018,0.0602689962027778,0.0601918171559972,0.0602838854473414,0.0602680098679793,0.0602298990545668,0.0604558991429029,0.060439385091181,0.0601161548394275,0.0603522337789067,0.060233418247222,0.0603221383874353,0.0603293769664438,0.0602641133439863,0.0602698248940228,0.0604916804223651,0.0604481845576735,0.0607545467024521,0.0605645236840712,0.060343714690695,0.060243593228033,0.0603441853252763,1,0.223392208873262,0.223392208873263,0.208698191266549,0.104198165850106,0.212024188135568,0.16263591682083,0.195222296367554,0.155649408456994,0.191217693709454,0.22134180940011,0.140097263331919,0.188936029402317,0.193396422253327,0.0601161548394275,0.191217693709455,0.191991485509313,0.0601161548394275,0.193755676647739,0.153246305517099,0.174574754416168,0.0854456103239606,0.155651176691811,0.0833950429261398,0.195478478910603,0.100744980290825,0.201795660107551,0.0601161548394275,0.0854456103239606,0.153552808162815,0.0764605937643483,0.185090160571079,0.101644830722381,0.110237194526551,0.0601161548394275,0.0601161548394275,0.103407988549889,0.08659835569886,0.0701083264169778,0.0735211614106685,0.0719601414158569,0.0688061348572072,0.0673833244846029,0.0673765061017755,0.0668254909380501,0.0722532317087287,0.0770412151897742,0.100322060915487,0.0673765061017757,0.06682549093805,0.102887928630631,0.0770138688481515,0.0761804468363441,0.0770947074963096,0.096957561685893,0.0743130382372237,0.0770798886202094,0.1684506034479,0.0796989915850519,0.0935465791454115,0.0601161548394275,0.0658211752772968,0.0994890336665322,0.0994224021578318,0.0601161548394275,0.0601161548394273,0.104732039608269,0.102090717243556,0.0994224021578319,0.0898362887830864,0.0601161548394273,0.0711742546578671,0.0687999254247186,0.0709213588290727,0.0755451414846174,0.0686142371203371,0.0601161548394275,0.0738928990106629,0.0627314845813223,0.0738928990106629,0.0700264633658288,0.0638849691195676,0.072407899424856,0.0737330048400371,0.0676887492421778,0.068441066909739,0.0736693796486748,0.0672206411275256,0.0665897051998412,0.0688556408199184,0.0601161548394275,0.0601161548394275,0.0601161548394275,0.0601161548394275,0.0601161548394279,0.0601161548394275,0.0601161548394275,0.0601161548394279,0.0601161548394275,0.0601161548394275,0.0601161548394275,0.0601161548394275,0.0601161548394275,0.0601161548394275,0.0601161548394275,0.0601161548394275,0.0601161548394275,0.0601161548394274,0.0601161548394275,0.0601161548394275,0.0601161548394275,0.0601161548394275,0.0601161548394274,0.0601161548394274,0.0601161548394274,0.0601161548394274,0.0601161548394274,0.0601161548394274,0.0601161548394274,0.0601161548394274,0.0601161548394275,0.0601161548394274,0.0601161548394274,0.0601161548394274,0.0601161548394274,0.0601161548394274,0.0601161548394274,0.0601161548394275,0.0601161548394275,0.0601161548394275,0.0601161548394275,0.0601161548394275,0.0601161548394275,0.0764605937643487,0.0601161548394275,0.0601161548394275,0.0601161548394275,0.0601161548394275,0.0601161548394275,0.0601161548394275
"57",0.0602137042387167,0.0601161548394275,0.0602639173088723,0.0985433265209814,0.0603178726342074,0.0985507797005219,0.0601161548394275,0.0984198364567209,0.0983537787786748,0.0601161548394275,0.0601843934578564,0.0601161548394275,0.0602323189691766,0.0984980851817173,0.098534385778214,0.0984876694433543,0.0984417317081967,0.0984063197511853,0.0601889242909494,0.0602681611929268,0.0603152657610098,0.0603783379704234,0.0602449670807074,0.0602972054740853,0.0601998608246296,0.0602131417089045,0.0601161548394275,0.0603267757802952,0.0617460370016041,0.0606326917117206,0.0602201652587303,0.098831605117579,0.0603307604326104,0.060227759518831,0.0984051914242246,0.0983792300032517,0.0601725759161799,0.0601672357025313,0.0983920399593402,0.0602304377342492,0.0602248827518207,0.0601161548394275,0.06019556686881,0.0983932237423205,0.0984230673463157,0.0601878783140118,0.0601659249931622,0.0601678462394213,0.0602424738100731,0.0602278427087452,0.0603308965419101,0.0985046007026616,0.060192701225289,0.0983966463935612,0.0601928595369422,0.223392208873262,1,0.144292554903426,0.139349793975638,0.104198165850106,0.140468589924448,0.123855405955352,0.105563041819083,0.130489171965464,0.104215977042141,0.152586724950963,0.0870201309063417,0.103448472776835,0.104948855864472,0.0983537787786748,0.104215977042141,0.142713888397462,0.0983537787786748,0.105069701546801,0.0914431943387041,0.0986176395238294,0.106874079096941,0.0922521428235145,0.0679466870707741,0.105649216281239,0.112020467927824,0.146011808165248,0.0601161548394275,0.106874079096941,0.0915462954334528,0.0656140830621214,0.10215480274722,0.074085534898101,0.0769758267995604,0.0983537787786748,0.0983537787786748,0.0746786244024545,0.0690242146494295,0.101714936807688,0.102862943289734,0.102337848734632,0.0630392827983535,0.100798303015624,0.0625583855146617,0.100610659449929,0.0641988142544895,0.0658093919947933,0.0736405827350527,0.100796009453909,0.100610659449929,0.0745036870968235,0.065800193256061,0.0655198474808909,0.0658273856905787,0.0725088353955091,0.0648916901921906,0.0658224009298589,0.0965576029203617,0.0667034125188584,0.071361452040071,0.0983537787786748,0.062035204677754,0.0733603697498695,0.0733379563006292,0.0601161548394275,0.0601161548394274,0.075124007551769,0.0742355218202677,0.0733379563006292,0.0701133877785127,0.0601161548394274,0.0638358688877614,0.0630371940748261,0.0637508000077027,0.0653061440164078,0.0629747324036747,0.0983537787786748,0.0647503641227072,0.0609958971949567,0.0647503641227072,0.0634497758461313,0.0613839053258194,0.0642508412470062,0.0646965790599488,0.0626634175920456,0.0629164815580781,0.0646751768731334,0.0625059557894937,0.0622937221080891,0.0630559355712527,0.0601161548394275,0.0983537787786748,0.0983537787786748,0.0601161548394275,0.0601161548394276,0.0983537787786748,0.0601161548394275,0.0601161548394276,0.0983537787786748,0.0601161548394275,0.0601161548394275,0.0601161548394275,0.0983537787786748,0.0983537787786748,0.0983537787786748,0.0601161548394275,0.0983537787786747,0.0601161548394274,0.0601161548394275,0.0601161548394275,0.0601161548394275,0.0601161548394274,0.0601161548394274,0.0601161548394274,0.0601161548394274,0.0601161548394274,0.0601161548394274,0.0601161548394274,0.0601161548394274,0.0601161548394274,0.0601161548394274,0.0983537787786747,0.0601161548394274,0.0601161548394274,0.0601161548394274,0.0601161548394274,0.0601161548394274,0.0601161548394274,0.0601161548394274,0.0601161548394275,0.0601161548394275,0.0983537787786748,0.0601161548394275,0.0656140830621216,0.0983537787786748,0.0601161548394275,0.0601161548394275,0.0601161548394275,0.0601161548394275,0.0983537787786748
"58",0.0602137042387168,0.0601161548394275,0.0602639173088723,0.0603057025817341,0.0603178726342074,0.0603131557612747,0.0601161548394275,0.0601822125174736,0.0601161548394275,0.0601161548394275,0.0984220173971037,0.0601161548394275,0.0602323189691767,0.06026046124247,0.0602967618389668,0.060250045504107,0.0602041077689495,0.0601686958119381,0.0984265482301967,0.0602681611929268,0.0603152657610098,0.0603783379704234,0.0602449670807074,0.0602972054740853,0.0601998608246296,0.0602131417089045,0.0983537787786748,0.0603267757802952,0.0617460370016042,0.0606326917117206,0.0602201652587302,0.0605939811783318,0.0603307604326103,0.0602277595188309,0.0601675674849774,0.0601416060640045,0.06017257591618,0.0601672357025314,0.060154416020093,0.0602304377342492,0.0602248827518207,0.0983537787786748,0.06019556686881,0.0601555998030732,0.0601854434070685,0.0601878783140118,0.0984035489324095,0.0601678462394213,0.0602424738100731,0.0602278427087452,0.0603308965419101,0.0602669767634143,0.0601927012252889,0.060159022454314,0.0601928595369422,0.223392208873263,0.144292554903426,1,0.139349793975639,0.104198165850106,0.140468589924448,0.123855405955352,0.105563041819083,0.092251548026217,0.104215977042141,0.114349101011715,0.0870201309063419,0.103448472776835,0.104948855864472,0.0601161548394275,0.104215977042142,0.104476264458215,0.0601161548394275,0.105069701546801,0.0914431943387042,0.0986176395238295,0.0686364551576935,0.0922521428235145,0.0679466870707741,0.105649216281239,0.0737828439885764,0.107774184226001,0.0601161548394275,0.0686364551576935,0.0915462954334528,0.103851707001369,0.10215480274722,0.0740855348981012,0.0769758267995607,0.0601161548394275,0.0601161548394275,0.0746786244024547,0.0690242146494296,0.0634773128684407,0.0646253193504864,0.0641002247953849,0.0630392827983536,0.0625606790763773,0.0625583855146617,0.0623730355106821,0.0641988142544896,0.0658093919947934,0.0736405827350529,0.0625583855146618,0.062373035510682,0.0745036870968237,0.0658001932560612,0.065519847480891,0.0658273856905789,0.0725088353955093,0.0648916901921907,0.0658224009298591,0.096557602920362,0.0667034125188586,0.0713614520400712,0.0601161548394275,0.062035204677754,0.0733603697498697,0.0733379563006293,0.0601161548394275,0.0601161548394272,0.0751240075517691,0.0742355218202678,0.0733379563006294,0.0701133877785128,0.0601161548394272,0.0638358688877615,0.0630371940748262,0.0637508000077029,0.0653061440164079,0.0629747324036748,0.0601161548394275,0.0647503641227074,0.0609958971949568,0.0647503641227074,0.0634497758461314,0.0613839053258195,0.0642508412470063,0.064696579059949,0.0626634175920458,0.0629164815580782,0.0646751768731335,0.0625059557894938,0.0622937221080892,0.0630559355712529,0.0601161548394275,0.0601161548394275,0.0601161548394275,0.0601161548394275,0.0601161548394276,0.0601161548394275,0.0601161548394275,0.0601161548394276,0.0601161548394275,0.0601161548394275,0.0601161548394275,0.0601161548394275,0.0601161548394275,0.0601161548394275,0.0601161548394275,0.0601161548394275,0.0601161548394275,0.0601161548394274,0.0601161548394275,0.0601161548394275,0.0601161548394275,0.0601161548394274,0.0601161548394275,0.0601161548394274,0.0601161548394274,0.0601161548394274,0.0601161548394273,0.0601161548394274,0.0601161548394273,0.0601161548394274,0.0601161548394274,0.0601161548394274,0.0601161548394274,0.0601161548394274,0.0601161548394274,0.0601161548394274,0.0601161548394274,0.0601161548394274,0.0601161548394274,0.0601161548394275,0.0601161548394275,0.0601161548394275,0.0601161548394275,0.0656140830621215,0.0601161548394275,0.0601161548394275,0.0601161548394275,0.0601161548394275,0.0601161548394275,0.0601161548394275
"59",0.0602632651140511,0.0601161548394275,0.060338989399327,0.060402004066877,0.0604203572271688,0.060413243903278,0.0601161548394275,0.0602157737323082,0.0601161548394275,0.0601161548394275,0.0602190627196417,0.0601161548394275,0.0602913372306396,0.0603337774463959,0.0603885208969813,0.0603180698957379,0.0602487930689831,0.0601953897393997,0.06022589548443,0.060345389427961,0.0604164259079108,0.0605115425371832,0.0603104113323183,0.0603891899250285,0.0602423884252865,0.06026241678576,0.0601161548394275,0.0604337836990436,0.0625741137220927,0.0608951230513264,0.0602730087150925,0.060836745273102,0.0604397927908539,0.0602844613093382,0.0601936881554816,0.0601545367942557,0.0602012411665203,0.0601931878078925,0.0601738549671181,0.0602885002168924,0.0602801229742179,0.0601161548394275,0.0602359128854634,0.0601756401819995,0.0602206461052701,0.0602243180892261,0.0601912111804947,0.0601941085337009,0.0603066513324577,0.0602845867646585,0.0604399980517433,0.0603436032380706,0.0602315913252238,0.060180801742887,0.0602318300685781,0.208698191266549,0.139349793975638,0.139349793975639,1,0.104198165850106,0.152366051782456,0.340589678380408,0.104348264528413,0.08854761750076,0.0989792198400329,0.108282413865715,0.0927373290876246,0.110480224234847,0.103883578795745,0.0601161548394275,0.0989792198400335,0.101731658995127,0.0601161548394275,0.102631081304407,0.0938750700339412,0.09942464619883,0.0676077961803472,0.088340581192811,0.0670013040471376,0.100108526832518,0.0721328596031983,0.102105819506533,0.0601161548394275,0.0676077961803472,0.0877517230506014,0.0649503161745911,0.0970074171028632,0.0841162971542787,0.0934794653009228,0.0601161548394275,0.0601161548394275,0.0920212848522675,0.0726935056454001,0.065220206917783,0.0667593408325443,0.0657646998927005,0.0646181709290802,0.0637724352375054,0.0636059142127454,0.0633410633449337,0.0659499604280053,0.0689607850095237,0.083299241929027,0.0636059142127455,0.0633410633449336,0.100695470564487,0.0719093316590078,0.0750849486557635,0.0749523300858089,0.0949140587011982,0.0729103188691932,0.0744876598869665,0.163450391161569,0.0782340232011162,0.0912423673502422,0.0601161548394275,0.0654218500355947,0.0976427772927273,0.0976082093198602,0.0601161548394275,0.0601161548394274,0.102591927777714,0.100026047752462,0.0976082093198602,0.0884645461766917,0.0601161548394274,0.0681676765308376,0.0670347704840253,0.0690254347235582,0.070194423323783,0.067821010596508,0.0601161548394275,0.0709175647650234,0.0625276158235814,0.0709175647650234,0.0688248455064067,0.0635911845641669,0.0689946465009603,0.0725239261374216,0.0671377565775888,0.0677921279041161,0.0727207161282307,0.0667009148459796,0.066128860862904,0.068137050014853,0.0601161548394275,0.0601161548394275,0.0601161548394275,0.0601161548394275,0.0601161548394277,0.0601161548394275,0.0601161548394275,0.0601161548394277,0.0601161548394275,0.0601161548394275,0.0601161548394275,0.0601161548394275,0.0601161548394275,0.0601161548394275,0.0601161548394275,0.0601161548394275,0.0601161548394277,0.0601161548394277,0.0601161548394277,0.0601161548394277,0.0601161548394277,0.0601161548394277,0.0601161548394277,0.0601161548394276,0.0601161548394273,0.0601161548394274,0.0601161548394274,0.0601161548394274,0.0601161548394275,0.0601161548394275,0.0601161548394274,0.0601161548394274,0.0601161548394274,0.0601161548394274,0.0601161548394274,0.0601161548394274,0.0601161548394274,0.0601161548394276,0.0601161548394276,0.0601161548394275,0.0601161548394275,0.0601161548394275,0.0601161548394275,0.0649503161745913,0.0601161548394275,0.0601161548394275,0.0601161548394275,0.0601161548394275,0.0601161548394275,0.0601161548394275
"60",0.0601161548394275,0.0601161548394275,0.0601161548394275,0.0601161548394275,0.0601161548394275,0.0601161548394275,0.0601161548394275,0.0601161548394275,0.0601161548394275,0.0601161548394275,0.0601161548394275,0.0601161548394275,0.0601161548394275,0.0601161548394275,0.0601161548394275,0.0601161548394275,0.0601161548394275,0.0601161548394275,0.0601161548394275,0.0601161548394275,0.0601161548394275,0.0601161548394275,0.0601161548394275,0.0601161548394275,0.0601161548394275,0.0601161548394275,0.0601161548394275,0.0601161548394275,0.0601161548394275,0.0601161548394275,0.0601161548394275,0.0601161548394275,0.0601161548394275,0.0601161548394275,0.0601161548394275,0.0601161548394275,0.0601161548394275,0.0601161548394275,0.0601161548394275,0.0601161548394275,0.0601161548394275,0.0601161548394275,0.0601161548394275,0.0601161548394275,0.0601161548394275,0.0601161548394275,0.0601161548394275,0.0601161548394275,0.0601161548394275,0.0601161548394275,0.0601161548394275,0.0601161548394275,0.0601161548394275,0.0601161548394275,0.0601161548394275,0.104198165850106,0.104198165850106,0.104198165850106,0.104198165850106,1,0.104198165850106,0.104198165850106,0.0601161548394275,0.0601161548394275,0.0601161548394275,0.0601161548394275,0.0601161548394275,0.0601161548394275,0.0601161548394275,0.0601161548394275,0.0601161548394275,0.0601161548394275,0.0601161548394275,0.0601161548394275,0.0601161548394275,0.0601161548394275,0.0601161548394275,0.0601161548394275,0.0601161548394275,0.0601161548394275,0.0601161548394275,0.0601161548394275,0.0601161548394275,0.0601161548394275,0.0601161548394275,0.0601161548394275,0.0601161548394275,0.0601161548394275,0.0601161548394275,0.0601161548394275,0.0601161548394275,0.0601161548394275,0.0601161548394275,0.0601161548394275,0.0601161548394275,0.0601161548394275,0.0601161548394275,0.0601161548394275,0.0601161548394275,0.0601161548394275,0.0601161548394275,0.0601161548394275,0.0601161548394275,0.0601161548394275,0.0601161548394275,0.0601161548394275,0.0601161548394275,0.0601161548394275,0.0601161548394275,0.0601161548394275,0.0601161548394275,0.0601161548394275,0.0601161548394275,0.0601161548394275,0.0601161548394275,0.0601161548394275,0.0601161548394275,0.0601161548394275,0.0601161548394275,0.0601161548394275,0.0601161548394275,0.0601161548394275,0.0601161548394275,0.0601161548394275,0.0601161548394275,0.0601161548394275,0.0601161548394275,0.0601161548394275,0.0601161548394275,0.0601161548394275,0.0601161548394275,0.0601161548394275,0.0601161548394275,0.0601161548394275,0.0601161548394275,0.0601161548394275,0.0601161548394275,0.0601161548394275,0.0601161548394275,0.0601161548394275,0.0601161548394275,0.0601161548394275,0.0601161548394275,0.0601161548394275,0.0601161548394275,0.0601161548394275,0.0601161548394275,0.0601161548394275,0.0601161548394275,0.0601161548394275,0.0601161548394275,0.0601161548394275,0.0601161548394275,0.0601161548394275,0.0601161548394275,0.0601161548394275,0.0601161548394275,0.0601161548394275,0.0601161548394275,0.0601161548394275,0.0601161548394275,0.0601161548394275,0.0601161548394275,0.0601161548394275,0.0601161548394275,0.0601161548394275,0.0601161548394275,0.0601161548394275,0.0601161548394275,0.0601161548394275,0.0601161548394275,0.0601161548394275,0.0601161548394275,0.0601161548394275,0.0601161548394275,0.0601161548394275,0.0601161548394275,0.0601161548394275,0.0601161548394275,0.0601161548394275,0.0601161548394275,0.0601161548394275,0.0601161548394275,0.0601161548394275,0.0601161548394275,0.0601161548394275,0.0601161548394275,0.0601161548394275,0.0601161548394275,0.0601161548394275,0.0601161548394275,0.0601161548394275,0.0601161548394275,0.0601161548394275,0.0601161548394275
"61",0.060267947297724,0.0601161548394275,0.0603460817138559,0.0604111019941906,0.0604300392936099,0.0604226995688844,0.0601161548394275,0.0602189443738895,0.0601161548394275,0.0601161548394275,0.0602223380421696,0.0601161548394275,0.0602969128855965,0.0603407038763801,0.0603971896858267,0.0603244963903004,0.0602530146405518,0.0601979116050948,0.0602293882782379,0.0603526854407682,0.0604259828494493,0.0605241268235466,0.0603165940723186,0.0603978800075071,0.0602464061516909,0.0602670719690833,0.0601161548394275,0.060443893099385,0.0626523449331892,0.0609199158283956,0.0602780010153077,0.0608596800189714,0.0604500934468477,0.0602898181194418,0.0601961558636512,0.0601557584041173,0.0602039492697613,0.0601956395911424,0.0601756914302508,0.0602939855761883,0.060285341705034,0.0601161548394275,0.0602397245102412,0.0601775334644401,0.0602239718233418,0.0602277606781513,0.0601936000522142,0.060196589621548,0.0603127144002596,0.0602899475677181,0.0604503052407219,0.0603508424005373,0.0602352654046206,0.0601828593060087,0.0602355117466297,0.212024188135568,0.140468589924448,0.140468589924448,0.152366051782456,0.104198165850106,1,0.131134263824088,0.105756071442808,0.0894525259485469,0.100216142338352,0.109815435758059,0.0937755864754184,0.112083197405932,0.105276595825775,0.0601161548394275,0.100216142338353,0.103056185338283,0.0601161548394275,0.103984234203133,0.0949495391146043,0.10067574559968,0.0678462379945426,0.0892389001483052,0.0672204426034808,0.10138139259024,0.0725153238395562,0.103442254523247,0.0601161548394275,0.0678462379945426,0.0886312999978574,0.0651041764765482,0.0981815816285977,0.0848801668076794,0.0945413431874866,0.0601161548394275,0.0601161548394275,0.0930367521892897,0.0730938139633601,0.0653826572249889,0.0669707782530175,0.0659444801663114,0.0647614598073248,0.0638888062824676,0.0637169852742407,0.0634437048088897,0.0661356371208555,0.0692422893645336,0.0840371065828102,0.0637169852742408,0.0634437048088896,0.101987017399148,0.0722846815120002,0.0755613711366938,0.0754245316208905,0.0960215964154861,0.073317527856322,0.0749450720320906,0.166739283629302,0.0788106735244457,0.0922330435241751,0.0601161548394275,0.0655907181821826,0.0988371638805505,0.0988014956881466,0.0601161548394275,0.0601161548394275,0.103943834509209,0.101296288389656,0.0988014956881466,0.089366810654176,0.0601161548394275,0.068423938056419,0.0672549742005334,0.0693089967311438,0.0705151915656141,0.0680662385380531,0.0601161548394275,0.0712613489454616,0.0626043671128858,0.0712613489454616,0.0691020232178588,0.0637017868146274,0.0692772285898185,0.0729188371273874,0.067361238105977,0.0680364365756031,0.0731218904936427,0.0669104927008922,0.0663202315475404,0.0683923367684579,0.0601161548394275,0.0601161548394275,0.0601161548394275,0.0601161548394275,0.0601161548394275,0.0601161548394275,0.0601161548394275,0.0601161548394276,0.0601161548394275,0.0601161548394275,0.0601161548394275,0.0601161548394275,0.0601161548394275,0.0601161548394275,0.0601161548394275,0.0601161548394275,0.0601161548394276,0.0601161548394273,0.0601161548394275,0.0601161548394276,0.0601161548394274,0.0601161548394275,0.0601161548394274,0.0601161548394273,0.0601161548394274,0.0601161548394273,0.0601161548394274,0.0601161548394274,0.0601161548394273,0.0601161548394273,0.0601161548394275,0.0601161548394274,0.0601161548394274,0.0601161548394273,0.0601161548394274,0.0601161548394274,0.0601161548394274,0.0601161548394275,0.0601161548394275,0.0601161548394275,0.0601161548394275,0.0601161548394275,0.0601161548394275,0.0651041764765484,0.0601161548394275,0.0601161548394275,0.0601161548394275,0.0601161548394275,0.0601161548394275,0.0601161548394275
"62",0.0601984207868224,0.0601161548394275,0.0602407667758093,0.0602760053839829,0.0602862687059906,0.0602822908442775,0.0601161548394275,0.060171862998645,0.0601161548394275,0.0601161548394275,0.0601737022424345,0.0601161548394275,0.0602141190735154,0.0602378521850592,0.0602684654229011,0.060229068321801,0.0601903278340949,0.0601604640090599,0.0601775232119083,0.0602443457536898,0.060284070261972,0.0603372606977872,0.0602247855551687,0.0602688395519432,0.0601867462754118,0.06019794639079,0.0601161548394275,0.0602937769608132,0.0614906768886715,0.0605517638280342,0.0602038695331642,0.0605191182276863,0.0602971373218216,0.0602102739703673,0.0601595124615663,0.060137618519547,0.0601637362019568,0.0601592326607941,0.0601484214889285,0.0602125325791373,0.0602078479178726,0.0601161548394275,0.0601831250707082,0.0601494198039265,0.0601745876919325,0.0601766411123324,0.0601581273054683,0.060159747542444,0.0602226829151492,0.0602103441265872,0.0602972521063367,0.0602433468934545,0.060180708398941,0.0601523062148012,0.0601808419072789,0.16263591682083,0.123855405955352,0.123855405955352,0.340589678380408,0.104198165850106,0.131134263824088,1,0.0848513163919137,0.0760153924531525,0.0818488779216848,0.0870513430267276,0.0783583327670584,0.0882803866994002,0.0845914581859748,0.0601161548394275,0.0818488779216852,0.0833880771062446,0.0601161548394275,0.0838910455669486,0.0789945720581503,0.0820979660393906,0.0643055765098813,0.0758996151013522,0.0639664183507808,0.0824804008379074,0.0668360498602705,0.0835973124504604,0.0601161548394275,0.0643055765098813,0.0755703180955915,0.0628194796963432,0.0807462206078813,0.0735373414302253,0.0787733448308954,0.0601161548394275,0.0601161548394275,0.0779579116710535,0.0671495702988193,0.0629704060523617,0.0638311094260019,0.063274893489056,0.0626337398262721,0.0621607936089449,0.0620676729217725,0.0619195649285362,0.0633784935502397,0.0650621851705063,0.0730804336965448,0.0620676729217725,0.0619195649285362,0.0828086272809726,0.0667110501745238,0.0684868958214054,0.0684127338206384,0.0795755878115591,0.0672708150270257,0.0681528843014132,0.117901981635916,0.0702478985899331,0.0775223310400563,0.0601161548394275,0.0630831674632483,0.0811015221535414,0.0810821913009229,0.0601161548394275,0.0601161548394276,0.083869150413972,0.0824342774812731,0.0810821913009229,0.0759689379060908,0.0601161548394277,0.0646186687638305,0.0639851332103892,0.0650983381175897,0.0657520514964648,0.0644248087388246,0.0601161548394275,0.0661564414407871,0.0614646746690261,0.0661564414407871,0.0649861660614339,0.0620594359138669,0.0650811209496717,0.0670547392687076,0.0640427243513015,0.0644086571677733,0.067164786748893,0.0637984368669333,0.0634785369619183,0.0646015420243197,0.0601161548394275,0.0601161548394275,0.0601161548394275,0.0601161548394275,0.0601161548394279,0.0601161548394275,0.0601161548394275,0.0601161548394279,0.0601161548394275,0.0601161548394275,0.0601161548394275,0.0601161548394275,0.0601161548394275,0.0601161548394275,0.0601161548394275,0.0601161548394275,0.0601161548394275,0.0601161548394277,0.0601161548394276,0.0601161548394275,0.0601161548394276,0.0601161548394275,0.0601161548394277,0.0601161548394276,0.0601161548394272,0.0601161548394272,0.0601161548394272,0.0601161548394273,0.0601161548394274,0.0601161548394274,0.0601161548394273,0.0601161548394273,0.0601161548394272,0.0601161548394273,0.0601161548394273,0.0601161548394273,0.0601161548394273,0.0601161548394275,0.0601161548394274,0.0601161548394275,0.0601161548394275,0.0601161548394275,0.0601161548394275,0.0628194796963433,0.0601161548394275,0.0601161548394275,0.0601161548394275,0.0601161548394275,0.0601161548394275,0.0601161548394275
"63",0.0605240955856966,0.0601161548394275,0.060734081064446,0.0609088224315731,0.0609597162384468,0.060939990800072,0.0601161548394275,0.0603924007074219,0.0601161548394275,0.0601161548394275,0.060401521157715,0.0601161548394275,0.0606019403196539,0.0607196281788562,0.0608714332389882,0.0606760707186205,0.0604839642156741,0.0603358753471076,0.0604204685981566,0.0607518285159011,0.0609488145844609,0.0612125755544344,0.0606548333163743,0.0608732884717493,0.0604662039665285,0.0605217431485402,0.0601161548394275,0.0609969482058976,0.0669321408978744,0.0622762546318712,0.0605511148533189,0.062114371483497,0.061013611579028,0.0605828732050403,0.0603311568091593,0.0602225890319811,0.0603521015118158,0.060329769331844,0.0602761588446554,0.060594073204265,0.0605708428851247,0.0601161548394275,0.0604482471205179,0.0602811092935131,0.0604059119286274,0.0604160944388514,0.0603242880909325,0.0603323225292624,0.0606444067356811,0.0605832210960164,0.0610141807729932,0.0607468753633162,0.0604362633177981,0.0602954224406114,0.0604369253595365,0.195222296367554,0.105563041819083,0.105563041819083,0.104348264528413,0.0601161548394275,0.105756071442808,0.0848513163919137,1,0.148599170259145,0.160369376988181,0.18483309997583,0.231721050120598,0.213669554949107,0.214416392424201,0.104198165850106,0.160369376988182,0.238799724105151,0.104198165850106,0.252733453955704,0.254419033853853,0.260774984560465,0.0704458314439819,0.0980930896836433,0.0696095837761919,0.113973190684277,0.076685110614734,0.120538549657016,0.0601161548394275,0.0704458314439818,0.0982208196803971,0.0667816265263503,0.108852097212346,0.112995828198228,0.115633830516042,0.0601161548394275,0.0601161548394275,0.102239398224164,0.098985887637248,0.0741056328185702,0.0792692250133966,0.077456182770487,0.0721633116669306,0.0703959173668999,0.0706942036913732,0.0698913960709927,0.0777994028537611,0.083435827439502,0.11141082771812,0.0706942036913734,0.0698913960709925,0.08463198866057,0.0778040160613575,0.0698375113161567,0.0722496731365981,0.0815255501719423,0.0695279517799325,0.0730919778074166,0.121167031521127,0.072211324696551,0.0803928199066805,0.0601161548394275,0.0635879633215932,0.0823591091007259,0.0822668270280023,0.0601161548394275,0.0601161548394274,0.0854116787401513,0.0840109236296458,0.0822668270280024,0.076864661484026,0.0601161548394274,0.0710608971956083,0.0675858477418288,0.0688433930005521,0.0775691361858726,0.0656622886884669,0.0601161548394275,0.0722970538450974,0.0617470091252243,0.0722970538450974,0.0671061497307768,0.0624662932646822,0.072416441940776,0.0688860138938568,0.0647640292478016,0.0653073620173464,0.068364013259198,0.0644819908837103,0.0640702412414367,0.0656363724678736,0.0601161548394275,0.0601161548394275,0.0601161548394275,0.0601161548394275,0.0601161548394275,0.0601161548394275,0.0601161548394275,0.0601161548394276,0.0601161548394275,0.0601161548394275,0.0601161548394275,0.0601161548394275,0.0601161548394275,0.0601161548394275,0.0601161548394275,0.0601161548394275,0.0601161548394273,0.0601161548394275,0.0601161548394273,0.0601161548394273,0.0601161548394273,0.0601161548394273,0.0601161548394274,0.0601161548394276,0.0601161548394276,0.0601161548394276,0.0601161548394277,0.0601161548394276,0.0601161548394277,0.0601161548394276,0.0601161548394277,0.0601161548394277,0.0601161548394276,0.0601161548394277,0.0601161548394277,0.0601161548394276,0.0601161548394277,0.0601161548394274,0.0601161548394273,0.0601161548394275,0.0601161548394275,0.0601161548394275,0.0601161548394275,0.0667816265263506,0.0601161548394275,0.0601161548394275,0.0601161548394275,0.0601161548394275,0.0601161548394275,0.0601161548394275
"64",0.060219344429234,0.0601161548394275,0.0602724607595245,0.0985542859465292,0.0603295357177485,0.0985621700600669,0.0601161548394275,0.0984236558332828,0.0983537787786748,0.0601161548394275,0.0601883389338033,0.0601161548394275,0.0602390354413212,0.0985064288067109,0.0985448282606238,0.0984954108427146,0.0984468170422185,0.0984093576078716,0.0601931317342898,0.0602769500199195,0.060326778118236,0.0603934970879584,0.060252414851653,0.0603076736069511,0.0602047006053706,0.0602187493746156,0.0601161548394275,0.0603389536331792,0.0618402748542483,0.0606625572607683,0.0602261790177584,0.0988592324695187,0.0603431686733632,0.060234212368967,0.0984081640423849,0.0983807015628567,0.0601758381158895,0.0601701891374242,0.0983942521754062,0.0602370454356228,0.0602311692707016,0.0601161548394275,0.0602001583781206,0.0983955044033141,0.0984270735290806,0.060192025280207,0.0601688026443952,0.0601708349748332,0.0602497774230691,0.0602343003688233,0.0603433126523411,0.0985133210473455,0.0601971270464915,0.0983991249481884,0.0601972945115367,0.155649408456994,0.130489171965464,0.092251548026217,0.08854761750076,0.0601161548394275,0.0894525259485469,0.0760153924531525,0.148599170259145,1,0.177288040052291,0.302855596297675,0.134002422655023,0.140958662861342,0.141896168161902,0.142435789789353,0.177288040052291,0.206864530868248,0.142435789789353,0.142925582128166,0.133526717849082,0.138402148705208,0.118333012499538,0.11622458069423,0.0784779528705868,0.140555098486702,0.130400768497553,0.261845470250367,0.0601161548394275,0.118333012499538,0.133816623291391,0.0730082347941964,0.115048774409057,0.0743971355246012,0.0766082233940942,0.0983537787786748,0.0983537787786748,0.0738389348589249,0.0696841190060525,0.101903317687059,0.103150191941132,0.102629027697517,0.0631924375167797,0.100944750915863,0.0627322768057998,0.100771353481762,0.0644895070723968,0.0660947862460496,0.0739511542442788,0.100969900745047,0.100771353481762,0.0721423470987528,0.0655840709298477,0.0646789790919639,0.0651051587714586,0.0705011165726144,0.0642220606697697,0.0651771964742363,0.0904831732554407,0.0657002739351025,0.0696157044202206,0.0983537787786748,0.061738318811456,0.0711575921461826,0.0711340125154857,0.0601161548394275,0.0601161548394275,0.0726360196277391,0.0719034941880611,0.0711340125154858,0.068446947734818,0.0601161548394276,0.0636379680817468,0.0627810159763774,0.063381226846139,0.0652254714503575,0.0625660493218383,0.0983537787786748,0.0643735218927617,0.0608633158502618,0.0643735218927617,0.0630199490468932,0.0611928493158785,0.0640429136054713,0.0640312528486251,0.0622728865072167,0.0624944590424976,0.0639698751248843,0.0621400382792863,0.061958148892647,0.062619210550287,0.0601161548394275,0.0983537787786748,0.0983537787786748,0.0601161548394275,0.0601161548394268,0.0983537787786748,0.0601161548394275,0.0601161548394267,0.0983537787786748,0.0601161548394275,0.0601161548394275,0.0601161548394275,0.0983537787786748,0.0983537787786748,0.0983537787786748,0.0601161548394275,0.0983537787786748,0.0601161548394275,0.0601161548394275,0.0601161548394275,0.0601161548394274,0.0601161548394276,0.0601161548394274,0.0601161548394275,0.0601161548394276,0.0601161548394276,0.0601161548394277,0.0601161548394276,0.0601161548394277,0.0601161548394276,0.0601161548394276,0.0983537787786749,0.0601161548394276,0.0601161548394276,0.0601161548394276,0.0601161548394276,0.0601161548394277,0.0601161548394278,0.0601161548394278,0.0601161548394275,0.0601161548394275,0.0983537787786748,0.0601161548394275,0.0730082347941966,0.0983537787786748,0.0601161548394275,0.0601161548394275,0.0601161548394275,0.0601161548394275,0.0983537787786748
"65",0.0602428374547763,0.0601161548394275,0.0603080467036116,0.060362311185892,0.0603781158355103,0.0603719902642229,0.0601161548394275,0.0602019407025872,0.0601161548394275,0.0601161548394275,0.0602047729827819,0.0601161548394275,0.0602670114912732,0.0603035584798619,0.0603507002822352,0.0602900320718447,0.0602303749906595,0.0601843872207551,0.0602106569532638,0.0603135580274658,0.0603747304172817,0.0604566391989099,0.0602834369727176,0.060351276409382,0.0602248596925891,0.0602421069249284,0.0601161548394275,0.0603896779142054,0.0622328027790274,0.0607869559144,0.0602512280642428,0.0607366844453087,0.0603948525865275,0.0602610903569704,0.0601829219179302,0.060149207095174,0.0601894261216276,0.0601824910483575,0.0601658427561993,0.0602645684238383,0.0602573544408984,0.0601161548394275,0.060219283342992,0.060167380077034,0.0602061365002729,0.0602092985943703,0.0601807888944535,0.0601832839226402,0.06028019908456,0.0602611983916275,0.0603950293449924,0.0603120198670115,0.0602155618724494,0.060171824906154,0.0602157674640207,0.191217693709454,0.104215977042141,0.104215977042141,0.0989792198400329,0.0601161548394275,0.100216142338352,0.0818488779216848,0.160369376988181,0.177288040052291,1,0.254532176469438,0.140179718175284,0.153433359766769,0.154878121623279,0.104198165850106,0.181969817621858,0.175378634390045,0.104198165850106,0.155734130551913,0.141927007490972,0.149139842120723,0.0726675418638255,0.10280195689128,0.0716514337581707,0.120824329287618,0.0802487673584212,0.142832985608889,0.0601161548394275,0.0726675418638255,0.106416384184763,0.068215238484103,0.111490316832398,0.0778728402305987,0.0809700986060283,0.0601161548394275,0.0601161548394275,0.077723773909442,0.0717969299803112,0.0644765065510137,0.0659925595510801,0.0653372334970217,0.0638999822620283,0.0632946994285863,0.0633131029135905,0.0630704745884788,0.0654604698899273,0.0674757345211371,0.0773141527676701,0.0633131029135906,0.0630704745884787,0.0763245690928301,0.0670753324858318,0.0662394108227557,0.0667170009181851,0.07409757860737,0.0655845913100256,0.066770473000743,0.101097114595098,0.0675975653293626,0.0728620960599618,0.0601161548394275,0.0622920952177737,0.0750140029349304,0.0749849962854527,0.0601161548394275,0.0601161548394275,0.0770041377849449,0.0760110667308403,0.0749849962854528,0.0713587432194173,0.0601161548394275,0.0646265538573158,0.0635799728136651,0.0643867806879701,0.0665609098606781,0.063383407088408,0.0601161548394275,0.0656344168950486,0.0611163909693794,0.0656344168950486,0.0639626310852326,0.0615575425733289,0.0651390794499021,0.0653432939778228,0.0630071494333978,0.0633000278700485,0.0652854630724859,0.0628288058238864,0.0625862317039846,0.0634634778655022,0.0601161548394275,0.0601161548394275,0.0601161548394275,0.0601161548394275,0.0601161548394277,0.0601161548394275,0.0601161548394275,0.0601161548394277,0.0601161548394275,0.0601161548394275,0.0601161548394275,0.0601161548394275,0.0601161548394275,0.0601161548394275,0.0601161548394275,0.0601161548394275,0.0601161548394276,0.0601161548394275,0.0601161548394275,0.0601161548394276,0.0601161548394275,0.0601161548394276,0.0601161548394275,0.0601161548394275,0.0601161548394276,0.0601161548394277,0.0601161548394277,0.0601161548394277,0.0601161548394277,0.0601161548394276,0.0601161548394276,0.0601161548394276,0.0601161548394276,0.0601161548394277,0.0601161548394276,0.0601161548394276,0.0601161548394276,0.0601161548394277,0.0601161548394277,0.0601161548394275,0.0601161548394275,0.0601161548394275,0.0601161548394275,0.0682152384841032,0.0601161548394275,0.0601161548394275,0.0601161548394275,0.0601161548394275,0.0601161548394275,0.0601161548394275
"66",0.0603081781745507,0.0601161548394275,0.0604070212352796,0.0987268983458679,0.0605132308233855,0.0987415697267588,0.0601161548394275,0.0984838115184078,0.0983537787786748,0.0601161548394275,0.0602504807008921,0.0601161548394275,0.0603448207643704,0.0986378420019619,0.0987092987372885,0.0986173389047332,0.0985269117244816,0.0984572042517742,0.0602593995224099,0.060415375205432,0.060508099264511,0.0606322551905694,0.060369718227367,0.0604725480816868,0.0602809277910333,0.0603070708499393,0.0601161548394275,0.0605307564239259,0.0633245334754736,0.0611329436013723,0.0603208965164402,0.0992943669101709,0.0605386001034608,0.0603358456105705,0.0984549831708892,0.0984038788209285,0.0602272181920279,0.060216706126935,0.0984290948705281,0.0603411176046633,0.0603301827730778,0.0601161548394275,0.0602724752559755,0.0984314251150769,0.0984901714365614,0.0602573405453019,0.0602141260312478,0.0602179079521713,0.0603648102920434,0.0603360093676505,0.0605388680309097,0.0986506676274496,0.0602668343147683,0.0984381625108067,0.0602671459469453,0.22134180940011,0.152586724950963,0.114349101011715,0.108282413865715,0.0601161548394275,0.109815435758059,0.0870513430267276,0.18483309997583,0.302855596297675,0.254532176469438,1,0.160388713061242,0.167687885889427,0.169080568214308,0.142435789789353,0.254532176469439,0.271811622118234,0.142435789789353,0.171484566683003,0.156711304948552,0.164313817105378,0.119731737712543,0.126325952661578,0.0797634431061549,0.154632004441061,0.132644344660032,0.256696916801109,0.0601161548394275,0.119731737712543,0.138976315843885,0.0739107957999267,0.132892695181654,0.0864225994419056,0.0900787188694535,0.0983537787786748,0.0983537787786748,0.0847416295493792,0.0779994431999648,0.104955813956235,0.107293696493959,0.106342448066997,0.0658321547794501,0.10317803148808,0.0650021461708723,0.102868953986192,0.0682840313277212,0.0712179475956922,0.0856060608198512,0.10323977011012,0.102868953986192,0.080765690874849,0.0699961863542011,0.0679822775168072,0.0688299818444008,0.0779655943296092,0.0672444412626106,0.069005914241638,0.112193644380333,0.0697578127505411,0.076495794839952,0.0983537787786748,0.062913878310704,0.0790548828816025,0.0790110743217277,0.0601161548394275,0.0601161548394275,0.0815963222980281,0.0803454919487097,0.0790110743217278,0.0744029305094539,0.0601161548394275,0.0664461182502044,0.0648448802034225,0.0658780238899777,0.069417722602484,0.0643641981235161,0.0983537787786748,0.0676893205995425,0.0614071583627788,0.0676893205995425,0.0651825185900892,0.0619765521868734,0.0671812442971397,0.0668978130293214,0.0638382409586602,0.0642255757824929,0.0667626122138167,0.0636092913314244,0.0632939018278275,0.0644453911978939,0.0601161548394275,0.0983537787786748,0.0983537787786748,0.0601161548394275,0.0601161548394276,0.0983537787786748,0.0601161548394275,0.0601161548394275,0.0983537787786748,0.0601161548394275,0.0601161548394275,0.0601161548394275,0.0983537787786748,0.0983537787786748,0.0983537787786748,0.0601161548394275,0.098353778778675,0.0601161548394276,0.0601161548394276,0.0601161548394276,0.0601161548394275,0.0601161548394277,0.0601161548394275,0.0601161548394276,0.0601161548394278,0.0601161548394278,0.0601161548394279,0.0601161548394278,0.0601161548394278,0.0601161548394277,0.0601161548394278,0.0983537787786751,0.0601161548394278,0.0601161548394278,0.0601161548394278,0.0601161548394277,0.0601161548394278,0.0601161548394278,0.0601161548394278,0.0601161548394275,0.0601161548394275,0.0983537787786748,0.0601161548394275,0.073910795799927,0.0983537787786748,0.0601161548394275,0.0601161548394275,0.0601161548394275,0.0601161548394275,0.0983537787786748
"67",0.0611987337808906,0.0601161548394275,0.0617559859293611,0.0622197084821685,0.062354768693918,0.0623024220127127,0.0601161548394275,0.0608492465006363,0.0601161548394275,0.0601161548394275,0.0608734500339052,0.0601161548394275,0.0614053154240747,0.0617176313650621,0.0621204863453732,0.0616020400944527,0.0610922345491383,0.0606992414685468,0.0609237320912975,0.0618030834977835,0.0623258382643391,0.0630257979381013,0.0615456810161953,0.0621254096974463,0.0610451030186491,0.0611924909651138,0.0601161548394275,0.062453573592129,0.0782041812002593,0.0658485524195749,0.0612704365720662,0.0654189525597667,0.0624977942712586,0.0613547157795326,0.0606867195769141,0.0603986061918952,0.0607423018991961,0.060683037537949,0.0605407678946172,0.0613844379473132,0.0613227901356282,0.0601161548394275,0.06099744976625,0.060553905223342,0.0608851021087956,0.0609121240997106,0.0606684916117612,0.0606898131243142,0.0615180113195714,0.0613556390004866,0.0624993047783753,0.061789938994001,0.0609656475680587,0.0605918889544996,0.0609674044713606,0.140097263331919,0.0870201309063417,0.0870201309063419,0.0927373290876246,0.0601161548394275,0.0937755864754184,0.0783583327670584,0.231721050120598,0.134002422655023,0.140179718175284,0.160388713061242,1,0.176252447113166,0.16407440339414,0.104198165850106,0.140179718175284,0.221088529711276,0.104198165850106,0.17247033315881,0.226335448924535,0.186129363006159,0.0665276998507052,0.0832823749177146,0.0660086478253734,0.0929896794241068,0.0704003689353857,0.0987105357388548,0.0601161548394275,0.0665276998507051,0.0837674058050016,0.0642533581012659,0.0894460987018049,0.194570069393728,0.191545898051127,0.0601161548394275,0.0601161548394275,0.151981557919775,0.164983087804569,0.0971703787890522,0.111258207483537,0.106852999320465,0.0918986495342619,0.0874567407374629,0.0885749662610825,0.0864151208116945,0.107690544748744,0.12148248283499,0.190656397395408,0.0885749662610827,0.0864151208116942,0.0873511616713072,0.100602706386756,0.0722532244562218,0.0798492435420946,0.0846623487983006,0.0738902973219224,0.0830002839060937,0.125220037379524,0.0758200467892382,0.0855452694872253,0.0601161548394275,0.0644985306921841,0.0839807096139895,0.0837373514336682,0.0601161548394275,0.0601161548394273,0.0874952613957477,0.0862338722317118,0.0837373514336682,0.0779765504402465,0.0601161548394274,0.0842692094036618,0.0749039305950095,0.0764092397450031,0.10192218446156,0.0680355808136557,0.0601161548394275,0.084803763167377,0.0622710899610242,0.084803763167377,0.0712914510954961,0.0632215186216497,0.0874635320860077,0.0723713455505056,0.0660800376316025,0.0669755749412757,0.0705272174776553,0.0657309689765181,0.0651430706211034,0.0675790283348622,0.0601161548394275,0.0601161548394275,0.0601161548394275,0.0601161548394275,0.0601161548394274,0.0601161548394275,0.0601161548394275,0.0601161548394274,0.0601161548394275,0.0601161548394275,0.0601161548394275,0.0601161548394275,0.0601161548394275,0.0601161548394275,0.0601161548394275,0.0601161548394275,0.0601161548394279,0.0601161548394279,0.0601161548394279,0.0601161548394279,0.0601161548394279,0.0601161548394279,0.0601161548394279,0.0601161548394278,0.0601161548394277,0.0601161548394277,0.0601161548394278,0.0601161548394277,0.0601161548394278,0.0601161548394277,0.0601161548394277,0.0601161548394277,0.0601161548394277,0.0601161548394277,0.0601161548394276,0.0601161548394277,0.0601161548394277,0.0601161548394278,0.0601161548394278,0.0601161548394275,0.0601161548394275,0.0601161548394275,0.0601161548394275,0.0642533581012662,0.0601161548394275,0.0601161548394275,0.0601161548394275,0.0601161548394275,0.0601161548394275,0.0601161548394275
"68",0.0603761769385253,0.0601161548394275,0.0605100220262344,0.060621402459533,0.0606538422553009,0.0606412692286084,0.0601161548394275,0.0602922344076489,0.0601161548394275,0.0601161548394275,0.0602980477975875,0.0601161548394275,0.0604257952993103,0.0605008097333133,0.0605975705270075,0.0604730461368953,0.0603505971376145,0.0602562050505042,0.0603101249271246,0.0605213342808283,0.0606468935232144,0.060815015197011,0.0604595093819575,0.0605987530554047,0.0603392767257521,0.0603746774912331,0.0601161548394275,0.0606775739722688,0.0644606755046195,0.0614930059812395,0.0603933990639135,0.061389821397611,0.060688195233565,0.0604136418892601,0.060253197446696,0.0601839961678965,0.0602665476344365,0.0602523130663852,0.0602181416541399,0.0604207807870901,0.0604059737436634,0.0601161548394275,0.0603278310027257,0.0602212970783412,0.0603008464821508,0.0603073368308271,0.0602488193144605,0.060253940478597,0.0604528634623647,0.0604138636355374,0.0606885580387295,0.0605181771332668,0.0603201925072657,0.0602304203017192,0.060320614493753,0.188936029402317,0.103448472776835,0.103448472776835,0.110480224234847,0.0601161548394275,0.112083197405932,0.0882803866994002,0.213669554949107,0.140958662861342,0.153433359766769,0.167687885889427,0.176252447113166,1,0.293258417695094,0.104198165850106,0.15343335976677,0.173601375990312,0.104198165850106,0.251869308062613,0.285521754153423,0.300146806021843,0.0694955538196921,0.0952420928271487,0.0687362366771727,0.109897857491785,0.075160851092013,0.11325238404671,0.0601161548394275,0.0694955538196921,0.0947153846347866,0.066168437087619,0.105825957419978,0.135464112794684,0.142953960853995,0.0601161548394275,0.0601161548394275,0.0985071192740397,0.0838976562650652,0.0690739566130473,0.0721422461987646,0.0707512690599376,0.0679038613723016,0.0666334326416354,0.0666343032918085,0.0661396166703359,0.0710124966214472,0.075280633399321,0.0960467050095706,0.0666343032918087,0.0661396166703357,0.135895610210593,0.0751292282219975,0.0742278290507546,0.0750731303485975,0.0924593985374015,0.110843641584684,0.0750794239074376,0.155180264724276,0.077324241762904,0.127721775249315,0.0601161548394275,0.0651281689797401,0.132904950975123,0.0946076158865235,0.0601161548394275,0.0601161548394276,0.137507940611468,0.135192155184276,0.0946076158865236,0.0861957455449031,0.0601161548394276,0.0699266179235755,0.0677946517183985,0.0696576290728751,0.0738538593073577,0.067590446857091,0.0601161548394275,0.0723055314308979,0.0624146837003107,0.0723055314308979,0.0688443838778342,0.0634284440148393,0.0710241281740988,0.0720898876693088,0.0667697801636186,0.0674326512457511,0.0720230279401577,0.0663585987810086,0.0658036741176724,0.0677986059985135,0.0601161548394275,0.0601161548394275,0.0601161548394275,0.0601161548394275,0.0601161548394272,0.0601161548394275,0.0601161548394275,0.0601161548394272,0.0601161548394275,0.0601161548394275,0.0601161548394275,0.0601161548394275,0.0601161548394275,0.0601161548394275,0.0601161548394275,0.0601161548394275,0.0601161548394273,0.0601161548394274,0.0601161548394273,0.0601161548394272,0.0601161548394273,0.0601161548394272,0.0601161548394273,0.0601161548394274,0.0601161548394274,0.0601161548394274,0.0601161548394274,0.0601161548394274,0.0601161548394274,0.0601161548394274,0.0601161548394274,0.0601161548394274,0.0601161548394274,0.0601161548394274,0.0601161548394274,0.0601161548394274,0.0601161548394274,0.0601161548394273,0.0601161548394273,0.0601161548394275,0.0601161548394275,0.0601161548394275,0.0601161548394275,0.0661684370876193,0.0601161548394275,0.0601161548394275,0.0601161548394275,0.0601161548394275,0.0601161548394275,0.0601161548394275
"69",0.0603233721590057,0.0601161548394275,0.0604300362479816,0.0605187977606443,0.0605446497461102,0.060534630025097,0.0601161548394275,0.060256476513185,0.0601161548394275,0.0601161548394275,0.0602611093312605,0.0601161548394275,0.0603629141200907,0.0604226947694961,0.0604998055703824,0.0604005693499584,0.0603029870540532,0.0602277639274488,0.060270733860943,0.0604390512320289,0.0605391121489504,0.0606730920019247,0.0603897816127478,0.0605007479532246,0.0602939655692996,0.0603221772165382,0.0601161548394275,0.0605635620723938,0.0635783987418427,0.0612133977432222,0.060337096848841,0.0611311676831022,0.0605720263887115,0.0603532288007927,0.0602253671019418,0.0601702190835465,0.0602360061596567,0.0602246623198555,0.060197430371201,0.0603589179452086,0.0603471178872119,0.0601161548394275,0.0602848442213282,0.0601999449980247,0.0602633396644346,0.0602685119657908,0.0602218780722412,0.0602259592403771,0.0603844853335128,0.0603534055152696,0.0605723155161124,0.0604365352318219,0.0602787569365921,0.0602072154950358,0.0602790932268887,0.193396422253327,0.104948855864472,0.104948855864472,0.103883578795745,0.0601161548394275,0.105276595825775,0.0845914581859748,0.214416392424201,0.141896168161902,0.154878121623279,0.169080568214308,0.16407440339414,0.293258417695094,1,0.104198165850106,0.15487812162328,0.172459322042454,0.104198165850106,0.300975157525548,0.242418954015114,0.305862792433662,0.06979206477418,0.0963931244613526,0.0690087433376583,0.111527143623727,0.0756364590979439,0.114823055236372,0.0601161548394275,0.06979206477418,0.095809170139887,0.0663597678957036,0.107363032863134,0.12702227451237,0.131446270164009,0.0601161548394275,0.0601161548394275,0.0876411062996556,0.0793325596483316,0.0672439495791872,0.0697484452233758,0.0687025375908017,0.0662934043846671,0.0653192412634947,0.0653702710715619,0.0649715165745315,0.0688994230705894,0.0721211431512896,0.0878895365862869,0.065370271071562,0.0649715165745313,0.122442949478152,0.0710860105396088,0.0692568706093597,0.0701146149407537,0.0809184769604418,0.106580904596997,0.0702607497752666,0.120940822712598,0.0713033560919758,0.117384345887235,0.0601161548394275,0.063365880966904,0.120469725480669,0.0821847532325673,0.0601161548394275,0.0601161548394278,0.123431205162705,0.121964158281777,0.0821847532325674,0.0768026040666939,0.0601161548394278,0.0671805113110301,0.0654594159266176,0.0666617635074614,0.0703690266857528,0.06502489718719,0.0601161548394275,0.068653172603572,0.061613047214725,0.068653172603572,0.065935456364872,0.0622732477938963,0.0679930426975045,0.067960412405928,0.0644368798085724,0.0648809449932089,0.0678364196927859,0.0641707473146258,0.0638063038513615,0.065131027142246,0.0601161548394275,0.0601161548394275,0.0601161548394275,0.0601161548394275,0.0601161548394275,0.0601161548394275,0.0601161548394275,0.0601161548394275,0.0601161548394275,0.0601161548394275,0.0601161548394275,0.0601161548394275,0.0601161548394275,0.0601161548394275,0.0601161548394275,0.0601161548394275,0.0601161548394272,0.0601161548394272,0.0601161548394272,0.0601161548394271,0.0601161548394271,0.0601161548394271,0.0601161548394272,0.0601161548394273,0.0601161548394273,0.0601161548394274,0.0601161548394273,0.0601161548394274,0.0601161548394273,0.0601161548394274,0.0601161548394274,0.0601161548394274,0.0601161548394274,0.0601161548394274,0.0601161548394274,0.0601161548394274,0.0601161548394273,0.0601161548394272,0.0601161548394272,0.0601161548394275,0.0601161548394275,0.0601161548394275,0.0601161548394275,0.0663597678957039,0.0601161548394275,0.0601161548394275,0.0601161548394275,0.0601161548394275,0.0601161548394275,0.0601161548394275
"70",0.0601161548394275,0.0601161548394275,0.0601161548394275,0.0983537787786748,0.0601161548394275,0.0983537787786748,0.0601161548394275,0.0983537787786748,0.0983537787786748,0.0601161548394275,0.0601161548394275,0.0601161548394275,0.0601161548394275,0.0983537787786748,0.0983537787786748,0.0983537787786748,0.0983537787786748,0.0983537787786748,0.0601161548394275,0.0601161548394275,0.0601161548394275,0.0601161548394275,0.0601161548394275,0.0601161548394275,0.0601161548394275,0.0601161548394275,0.0601161548394275,0.0601161548394275,0.0601161548394275,0.0601161548394275,0.0601161548394275,0.0983537787786748,0.0601161548394275,0.0601161548394275,0.0983537787786748,0.0983537787786748,0.0601161548394275,0.0601161548394275,0.0983537787786748,0.0601161548394275,0.0601161548394275,0.0601161548394275,0.0601161548394275,0.0983537787786748,0.0983537787786748,0.0601161548394275,0.0601161548394275,0.0601161548394275,0.0601161548394275,0.0601161548394275,0.0601161548394275,0.0983537787786748,0.0601161548394275,0.0983537787786748,0.0601161548394275,0.0601161548394275,0.0983537787786748,0.0601161548394275,0.0601161548394275,0.0601161548394275,0.0601161548394275,0.0601161548394275,0.104198165850106,0.142435789789353,0.104198165850106,0.142435789789353,0.104198165850106,0.104198165850106,0.104198165850106,1,0.104198165850106,0.142435789789353,0.142435789789353,0.104198165850106,0.104198165850106,0.104198165850106,0.0983537787786748,0.0601161548394275,0.0601161548394275,0.0601161548394275,0.0983537787786748,0.0983537787786748,0.0601161548394275,0.0983537787786748,0.0601161548394275,0.0601161548394275,0.0601161548394275,0.0601161548394275,0.0601161548394275,0.0983537787786748,0.0983537787786748,0.0601161548394275,0.0601161548394275,0.0983537787786748,0.0983537787786748,0.0983537787786748,0.0601161548394275,0.0983537787786748,0.0601161548394275,0.0983537787786748,0.0601161548394275,0.0601161548394275,0.0601161548394275,0.0983537787786748,0.0983537787786748,0.0601161548394275,0.0601161548394275,0.0601161548394275,0.0601161548394275,0.0601161548394275,0.0601161548394275,0.0601161548394275,0.0601161548394275,0.0601161548394275,0.0601161548394275,0.0983537787786748,0.0601161548394275,0.0601161548394275,0.0601161548394275,0.0601161548394275,0.0601161548394275,0.0601161548394275,0.0601161548394275,0.0601161548394275,0.0601161548394275,0.0601161548394275,0.0601161548394275,0.0601161548394275,0.0601161548394275,0.0601161548394275,0.0601161548394275,0.0983537787786748,0.0601161548394275,0.0601161548394275,0.0601161548394275,0.0601161548394275,0.0601161548394275,0.0601161548394275,0.0601161548394275,0.0601161548394275,0.0601161548394275,0.0601161548394275,0.0601161548394275,0.0601161548394275,0.0601161548394275,0.0601161548394275,0.0983537787786748,0.0983537787786748,0.0601161548394275,0.0601161548394275,0.0983537787786748,0.0601161548394275,0.0601161548394275,0.0983537787786748,0.0601161548394275,0.0601161548394275,0.0601161548394275,0.0983537787786748,0.0983537787786748,0.0983537787786748,0.0601161548394275,0.0983537787786748,0.0601161548394275,0.0601161548394275,0.0601161548394275,0.0601161548394275,0.0601161548394275,0.0601161548394275,0.0601161548394275,0.0601161548394275,0.0601161548394275,0.0601161548394275,0.0601161548394275,0.0601161548394275,0.0601161548394275,0.0601161548394275,0.0983537787786748,0.0601161548394275,0.0601161548394275,0.0601161548394275,0.0601161548394275,0.0601161548394275,0.0601161548394275,0.0601161548394275,0.0601161548394275,0.0601161548394275,0.0983537787786748,0.0601161548394275,0.0601161548394275,0.0983537787786748,0.0601161548394275,0.0601161548394275,0.0601161548394275,0.0601161548394275,0.0983537787786748
"71",0.0602428374547763,0.0601161548394275,0.0603080467036115,0.060362311185892,0.0603781158355103,0.0603719902642229,0.0601161548394275,0.0602019407025872,0.0601161548394275,0.0601161548394275,0.0602047729827819,0.0601161548394275,0.0602670114912731,0.0603035584798618,0.0603507002822352,0.0602900320718447,0.0602303749906595,0.0601843872207551,0.0602106569532638,0.0603135580274657,0.0603747304172816,0.0604566391989098,0.0602834369727175,0.0603512764093819,0.060224859692589,0.0602421069249283,0.0601161548394275,0.0603896779142054,0.0622328027790275,0.0607869559144,0.0602512280642428,0.0607366844453086,0.0603948525865275,0.0602610903569703,0.0601829219179302,0.060149207095174,0.0601894261216277,0.0601824910483575,0.0601658427561993,0.0602645684238383,0.0602573544408984,0.0601161548394275,0.060219283342992,0.060167380077034,0.0602061365002729,0.0602092985943703,0.0601807888944535,0.0601832839226401,0.06028019908456,0.0602611983916275,0.0603950293449924,0.0603120198670115,0.0602155618724493,0.060171824906154,0.0602157674640207,0.191217693709455,0.104215977042141,0.104215977042142,0.0989792198400335,0.0601161548394275,0.100216142338353,0.0818488779216852,0.160369376988182,0.177288040052291,0.181969817621858,0.254532176469439,0.140179718175284,0.15343335976677,0.15487812162328,0.104198165850106,1,0.175378634390045,0.104198165850106,0.155734130551914,0.141927007490973,0.149139842120723,0.0726675418638255,0.102801956891281,0.0716514337581706,0.120824329287619,0.0802487673584212,0.14283298560889,0.0601161548394275,0.0726675418638255,0.106416384184763,0.068215238484103,0.111490316832399,0.0778728402305991,0.0809700986060289,0.0601161548394275,0.0601161548394275,0.0777237739094425,0.0717969299803116,0.064476506551014,0.0659925595510804,0.0653372334970219,0.0638999822620285,0.0632946994285865,0.0633131029135906,0.063070474588479,0.0654604698899275,0.0674757345211374,0.0773141527676707,0.0633131029135907,0.0630704745884788,0.0763245690928308,0.0670753324858323,0.0662394108227563,0.0667170009181857,0.0740975786073708,0.065584591310026,0.0667704730007435,0.101097114595099,0.0675975653293632,0.0728620960599626,0.0601161548394275,0.062292095217774,0.075014002934931,0.0749849962854534,0.0601161548394275,0.0601161548394277,0.0770041377849456,0.076011066730841,0.0749849962854535,0.0713587432194179,0.0601161548394277,0.0646265538573162,0.0635799728136655,0.0643867806879705,0.0665609098606785,0.0633834070884084,0.0601161548394275,0.0656344168950491,0.0611163909693796,0.0656344168950492,0.0639626310852331,0.0615575425733291,0.0651390794499025,0.0653432939778233,0.0630071494333982,0.0633000278700489,0.0652854630724865,0.0628288058238868,0.062586231703985,0.0634634778655026,0.0601161548394275,0.0601161548394275,0.0601161548394275,0.0601161548394275,0.0601161548394277,0.0601161548394275,0.0601161548394275,0.0601161548394277,0.0601161548394275,0.0601161548394275,0.0601161548394275,0.0601161548394275,0.0601161548394275,0.0601161548394275,0.0601161548394275,0.0601161548394275,0.0601161548394275,0.0601161548394275,0.0601161548394275,0.0601161548394275,0.0601161548394274,0.0601161548394275,0.0601161548394274,0.0601161548394275,0.0601161548394276,0.0601161548394277,0.0601161548394276,0.0601161548394277,0.0601161548394276,0.0601161548394276,0.0601161548394276,0.0601161548394276,0.0601161548394276,0.0601161548394277,0.0601161548394276,0.0601161548394276,0.0601161548394276,0.0601161548394275,0.0601161548394275,0.0601161548394275,0.0601161548394275,0.0601161548394275,0.0601161548394275,0.0682152384841032,0.0601161548394275,0.0601161548394275,0.0601161548394275,0.0601161548394275,0.0601161548394275,0.0601161548394275
"72",0.0604884329008633,0.0601161548394275,0.0606800611892204,0.0990771503890519,0.0608859710571044,0.0991055939802082,0.0601161548394275,0.0986058748910566,0.0983537787786748,0.0601161548394275,0.0603765740810519,0.0601161548394275,0.0605594723518514,0.0989044957320203,0.0990430298059487,0.0988647461188571,0.0986894338041147,0.0985542910476866,0.0603938651128043,0.060696257136508,0.0608760224391998,0.061116725098795,0.0606077413773477,0.0608070989127188,0.0604356022386793,0.0604862861166741,0.0601161548394275,0.060919948159889,0.0663362789624041,0.062087416035064,0.0605130901106762,0.100177308851085,0.0609351548003208,0.0605420721079915,0.0985499850101646,0.0984509083624113,0.0603314747617501,0.0603110948885858,0.0984997950357731,0.0605522929894249,0.0605310934935295,0.0601161548394275,0.0604192152023671,0.0985043127102661,0.0986182049445854,0.0603898733479182,0.0603060928245375,0.0603134248823266,0.0605982263012407,0.060542389585908,0.0609356742346452,0.0989293609338986,0.06040827903851,0.0985173745843336,0.0604088832037406,0.191991485509313,0.142713888397462,0.104476264458215,0.101731658995127,0.0601161548394275,0.103056185338283,0.0833880771062446,0.238799724105151,0.206864530868248,0.175378634390045,0.271811622118234,0.221088529711276,0.173601375990312,0.172459322042454,0.142435789789353,0.175378634390045,1,0.142435789789353,0.182452162342185,0.183474052715402,0.182162850724889,0.110213210538227,0.101285838449891,0.0710154963144626,0.118622765087743,0.117376484703239,0.174260125061774,0.0601161548394275,0.110213210538227,0.103863862507534,0.0677687377461795,0.110556318402862,0.108182775471684,0.110265606505768,0.0983537787786748,0.0983537787786748,0.0979120276128898,0.0956433963116456,0.111117994723534,0.115842639412215,0.114201245674729,0.0711040532879505,0.107736830767397,0.0697819917023747,0.107286039194818,0.0762744646473979,0.0813804028770304,0.106745808924431,0.108019615641622,0.107286039194818,0.081264221359696,0.0760488090005601,0.0685453784363409,0.0707853448350184,0.078609193274993,0.0683424773750341,0.0715836620279295,0.112692394831007,0.0706231981011732,0.0777013917479363,0.0983537787786748,0.0631280499684529,0.0792761974445691,0.0791920325378457,0.0601161548394275,0.0601161548394276,0.0819134274969202,0.0807146375942934,0.0791920325378458,0.0745397561488405,0.0601161548394277,0.0699457244853137,0.066769828367229,0.0678581289165809,0.075897360696325,0.064957330111973,0.0983537787786748,0.0709849155969645,0.0615340878113943,0.0709849155969645,0.0662563255434102,0.0621594635463281,0.071169719498797,0.0677626349503018,0.0641514614808498,0.0646296076267106,0.0672714126040786,0.0639070096956469,0.0635475982762287,0.0649211252173257,0.0601161548394275,0.0983537787786748,0.0983537787786748,0.0601161548394275,0.0601161548394273,0.0983537787786748,0.0601161548394275,0.0601161548394272,0.0983537787786748,0.0601161548394275,0.0601161548394275,0.0601161548394275,0.0983537787786748,0.0983537787786748,0.0983537787786748,0.0601161548394275,0.0983537787786748,0.0601161548394275,0.0601161548394275,0.0601161548394275,0.0601161548394274,0.0601161548394275,0.0601161548394275,0.0601161548394275,0.0601161548394276,0.0601161548394277,0.0601161548394277,0.0601161548394277,0.0601161548394277,0.0601161548394277,0.0601161548394276,0.0983537787786749,0.0601161548394276,0.0601161548394277,0.0601161548394276,0.0601161548394276,0.0601161548394276,0.0601161548394276,0.0601161548394276,0.0601161548394275,0.0601161548394275,0.0983537787786748,0.0601161548394275,0.0677687377461798,0.0983537787786748,0.0601161548394275,0.0601161548394275,0.0601161548394275,0.0601161548394275,0.0983537787786748
"73",0.0601161548394275,0.0601161548394275,0.0601161548394275,0.0983537787786748,0.0601161548394275,0.0983537787786748,0.0601161548394275,0.0983537787786748,0.0983537787786748,0.0601161548394275,0.0601161548394275,0.0601161548394275,0.0601161548394275,0.0983537787786748,0.0983537787786748,0.0983537787786748,0.0983537787786748,0.0983537787786748,0.0601161548394275,0.0601161548394275,0.0601161548394275,0.0601161548394275,0.0601161548394275,0.0601161548394275,0.0601161548394275,0.0601161548394275,0.0601161548394275,0.0601161548394275,0.0601161548394275,0.0601161548394275,0.0601161548394275,0.0983537787786748,0.0601161548394275,0.0601161548394275,0.0983537787786748,0.0983537787786748,0.0601161548394275,0.0601161548394275,0.0983537787786748,0.0601161548394275,0.0601161548394275,0.0601161548394275,0.0601161548394275,0.0983537787786748,0.0983537787786748,0.0601161548394275,0.0601161548394275,0.0601161548394275,0.0601161548394275,0.0601161548394275,0.0601161548394275,0.0983537787786748,0.0601161548394275,0.0983537787786748,0.0601161548394275,0.0601161548394275,0.0983537787786748,0.0601161548394275,0.0601161548394275,0.0601161548394275,0.0601161548394275,0.0601161548394275,0.104198165850106,0.142435789789353,0.104198165850106,0.142435789789353,0.104198165850106,0.104198165850106,0.104198165850106,0.142435789789353,0.104198165850106,0.142435789789353,1,0.104198165850106,0.104198165850106,0.104198165850106,0.0983537787786748,0.0601161548394275,0.0601161548394275,0.0601161548394275,0.0983537787786748,0.0983537787786748,0.0601161548394275,0.0983537787786748,0.0601161548394275,0.0601161548394275,0.0601161548394275,0.0601161548394275,0.0601161548394275,0.0983537787786748,0.0983537787786748,0.0601161548394275,0.0601161548394275,0.0983537787786748,0.0983537787786748,0.0983537787786748,0.0601161548394275,0.0983537787786748,0.0601161548394275,0.0983537787786748,0.0601161548394275,0.0601161548394275,0.0601161548394275,0.0983537787786748,0.0983537787786748,0.0601161548394275,0.0601161548394275,0.0601161548394275,0.0601161548394275,0.0601161548394275,0.0601161548394275,0.0601161548394275,0.0601161548394275,0.0601161548394275,0.0601161548394275,0.0983537787786748,0.0601161548394275,0.0601161548394275,0.0601161548394275,0.0601161548394275,0.0601161548394275,0.0601161548394275,0.0601161548394275,0.0601161548394275,0.0601161548394275,0.0601161548394275,0.0601161548394275,0.0601161548394275,0.0601161548394275,0.0601161548394275,0.0601161548394275,0.0983537787786748,0.0601161548394275,0.0601161548394275,0.0601161548394275,0.0601161548394275,0.0601161548394275,0.0601161548394275,0.0601161548394275,0.0601161548394275,0.0601161548394275,0.0601161548394275,0.0601161548394275,0.0601161548394275,0.0601161548394275,0.0601161548394275,0.0983537787786748,0.0983537787786748,0.0601161548394275,0.0601161548394275,0.0983537787786748,0.0601161548394275,0.0601161548394275,0.0983537787786748,0.0601161548394275,0.0601161548394275,0.0601161548394275,0.0983537787786748,0.0983537787786748,0.0983537787786748,0.0601161548394275,0.0983537787786748,0.0601161548394275,0.0601161548394275,0.0601161548394275,0.0601161548394275,0.0601161548394275,0.0601161548394275,0.0601161548394275,0.0601161548394275,0.0601161548394275,0.0601161548394275,0.0601161548394275,0.0601161548394275,0.0601161548394275,0.0601161548394275,0.0983537787786748,0.0601161548394275,0.0601161548394275,0.0601161548394275,0.0601161548394275,0.0601161548394275,0.0601161548394275,0.0601161548394275,0.0601161548394275,0.0601161548394275,0.0983537787786748,0.0601161548394275,0.0601161548394275,0.0983537787786748,0.0601161548394275,0.0601161548394275,0.0601161548394275,0.0601161548394275,0.0983537787786748
"74",0.0603453451001202,0.0601161548394275,0.0604633196517103,0.0605614932709234,0.0605900865530893,0.0605790043594012,0.0601161548394275,0.0602713559638063,0.0601161548394275,0.0601161548394275,0.0602764800373376,0.0601161548394275,0.0603890800175866,0.0604551996964315,0.060540487183951,0.0604307281383488,0.0603227983963609,0.060239598748611,0.0602871251343376,0.060473290567984,0.0605839617593739,0.0607321485880292,0.0604187964894472,0.060541529495326,0.0603128202900583,0.0603440234481648,0.0601161548394275,0.0606110043074549,0.063945528678406,0.0613297473503033,0.0603605251306683,0.0612387977667741,0.0606203661642117,0.060378367684953,0.0602369477681626,0.0601759519559476,0.0602487149718702,0.0602361682522881,0.0602060486781906,0.0603846600957149,0.0603716087814041,0.0601161548394275,0.0603027317312269,0.0602088299513895,0.0602789468709142,0.0602846676335351,0.060233088768209,0.060237602695862,0.0604129386025627,0.0603785631379059,0.0606206859501473,0.0604705077757706,0.060295998962082,0.0602168713984497,0.0602963709119792,0.193755676647739,0.105069701546801,0.105069701546801,0.102631081304407,0.0601161548394275,0.103984234203133,0.0838910455669486,0.252733453955704,0.142925582128166,0.155734130551913,0.171484566683003,0.17247033315881,0.251869308062613,0.300975157525548,0.104198165850106,0.155734130551914,0.182452162342185,0.104198165850106,1,0.242672501013566,0.304901817765415,0.0698963122228348,0.0966713208473324,0.0691045513463242,0.111926930428497,0.0758036735648216,0.115715274473126,0.0601161548394275,0.0698963122228348,0.0961937237172723,0.066427036063338,0.107616631683283,0.129307141789211,0.132912096169211,0.0601161548394275,0.0601161548394275,0.0880001763957453,0.0815907047811247,0.0679907003356109,0.0708102222262433,0.0697056012392877,0.0669242929329136,0.0658787422730596,0.065977155774579,0.0655323425316406,0.0699139478539176,0.0733274907092363,0.0901170789228776,0.0659771557745792,0.0655323425316404,0.120137033462529,0.0714200610729349,0.0684707273197802,0.0695729411490667,0.0789778209667636,0.106013803854843,0.0698522440612781,0.114937852728964,0.070383073102211,0.115755529210586,0.0601161548394275,0.0630897105086682,0.11829653218058,0.0800067366750231,0.0601161548394275,0.0601161548394274,0.120982724193876,0.119675687269263,0.0800067366750232,0.0751557680485577,0.0601161548394274,0.0673010332298763,0.0653790207682107,0.066473467562673,0.0708766919344629,0.0646718001984285,0.0601161548394275,0.0685770120846786,0.0614925558522143,0.0685770120846786,0.0656049253437067,0.0620996140220665,0.0681479430736498,0.0673764335682563,0.064076456167596,0.0644974063586477,0.0671803308414127,0.0638334243505087,0.0634951995620131,0.0647393559784386,0.0601161548394275,0.0601161548394275,0.0601161548394275,0.0601161548394275,0.0601161548394275,0.0601161548394275,0.0601161548394275,0.0601161548394275,0.0601161548394275,0.0601161548394275,0.0601161548394275,0.0601161548394275,0.0601161548394275,0.0601161548394275,0.0601161548394275,0.0601161548394275,0.0601161548394271,0.0601161548394272,0.0601161548394271,0.060116154839427,0.060116154839427,0.0601161548394271,0.0601161548394271,0.0601161548394273,0.0601161548394274,0.0601161548394274,0.0601161548394274,0.0601161548394274,0.0601161548394274,0.0601161548394274,0.0601161548394275,0.0601161548394275,0.0601161548394274,0.0601161548394274,0.0601161548394275,0.0601161548394274,0.0601161548394274,0.0601161548394272,0.0601161548394271,0.0601161548394275,0.0601161548394275,0.0601161548394275,0.0601161548394275,0.0664270360633382,0.0601161548394275,0.0601161548394275,0.0601161548394275,0.0601161548394275,0.0601161548394275,0.0601161548394275
"75",0.060506049130103,0.0601161548394275,0.0607067452852134,0.0608737564553667,0.0609223988253979,0.0609035459996537,0.0601161548394275,0.060380180161092,0.0601161548394275,0.0601161548394275,0.0603888971415118,0.0601161548394275,0.0605804501738985,0.0606929317654148,0.0608380212833961,0.0606513011972074,0.0604676930889578,0.0603261553659068,0.0604070063863437,0.0607237076260918,0.0609119794380559,0.0611640721677872,0.0606310032937487,0.0608397944444939,0.0604507185165322,0.060503800759905,0.0601161548394275,0.0609579837275494,0.0666306157600769,0.062180696280961,0.0605318731211616,0.0620259745085349,0.060973909947488,0.0605622265490323,0.0603216455663263,0.0602178806032519,0.0603416637186201,0.0603203194681402,0.0602690805981171,0.0605729310834364,0.0605507284256088,0.0601161548394275,0.0604335560442806,0.0602738120493475,0.0603930936737924,0.0604028257308066,0.0603150807059992,0.0603227597173808,0.0606210379634384,0.0605625590500306,0.0609744539614883,0.0607189735907413,0.0604221023802283,0.0602874920123966,0.0604227351346082,0.153246305517099,0.0914431943387041,0.0914431943387042,0.0938750700339412,0.0601161548394275,0.0949495391146043,0.0789945720581503,0.254419033853853,0.133526717849082,0.141927007490972,0.156711304948552,0.226335448924535,0.285521754153423,0.242418954015114,0.104198165850106,0.141927007490973,0.183474052715402,0.104198165850106,0.242672501013566,1,0.299129728460082,0.0671288823726717,0.0860456521143064,0.0665611611100391,0.0968807258425652,0.0713646746925434,0.100740470163082,0.0601161548394275,0.0671288823726716,0.0859850801218984,0.0646412855487792,0.0935365402342891,0.148799814900475,0.151160159843288,0.0601161548394275,0.0601161548394275,0.100056122273318,0.0972939195824161,0.073485634230007,0.0784269791825157,0.0767006637805354,0.0716273545534089,0.0699421334634977,0.0702324687838222,0.069464703949457,0.0770275239372067,0.0823958866024,0.10905200474077,0.0702324687838223,0.0694647039494568,0.121177779285032,0.0769179346976897,0.0691881165468524,0.0715127514572111,0.080060329066247,0.107169349860104,0.0723324977097374,0.116910274184358,0.0714130409649034,0.117277772609691,0.0601161548394275,0.0633568116958955,0.119048175835984,0.0807223768664641,0.0601161548394275,0.0601161548394275,0.121892069594687,0.120592712517817,0.0807223768664642,0.07569687598422,0.0601161548394276,0.0704981832957968,0.0671745618156612,0.0683470626891387,0.0767246387802331,0.0653077795926236,0.0601161548394275,0.0716355667115019,0.0616399744703959,0.0716355667115019,0.0666785222386672,0.0623120512472703,0.0717872914102333,0.0683211499742394,0.0644561328650551,0.0649666577169862,0.0678148741312629,0.06419298395066,0.0638075541083191,0.06527678373475,0.0601161548394275,0.0601161548394275,0.0601161548394275,0.0601161548394275,0.0601161548394273,0.0601161548394275,0.0601161548394275,0.0601161548394273,0.0601161548394275,0.0601161548394275,0.0601161548394275,0.0601161548394275,0.0601161548394275,0.0601161548394275,0.0601161548394275,0.0601161548394275,0.0601161548394273,0.0601161548394275,0.0601161548394273,0.0601161548394272,0.0601161548394273,0.0601161548394272,0.0601161548394274,0.0601161548394276,0.0601161548394276,0.0601161548394276,0.0601161548394276,0.0601161548394276,0.0601161548394276,0.0601161548394276,0.0601161548394276,0.0601161548394276,0.0601161548394276,0.0601161548394276,0.0601161548394276,0.0601161548394276,0.0601161548394276,0.0601161548394273,0.0601161548394273,0.0601161548394275,0.0601161548394275,0.0601161548394275,0.0601161548394275,0.0646412855487795,0.0601161548394275,0.0601161548394275,0.0601161548394275,0.0601161548394275,0.0601161548394275,0.0601161548394275
"76",0.0603883682461513,0.0601161548394275,0.0605284887490814,0.0606450913274614,0.0606790520844511,0.0606658895631089,0.0601161548394275,0.0603004900143465,0.0601161548394275,0.0601161548394275,0.0603065759689069,0.0601161548394275,0.0604403129965099,0.0605188445317303,0.0606201420190599,0.0604897792207815,0.0603615891194025,0.0602627713970273,0.0603192193426285,0.0605403313861935,0.0606717775564774,0.0608477817258424,0.0604756077861596,0.0606213799910811,0.060349737942563,0.0603867984962839,0.0601161548394275,0.0607038964786223,0.0646643712216375,0.0615575605551896,0.0604063978422479,0.0614495380942976,0.06071501572476,0.0604275897658131,0.0602596227797308,0.0601871769533297,0.0602735988998293,0.0602586969346658,0.0602229233732179,0.0604350633755766,0.0604195620941522,0.0601161548394275,0.0603377555792631,0.0602262267415643,0.060309505871642,0.060316300524597,0.0602550393758776,0.0602604006491726,0.0604686502682431,0.0604278219088109,0.0607153955402841,0.0605370262136861,0.060329758947905,0.0602357777132881,0.060330200719507,0.174574754416168,0.0986176395238294,0.0986176395238295,0.09942464619883,0.0601161548394275,0.10067574559968,0.0820979660393906,0.260774984560465,0.138402148705208,0.149139842120723,0.164313817105378,0.186129363006159,0.300146806021843,0.305862792433662,0.104198165850106,0.149139842120723,0.182162850724889,0.104198165850106,0.304901817765415,0.299129728460082,1,0.0685797909363625,0.0916259154176417,0.0678946101491959,0.104782061469119,0.0736919537300312,0.108566097972787,0.0601161548394275,0.0685797909363625,0.0913372694159913,0.0655775191136647,0.100939849322057,0.134806607471584,0.138557654676891,0.0601161548394275,0.0601161548394275,0.0921801378031737,0.0857126834621798,0.0694651594768118,0.072834327870204,0.0715438490784582,0.0681923612254731,0.0669636867382882,0.067097863769932,0.0665679958130776,0.0717874273311681,0.0757800464360136,0.0954532394156369,0.0670978637699322,0.0665679958130775,0.122224071516943,0.0732004515604862,0.0693159356029622,0.070688291814006,0.0808104523647472,0.106858767428215,0.0710684969978764,0.12009929879561,0.0714426178267722,0.117519952146896,0.0601161548394275,0.063392192009884,0.120178936570203,0.0818794288631689,0.0601161548394275,0.0601161548394274,0.123126620910176,0.121704221813289,0.081879428863169,0.076571743026176,0.0601161548394274,0.0683908413236899,0.0661004467359815,0.0673033757407558,0.0726579160589476,0.0651671151761888,0.0601161548394275,0.0697610006580172,0.0616359139527052,0.0697610006580172,0.066244927248652,0.0623061998485683,0.0693754016089998,0.0681561286176227,0.0644826807390513,0.0649537325962292,0.0678989259509768,0.064215167796144,0.0638401710197713,0.0652268270165537,0.0601161548394275,0.0601161548394275,0.0601161548394275,0.0601161548394275,0.0601161548394275,0.0601161548394275,0.0601161548394275,0.0601161548394274,0.0601161548394275,0.0601161548394275,0.0601161548394275,0.0601161548394275,0.0601161548394275,0.0601161548394275,0.0601161548394275,0.0601161548394275,0.0601161548394272,0.0601161548394273,0.0601161548394271,0.0601161548394271,0.0601161548394271,0.0601161548394271,0.0601161548394272,0.0601161548394274,0.0601161548394275,0.0601161548394275,0.0601161548394275,0.0601161548394275,0.0601161548394275,0.0601161548394275,0.0601161548394276,0.0601161548394276,0.0601161548394275,0.0601161548394275,0.0601161548394276,0.0601161548394275,0.0601161548394275,0.0601161548394272,0.0601161548394272,0.0601161548394275,0.0601161548394275,0.0601161548394275,0.0601161548394275,0.0655775191136649,0.0601161548394275,0.0601161548394275,0.0601161548394275,0.0601161548394275,0.0601161548394275,0.0601161548394275
"77",0.0601389912715211,0.0601161548394275,0.0601507462118416,0.0983981521338918,0.060163377218615,0.0983998969322162,0.0601161548394275,0.0983692429608216,0.0983537787786748,0.0601161548394275,0.0601321295823497,0.0601161548394275,0.0601433490023857,0.0983875610817733,0.0983960590952197,0.098385122744852,0.0983743686656146,0.0983660786837439,0.0601331902558448,0.0601517397102199,0.0601627669464533,0.0601775322267919,0.0601463099405589,0.0601585390114887,0.0601357505115779,0.0601388595826137,0.0601161548394275,0.0601654614558584,0.0604977122205186,0.0602370767445814,0.0601405038041042,0.0984656385012464,0.0601663942677745,0.0601422816295582,0.0983658145410407,0.0983597369410617,0.0601293630815821,0.0601281129311224,0.0983627357672406,0.0601429086030194,0.0601416081749292,0.0601161548394275,0.0601347452913384,0.0983630128922655,0.0983699993159752,0.0601329453913819,0.0601278060924783,0.0601282558585459,0.0601457262628946,0.0601423011044174,0.0601664261311252,0.0983890863730891,0.0601340744407321,0.0983638141390514,0.0601341115016811,0.0854456103239606,0.106874079096941,0.0686364551576935,0.0676077961803472,0.0601161548394275,0.0678462379945426,0.0643055765098813,0.0704458314439819,0.118333012499538,0.0726675418638255,0.119731737712543,0.0665276998507052,0.0694955538196921,0.06979206477418,0.0983537787786748,0.0726675418638255,0.110213210538227,0.0983537787786748,0.0698963122228348,0.0671288823726717,0.0685797909363625,1,0.151708593686596,0.230772325732415,0.152103557470719,0.363346661019975,0.183808138710378,0.104198165850106,0.280159487600387,0.200256285531266,0.193067686506052,0.136224519168938,0.0633446082736674,0.0639499276924977,0.0983537787786748,0.0983537787786748,0.0633835671265018,0.0622137459385104,0.0991401280336565,0.0994116151051375,0.0992915787903126,0.0607991266794347,0.0989264752310753,0.0606906376174594,0.098884661913858,0.0610765135583264,0.0614452599402533,0.0632425251746161,0.0989282615567067,0.098884661913858,0.0632152686801379,0.0614008990318723,0.0612840011170235,0.0613644935373499,0.0627877810064138,0.0611544353110156,0.0613698399477421,0.067957864254878,0.0615416386589315,0.0625468371050648,0.0983537787786748,0.060531046344248,0.062966544739018,0.0629613086537671,0.0601161548394275,0.0601161548394273,0.0633467947916601,0.0631562666843653,0.0629613086537671,0.0622674248848101,0.0601161548394273,0.060952152046599,0.060764161991728,0.0609181884767312,0.0612990596205296,0.0607369955053596,0.0983537787786748,0.0611467061751964,0.0603066483558352,0.0611467061751964,0.0608441083896011,0.0603906650372854,0.0610464314211639,0.0611100725304024,0.0606671620902784,0.0607225188281263,0.0611017986066175,0.0606331407864168,0.0605870469307844,0.0607532472038107,0.0601161548394275,0.0983537787786748,0.0983537787786748,0.0601161548394275,0.0601161548394277,0.0983537787786748,0.0601161548394275,0.0601161548394277,0.0983537787786748,0.0601161548394275,0.0601161548394275,0.0601161548394275,0.0983537787786748,0.0983537787786748,0.0983537787786748,0.0601161548394275,0.0983537787786747,0.0601161548394276,0.0601161548394275,0.0601161548394274,0.0601161548394274,0.0601161548394275,0.0601161548394275,0.0601161548394277,0.0601161548394281,0.0601161548394281,0.0601161548394282,0.060116154839428,0.060116154839428,0.0601161548394279,0.060116154839428,0.0983537787786753,0.060116154839428,0.0601161548394281,0.060116154839428,0.0601161548394279,0.060116154839428,0.0601161548394275,0.0601161548394275,0.0601161548394275,0.0601161548394275,0.0983537787786748,0.0601161548394275,0.148985675495374,0.0983537787786748,0.0601161548394275,0.0601161548394275,0.0601161548394275,0.0601161548394275,0.0983537787786748
"78",0.0601992036497112,0.0983537787786748,0.0984795765527402,0.0602775265608865,0.0602878875511782,0.0602838718351595,0.0983537787786748,0.0601723931311212,0.0601161548394275,0.0983537787786748,0.0601742498776043,0.0983537787786748,0.0602150513251425,0.060239010286784,0.0602699148476897,0.060230142834133,0.060191033682464,0.060160885665961,0.0601781072083593,0.0984831895890507,0.0985232921254759,0.0985769887344964,0.0984634432508932,0.0602702925370352,0.0601874180407933,0.0984363486784578,0.0601161548394275,0.0985330911956395,0.0615037571768989,0.0605559091897823,0.0984423281869048,0.060522952925911,0.0985364835346655,0.0602111696310524,0.0601599250633085,0.0601378227731791,0.0601641889978464,0.0601596425998835,0.060148728546261,0.0984510736725428,0.0984463444308951,0.0601161548394275,0.0984213863150666,0.0601497363614703,0.0601751437532575,0.0984148406537563,0.0601585267257278,0.0601601623812749,0.0984613206016369,0.0984488643941433,0.0985365994114978,0.0602445572841695,0.0984189466456599,0.0601526502401373,0.0984190814244951,0.155651176691811,0.0922521428235145,0.0922521428235145,0.088340581192811,0.0601161548394275,0.0892389001483052,0.0758996151013522,0.0980930896836433,0.11622458069423,0.10280195689128,0.126325952661578,0.0832823749177146,0.0952420928271487,0.0963931244613526,0.0601161548394275,0.102801956891281,0.101285838449891,0.0601161548394275,0.0966713208473324,0.0860456521143064,0.0916259154176417,0.151708593686596,1,0.147862346994181,0.329534807830186,0.180405602716195,0.21451125965226,0.104198165850106,0.151708593686596,0.279457179124776,0.134855409411639,0.321527973118675,0.0719125389037747,0.0742086246540122,0.0601161548394275,0.0601161548394275,0.0721869276664182,0.067728209905901,0.0629765227722433,0.0639601976288302,0.0635198255704592,0.0626016802595018,0.062198297126652,0.0622017067085848,0.0620434263908541,0.0636025568654766,0.103192210280525,0.0715385307665525,0.0622017067085848,0.062043426390854,0.0717440734020469,0.0648493375024086,0.0644923335568023,0.0647737690429279,0.0701369441945794,0.0639979111195505,0.0647845584759769,0.0895497343130335,0.0654551026527522,0.069223958692389,0.0601161548394275,0.061670634563878,0.0708143957377907,0.0707953392458271,0.0601161548394275,0.0601161548394275,0.0722405828474889,0.0715244853647542,0.0707953392458271,0.0681908710135819,0.0601161548394275,0.0632026354281665,0.0625203299203626,0.0630977863195553,0.0644606210923699,0.06243820045037,0.0601161548394275,0.0639361149845671,0.0608294530221201,0.0639361149845671,0.0628331769703421,0.0611440513734158,0.0635493074300285,0.063834833417477,0.0621801919727225,0.0623866695495654,0.0638090799387042,0.0620526931579083,0.0618802943808398,0.0625009670975692,0.0601161548394275,0.0601161548394275,0.0601161548394275,0.0601161548394275,0.0601161548394274,0.0601161548394275,0.0983537787786748,0.0601161548394274,0.0601161548394275,0.0983537787786748,0.0601161548394275,0.0601161548394275,0.0601161548394275,0.0601161548394275,0.0601161548394275,0.0601161548394275,0.060116154839428,0.0601161548394279,0.060116154839428,0.0601161548394281,0.060116154839428,0.060116154839428,0.0601161548394279,0.0601161548394278,0.0601161548394277,0.0601161548394277,0.0601161548394278,0.0601161548394277,0.0601161548394278,0.0601161548394277,0.098353778778675,0.0601161548394277,0.0601161548394277,0.0601161548394278,0.0601161548394277,0.0601161548394277,0.0601161548394277,0.0601161548394279,0.060116154839428,0.0601161548394275,0.0601161548394275,0.0601161548394275,0.0983537787786748,0.0907733984009609,0.0601161548394275,0.0601161548394275,0.0601161548394275,0.0983537787786748,0.0601161548394275,0.0601161548394275
"79",0.0601371425289304,0.0601161548394275,0.0601479458381586,0.0601569359123067,0.0601595542911424,0.0601585394590134,0.0601161548394275,0.0601303671056858,0.0601161548394275,0.0601161548394275,0.0601308363335834,0.0601161548394275,0.0601411474760233,0.0601472022677308,0.0601550123173427,0.0601449613284279,0.0601350778547306,0.0601274589953233,0.0601318111393628,0.0601488589070388,0.0601589934240774,0.0601725633687126,0.0601438687089532,0.0601551077651478,0.0601341641274373,0.0601370215010093,0.0601161548394275,0.0601614697972042,0.0604668229214351,0.0602272874099241,0.0601385326131643,0.0602189588639636,0.0601623270925468,0.0601401665132614,0.0601272162365151,0.0601216306537605,0.0601282937972152,0.0601271448537385,0.0601243867074407,0.0601407427295579,0.0601395475787185,0.0601161548394275,0.0601332402856477,0.0601246413975759,0.0601310622294706,0.0601315860981079,0.0601268628554752,0.0601272762103519,0.0601433322834048,0.0601401844115168,0.0601623563763723,0.0601486040778034,0.0601326237443173,0.0601253777787532,0.0601326578049664,0.0833950429261398,0.0679466870707741,0.0679466870707741,0.0670013040471376,0.0601161548394275,0.0672204426034808,0.0639664183507808,0.0696095837761919,0.0784779528705868,0.0716514337581707,0.0797634431061549,0.0660086478253734,0.0687362366771727,0.0690087433376583,0.0601161548394275,0.0716514337581706,0.0710154963144626,0.0601161548394275,0.0691045513463242,0.0665611611100391,0.0678946101491959,0.230772325732415,0.147862346994181,1,0.148225336152575,0.307225011478738,0.142221181425985,0.104198165850106,0.230772325732415,0.19247981956521,0.352988375614854,0.133631798767712,0.0630832461073274,0.0636395613828873,0.0601161548394275,0.0601161548394275,0.0631190510134245,0.0620439336847734,0.0608388445283136,0.0610883531353128,0.0609780344614331,0.0607438361190192,0.0606424881682752,0.0606441298804106,0.0606040598833626,0.0609987669095516,0.0613376611176212,0.0629894272315201,0.0606441298804106,0.0606040598833626,0.0629643773095046,0.061296891483933,0.0611894571382173,0.061263433226876,0.06257149726038,0.0610703804411374,0.0612683468141127,0.0673230320659136,0.0614262374159723,0.0623500591754552,0.0601161548394275,0.0604974584531093,0.0627357890244802,0.0627309768309199,0.0601161548394275,0.0601161548394275,0.0630852556139149,0.0629101518699834,0.0627309768309199,0.0620932670067748,0.0601161548394275,0.0608844731887273,0.0607117020270485,0.060853259168258,0.0612032965678911,0.0606867348264608,0.0601161548394275,0.0610632770240166,0.0602912267928067,0.0610632770240166,0.0607851762969621,0.0603684418330625,0.0609711200971347,0.0610296090867857,0.0606225548343016,0.0606734301208233,0.061022004985468,0.0605912877537424,0.0605489254650066,0.0607016708549787,0.0983537787786748,0.0601161548394275,0.0601161548394275,0.0601161548394275,0.0601161548394276,0.0601161548394275,0.0601161548394275,0.0601161548394276,0.0601161548394275,0.0601161548394275,0.0983537787786748,0.0601161548394275,0.0601161548394275,0.0601161548394275,0.0601161548394275,0.0601161548394275,0.0601161548394273,0.0601161548394274,0.0601161548394273,0.0601161548394273,0.0601161548394273,0.0601161548394273,0.0601161548394274,0.0601161548394275,0.0601161548394276,0.0601161548394276,0.0601161548394276,0.0601161548394276,0.0601161548394276,0.0601161548394276,0.0601161548394276,0.0601161548394276,0.0601161548394276,0.0601161548394276,0.0983537787786748,0.0601161548394275,0.0601161548394276,0.0601161548394274,0.0601161548394274,0.0601161548394275,0.0601161548394275,0.0601161548394275,0.0601161548394275,0.308906364604176,0.0601161548394275,0.0601161548394275,0.0601161548394275,0.0601161548394275,0.0601161548394275,0.0601161548394275
"80",0.0602339761395238,0.0983537787786748,0.0985322480094676,0.0603450928092321,0.0603597919402886,0.0603540948462482,0.0983537787786748,0.0601959400719906,0.0601161548394275,0.0983537787786748,0.0601985742371742,0.0983537787786748,0.0602564592276792,0.0602904497929854,0.0603342940760326,0.0602778695429338,0.0602223854116193,0.0601796144376877,0.0602040466301308,0.0985373738220343,0.0985942672677396,0.0986704466165337,0.0985093597032781,0.0603348299036932,0.0602172559028293,0.0984709206487151,0.0601161548394275,0.0986081692030285,0.0620847454894129,0.0607400340871211,0.0984794037739608,0.0606932790542394,0.0986129819124826,0.0602509522704727,0.0601782516312489,0.0601468951247648,0.0601843008727619,0.060177850900548,0.0601623671388572,0.0984918109894806,0.0984851016170344,0.0601161548394275,0.0984496935522491,0.060163796925723,0.0601998423780566,0.0984404072262568,0.0601762678105148,0.0601785883141128,0.0985063483019806,0.0984886766874669,0.0986131463068791,0.0602983193150335,0.0984462323946439,0.060167930843737,0.0984464236053013,0.195478478910603,0.105649216281239,0.105649216281239,0.100108526832518,0.0601161548394275,0.10138139259024,0.0824804008379074,0.113973190684277,0.140555098486702,0.120824329287618,0.154632004441061,0.0929896794241068,0.109897857491785,0.111527143623727,0.0601161548394275,0.120824329287619,0.118622765087743,0.0601161548394275,0.111926930428497,0.0968807258425652,0.104782061469119,0.152103557470719,0.329534807830186,0.148225336152575,1,0.181039130533425,0.262731929176718,0.104198165850106,0.152103557470719,0.280914142705968,0.135110269270395,0.31755505524684,0.0768488666033169,0.0801015256168963,0.0601161548394275,0.0601161548394275,0.0772314224493012,0.0709161939981221,0.0641741234418967,0.0655698465500026,0.0649452853040535,0.0636422784740099,0.0630701178747448,0.0630751113348707,0.0628505450792066,0.0650626210833349,0.105217810672835,0.0763184014450187,0.0630751113348708,0.0628505450792065,0.0765945786616511,0.0668280309132116,0.0663181007095041,0.066717944702438,0.0743172032228566,0.0656178402227382,0.0667336898265558,0.101827188752476,0.0676826731640428,0.0730238119279078,0.0601161548394275,0.0623191828758425,0.0752769187995998,0.0752498841005412,0.0601161548394275,0.0601161548394274,0.0772980552748724,0.0762833032418841,0.0752498841005413,0.0715590294813111,0.0601161548394274,0.0644926025753406,0.0635245475671789,0.0643429081202164,0.0662774887251252,0.0634071866742217,0.0601161548394275,0.065531875776772,0.0611270708733369,0.065531875776772,0.0639672641391292,0.061572932821794,0.0649842331379061,0.0653865703044861,0.0630413550853213,0.06333402330089,0.0653498143089734,0.0628606636862209,0.0626163231634411,0.0634960481426377,0.0601161548394275,0.0601161548394275,0.0601161548394275,0.0601161548394275,0.0601161548394274,0.0601161548394275,0.0983537787786748,0.0601161548394274,0.0601161548394275,0.0983537787786748,0.0601161548394275,0.0601161548394275,0.0601161548394275,0.0601161548394275,0.0601161548394275,0.0601161548394275,0.0601161548394279,0.0601161548394278,0.0601161548394279,0.060116154839428,0.0601161548394279,0.0601161548394279,0.0601161548394278,0.0601161548394277,0.0601161548394276,0.0601161548394277,0.0601161548394277,0.0601161548394276,0.0601161548394278,0.0601161548394276,0.0983537787786749,0.0601161548394277,0.0601161548394276,0.0601161548394277,0.0601161548394277,0.0601161548394276,0.0601161548394277,0.0601161548394277,0.0601161548394278,0.0601161548394275,0.0601161548394275,0.0601161548394275,0.0983537787786748,0.091028258259717,0.0601161548394275,0.0601161548394275,0.0601161548394275,0.0983537787786748,0.0601161548394275,0.0601161548394275
"81",0.060152784818072,0.0601161548394275,0.0601716399181653,0.0984249543041382,0.0601919002419527,0.0984277529867477,0.0601161548394275,0.0983785835581373,0.0983537787786748,0.0601161548394275,0.0601417785660101,0.0601161548394275,0.0601597746835576,0.0984079660981291,0.0984215970388026,0.0984040549692371,0.0983868052652907,0.0983735080103763,0.0601434799021608,0.0601732335044239,0.0601909213562774,0.0602146050867858,0.0601645240726743,0.0601841396853568,0.0601475865906506,0.0601525735870947,0.0601161548394275,0.0601952433896651,0.060728178585675,0.0603101153839311,0.060155210942958,0.0985332034467729,0.0601967396339305,0.0601580626015773,0.0983730843215296,0.09836333576026,0.0601373410574002,0.0601353357973642,0.0983681459223048,0.0601590682763867,0.0601569823702794,0.0601161548394275,0.0601459742023511,0.0983685904349895,0.0983797967631163,0.0601430871358996,0.0601348436235894,0.0601355650550891,0.0601635878449705,0.0601580938395428,0.0601967907432216,0.0984104126882135,0.0601448981479447,0.0983698756468183,0.0601449575942613,0.100744980290825,0.112020467927824,0.0737828439885764,0.0721328596031983,0.0601161548394275,0.0725153238395562,0.0668360498602705,0.076685110614734,0.130400768497553,0.0802487673584212,0.132644344660032,0.0704003689353857,0.075160851092013,0.0756364590979439,0.0983537787786748,0.0802487673584212,0.117376484703239,0.0983537787786748,0.0758036735648216,0.0713646746925434,0.0736919537300312,0.363346661019975,0.180405602716195,0.307225011478738,0.181039130533425,1,0.208797656267417,0.104198165850106,0.363346661019975,0.258276826565825,0.24674620620907,0.155568915593628,0.0652946424361227,0.0662655838377259,0.0983537787786748,0.0983537787786748,0.065357133018779,0.0634807223361545,0.0996150947451395,0.100050564068444,0.0998580240240739,0.0612116518860507,0.0992723924541813,0.0610376338079648,0.0992053232679602,0.0616565845886855,0.0622480593006583,0.0651308996183814,0.0992752577472121,0.0992053232679602,0.0650871797935613,0.0621769037401061,0.0619893977362395,0.0621185087823732,0.0644014831709488,0.0617815722454791,0.0621270845046088,0.072694374030735,0.0624026522069604,0.0640150055493725,0.0983537787786748,0.060781647018717,0.0646882228718258,0.0646798241127669,0.0601161548394275,0.0601161548394275,0.0652981496436869,0.0649925397098456,0.0646798241127669,0.0635668241688982,0.0601161548394275,0.0614571068637918,0.061155568004,0.0614026287897288,0.0620135518010942,0.0611119925535345,0.0983537787786748,0.06176917459602,0.0604217092889686,0.06176917459602,0.0612838032219518,0.0605564733026573,0.0616083323907362,0.0617104136818389,0.0609999787112414,0.0610887717467237,0.0616971421843343,0.0609454080309888,0.0608714727971257,0.0611380605209277,0.0601161548394275,0.0983537787786748,0.0983537787786748,0.0601161548394275,0.0601161548394278,0.0983537787786748,0.0601161548394275,0.0601161548394279,0.0983537787786748,0.0601161548394275,0.0601161548394275,0.0601161548394275,0.0983537787786748,0.0983537787786748,0.0983537787786748,0.0601161548394275,0.0983537787786747,0.0601161548394275,0.0601161548394274,0.0601161548394274,0.0601161548394273,0.0601161548394274,0.0601161548394274,0.0601161548394276,0.060116154839428,0.060116154839428,0.0601161548394281,0.060116154839428,0.060116154839428,0.0601161548394279,0.0601161548394279,0.0983537787786752,0.060116154839428,0.060116154839428,0.060116154839428,0.0601161548394279,0.060116154839428,0.0601161548394275,0.0601161548394274,0.0601161548394275,0.0601161548394275,0.0983537787786748,0.0601161548394275,0.202664195198392,0.0983537787786748,0.0601161548394275,0.0601161548394275,0.0601161548394275,0.0601161548394275,0.0983537787786748
"82",0.0602521778931591,0.0601161548394275,0.0603221950863925,0.0986180844835217,0.060397430486822,0.0986284772101658,0.0601161548394275,0.0984458897209838,0.0983537787786748,0.0601161548394275,0.0602113068888372,0.0601161548394275,0.0602781343060125,0.0985549998805772,0.0986056174961007,0.0985404761567062,0.0984764204981043,0.0984270420030402,0.0602176246904617,0.0603281127657733,0.0603937954582559,0.0604817434578603,0.0602957708549498,0.0603686121624418,0.0602328746122377,0.060251393500601,0.0601161548394275,0.0604098450493673,0.0623888653895514,0.0608364147615438,0.0602611871508164,0.0990200606650312,0.0604154012555553,0.0602717766004414,0.098425468661944,0.0983892680109339,0.0601948284879639,0.0601873820846711,0.0984071302362066,0.0602755111087253,0.0602677652314686,0.0601161548394275,0.0602268871126998,0.0984087809052745,0.098450394879111,0.060216166178383,0.0601855544292255,0.0601882334183841,0.0602922942339977,0.060271892600604,0.0604155910466019,0.098564085134428,0.0602228912543402,0.0984135534561772,0.0602231120043874,0.201795660107551,0.146011808165248,0.107774184226001,0.102105819506533,0.0601161548394275,0.103442254523247,0.0835973124504604,0.120538549657016,0.261845470250367,0.142832985608889,0.256696916801109,0.0987105357388548,0.11325238404671,0.114823055236372,0.0983537787786748,0.14283298560889,0.174260125061774,0.0983537787786748,0.115715274473126,0.100740470163082,0.108566097972787,0.183808138710378,0.21451125965226,0.142221181425985,0.262731929176718,0.208797656267417,1,0.104198165850106,0.183808138710378,0.256814704554169,0.13089466670987,0.204630396308669,0.0791968626506844,0.0825477400169153,0.0983537787786748,0.0983537787786748,0.0790721844940357,0.0726538429408481,0.10303580143898,0.104662664995783,0.10395799781542,0.0641794409067702,0.101766528260779,0.0635478418181508,0.101525022220425,0.0658528812245746,0.0680196703328415,0.0785962455932053,0.101785465757398,0.101525022220425,0.0776149206534126,0.0676046961435437,0.0667253004845148,0.0672350940197782,0.0752097376092324,0.0660160067133048,0.0672902016238534,0.104362824804411,0.0681904775066888,0.0738733645217131,0.0983537787786748,0.0624646999739635,0.0762010208042298,0.0761698715934117,0.0601161548394275,0.0601161548394278,0.0783494442255121,0.0772769660466836,0.0761698715934118,0.0722546479486023,0.0601161548394278,0.0649714336301185,0.06384804814155,0.0647189578436841,0.0670474502354411,0.0636414325599778,0.0983537787786748,0.0660605250771744,0.0611956136451794,0.0660605250771744,0.064264813909662,0.0616717062090202,0.0655227634501004,0.0657564532282046,0.0632363542362919,0.0635522032647786,0.065695514375415,0.0630438549961246,0.0627821239521081,0.0637283839429536,0.0601161548394275,0.0983537787786748,0.0983537787786748,0.0601161548394275,0.0601161548394272,0.0983537787786748,0.0601161548394275,0.0601161548394271,0.0983537787786748,0.0601161548394275,0.0601161548394275,0.0601161548394275,0.0983537787786748,0.0983537787786748,0.0983537787786748,0.0601161548394275,0.0983537787786749,0.0601161548394277,0.0601161548394276,0.0601161548394276,0.0601161548394276,0.0601161548394277,0.0601161548394277,0.0601161548394278,0.0601161548394278,0.0601161548394278,0.0601161548394279,0.0601161548394278,0.0601161548394279,0.0601161548394278,0.0601161548394278,0.0983537787786751,0.0601161548394278,0.0601161548394278,0.0601161548394278,0.0601161548394277,0.0601161548394279,0.0601161548394277,0.0601161548394277,0.0601161548394275,0.0601161548394275,0.0983537787786748,0.0601161548394275,0.0868126556991917,0.0983537787786748,0.0601161548394275,0.0601161548394275,0.0601161548394275,0.0601161548394275,0.0983537787786748
"83",0.0601161548394275,0.0601161548394275,0.0601161548394275,0.0601161548394275,0.0601161548394275,0.0601161548394275,0.0601161548394275,0.0601161548394275,0.0601161548394275,0.0601161548394275,0.0601161548394275,0.0601161548394275,0.0601161548394275,0.0601161548394275,0.0601161548394275,0.0601161548394275,0.0601161548394275,0.0601161548394275,0.0601161548394275,0.0601161548394275,0.0601161548394275,0.0601161548394275,0.0601161548394275,0.0601161548394275,0.0601161548394275,0.0601161548394275,0.0601161548394275,0.0601161548394275,0.0601161548394275,0.0601161548394275,0.0601161548394275,0.0601161548394275,0.0601161548394275,0.0601161548394275,0.0601161548394275,0.0601161548394275,0.0601161548394275,0.0601161548394275,0.0601161548394275,0.0601161548394275,0.0601161548394275,0.0601161548394275,0.0601161548394275,0.0601161548394275,0.0601161548394275,0.0601161548394275,0.0601161548394275,0.0601161548394275,0.0601161548394275,0.0601161548394275,0.0601161548394275,0.0601161548394275,0.0601161548394275,0.0601161548394275,0.0601161548394275,0.0601161548394275,0.0601161548394275,0.0601161548394275,0.0601161548394275,0.0601161548394275,0.0601161548394275,0.0601161548394275,0.0601161548394275,0.0601161548394275,0.0601161548394275,0.0601161548394275,0.0601161548394275,0.0601161548394275,0.0601161548394275,0.0601161548394275,0.0601161548394275,0.0601161548394275,0.0601161548394275,0.0601161548394275,0.0601161548394275,0.0601161548394275,0.104198165850106,0.104198165850106,0.104198165850106,0.104198165850106,0.104198165850106,0.104198165850106,1,0.104198165850106,0.104198165850106,0.104198165850106,0.104198165850106,0.0601161548394275,0.0601161548394275,0.0601161548394275,0.0601161548394275,0.0601161548394275,0.0601161548394275,0.0601161548394275,0.0601161548394275,0.0601161548394275,0.0601161548394275,0.0601161548394275,0.0601161548394275,0.0601161548394275,0.0601161548394275,0.0601161548394275,0.0601161548394275,0.0601161548394275,0.0601161548394275,0.0601161548394275,0.0601161548394275,0.0601161548394275,0.0601161548394275,0.0601161548394275,0.0601161548394275,0.0601161548394275,0.0601161548394275,0.0601161548394275,0.0601161548394275,0.0601161548394275,0.0601161548394275,0.0601161548394275,0.0601161548394275,0.0601161548394275,0.0601161548394275,0.0601161548394275,0.0601161548394275,0.0601161548394275,0.0601161548394275,0.0601161548394275,0.0601161548394275,0.0601161548394275,0.0601161548394275,0.0601161548394275,0.0601161548394275,0.0601161548394275,0.0601161548394275,0.0601161548394275,0.0601161548394275,0.0601161548394275,0.0601161548394275,0.0601161548394275,0.0601161548394275,0.0601161548394275,0.0601161548394275,0.0601161548394275,0.0601161548394275,0.0601161548394275,0.0601161548394275,0.0601161548394275,0.0601161548394275,0.0601161548394275,0.0601161548394275,0.0601161548394275,0.0601161548394275,0.0601161548394275,0.0601161548394275,0.0601161548394275,0.0601161548394275,0.0601161548394275,0.0983537787786748,0.0601161548394275,0.0601161548394275,0.0601161548394275,0.0983537787786748,0.0601161548394275,0.0601161548394275,0.0601161548394275,0.0601161548394275,0.0601161548394275,0.0601161548394275,0.0601161548394275,0.0601161548394275,0.0601161548394275,0.0601161548394275,0.0601161548394275,0.0601161548394275,0.0601161548394275,0.0601161548394275,0.0601161548394275,0.0601161548394275,0.0601161548394275,0.0601161548394275,0.0601161548394275,0.0601161548394275,0.0601161548394275,0.0601161548394275,0.0601161548394275,0.0601161548394275,0.0601161548394275,0.0601161548394275,0.0601161548394275,0.0601161548394275,0.0601161548394275,0.0983537787786748,0.0983537787786748,0.0601161548394275,0.0601161548394275,0.0601161548394275
"84",0.0601389912715212,0.0601161548394275,0.0601507462118416,0.0983981521338918,0.060163377218615,0.0983998969322163,0.0601161548394275,0.0983692429608216,0.0983537787786748,0.0601161548394275,0.0601321295823496,0.0601161548394275,0.0601433490023857,0.0983875610817733,0.0983960590952198,0.098385122744852,0.0983743686656145,0.0983660786837439,0.0601331902558448,0.0601517397102199,0.0601627669464533,0.060177532226792,0.0601463099405589,0.0601585390114887,0.0601357505115779,0.0601388595826137,0.0601161548394275,0.0601654614558585,0.0604977122205186,0.0602370767445814,0.0601405038041042,0.0984656385012464,0.0601663942677745,0.0601422816295582,0.0983658145410407,0.0983597369410617,0.0601293630815821,0.0601281129311224,0.0983627357672406,0.0601429086030195,0.0601416081749292,0.0601161548394275,0.0601347452913384,0.0983630128922655,0.0983699993159752,0.0601329453913819,0.0601278060924783,0.0601282558585459,0.0601457262628947,0.0601423011044175,0.0601664261311252,0.0983890863730892,0.0601340744407322,0.0983638141390514,0.0601341115016811,0.0854456103239606,0.106874079096941,0.0686364551576935,0.0676077961803472,0.0601161548394275,0.0678462379945426,0.0643055765098813,0.0704458314439818,0.118333012499538,0.0726675418638255,0.119731737712543,0.0665276998507051,0.0694955538196921,0.06979206477418,0.0983537787786748,0.0726675418638255,0.110213210538227,0.0983537787786748,0.0698963122228348,0.0671288823726716,0.0685797909363625,0.280159487600387,0.151708593686596,0.230772325732415,0.152103557470719,0.363346661019975,0.183808138710378,0.104198165850106,1,0.200256285531266,0.193067686506053,0.136224519168938,0.0633446082736673,0.0639499276924977,0.0983537787786748,0.0983537787786748,0.0633835671265018,0.0622137459385104,0.0991401280336565,0.0994116151051375,0.0992915787903126,0.0607991266794347,0.0989264752310753,0.0606906376174594,0.098884661913858,0.0610765135583264,0.0614452599402533,0.063242525174616,0.0989282615567067,0.098884661913858,0.0632152686801378,0.0614008990318722,0.0612840011170235,0.0613644935373499,0.0627877810064138,0.0611544353110155,0.0613698399477421,0.0679578642548779,0.0615416386589315,0.0625468371050648,0.0983537787786748,0.0605310463442479,0.062966544739018,0.062961308653767,0.0601161548394275,0.0601161548394273,0.06334679479166,0.0631562666843653,0.0629613086537671,0.0622674248848101,0.0601161548394273,0.060952152046599,0.060764161991728,0.0609181884767312,0.0612990596205296,0.0607369955053596,0.0983537787786748,0.0611467061751964,0.0603066483558352,0.0611467061751964,0.0608441083896011,0.0603906650372854,0.0610464314211638,0.0611100725304023,0.0606671620902783,0.0607225188281263,0.0611017986066175,0.0606331407864168,0.0605870469307843,0.0607532472038107,0.0601161548394275,0.0983537787786748,0.0983537787786748,0.0601161548394275,0.0601161548394277,0.0983537787786748,0.0601161548394275,0.0601161548394277,0.0983537787786748,0.0601161548394275,0.0601161548394275,0.0601161548394275,0.0983537787786748,0.0983537787786748,0.0983537787786748,0.0601161548394275,0.0983537787786748,0.0601161548394276,0.0601161548394275,0.0601161548394275,0.0601161548394275,0.0601161548394275,0.0601161548394275,0.0601161548394277,0.0601161548394281,0.0601161548394281,0.0601161548394282,0.060116154839428,0.060116154839428,0.0601161548394279,0.060116154839428,0.0983537787786753,0.060116154839428,0.0601161548394281,0.060116154839428,0.0601161548394279,0.060116154839428,0.0601161548394276,0.0601161548394275,0.0601161548394275,0.0601161548394275,0.0983537787786748,0.0601161548394275,0.148985675495374,0.0983537787786748,0.0601161548394275,0.0601161548394275,0.0601161548394275,0.0601161548394275,0.0983537787786748
"85",0.0602003950944186,0.0601161548394275,0.0602437573484631,0.0602798416510467,0.0602903512834081,0.0602862779566472,0.0601161548394275,0.0601731999435819,0.0601161548394275,0.0601161548394275,0.0601750833275419,0.0601161548394275,0.0602164701256537,0.0602407728101972,0.0602721207377856,0.0602317781422432,0.0601921079182166,0.060161527388658,0.0601789959967937,0.0602474222185443,0.0602881000787415,0.0603425670364333,0.0602273925931246,0.0602725038455827,0.0601884404053982,0.0601999093133155,0.0601161548394275,0.0602980397294896,0.0615236641623924,0.0605622180458836,0.0602059746056969,0.0605287889809444,0.0603014807360928,0.060212532743543,0.0601605530048937,0.0601381336282642,0.0601648781111957,0.0601602664891583,0.0601491958590433,0.0602148455568599,0.0602100484680038,0.0601161548394275,0.060184732295089,0.0601502181326909,0.0601759900270205,0.0601780927276349,0.0601591346063164,0.0601607937274994,0.0602252394916653,0.0602126045834481,0.0603015982753311,0.0602463993865757,0.0601822576254073,0.0601531738147903,0.0601823943378227,0.153552808162815,0.0915462954334528,0.0915462954334528,0.0877517230506014,0.0601161548394275,0.0886312999978574,0.0755703180955915,0.0982208196803971,0.133816623291391,0.106416384184763,0.138976315843885,0.0837674058050016,0.0947153846347866,0.095809170139887,0.0601161548394275,0.106416384184763,0.103863862507534,0.0601161548394275,0.0961937237172723,0.0859850801218984,0.0913372694159913,0.200256285531266,0.279457179124776,0.19247981956521,0.280914142705968,0.258276826565825,0.256814704554169,0.104198165850106,0.200256285531266,1,0.166181972463323,0.22233869493062,0.0720254469475808,0.0742583816714127,0.0601161548394275,0.0601161548394275,0.0721691604525316,0.0678538613392363,0.0630168821280103,0.0640183581919247,0.0635755617985554,0.0626355379775065,0.0622287482157537,0.0622353377095072,0.0620745050095557,0.063658777567291,0.0650190289897273,0.0716488773390463,0.0622353377095073,0.0620745050095556,0.0715483321209722,0.064855388092666,0.0644241687973819,0.0647210935527451,0.0699713926721883,0.0639462195060554,0.0647408156780248,0.0890430729313546,0.065374555974124,0.0690825858917003,0.0601161548394275,0.061646628865069,0.0706308259126827,0.0706115107606984,0.0601161548394275,0.0601161548394275,0.0720335126923735,0.0713306823958228,0.0706115107606985,0.0680518751141151,0.0601161548394275,0.0632000261557109,0.0625065583630078,0.0630747395183692,0.0644797174124141,0.062406345171675,0.0601161548394275,0.0639177078554811,0.0608188575352589,0.0639177078554811,0.0628014689214714,0.0611287827739929,0.0635478089669971,0.063782571702606,0.062148739926298,0.0623529428285901,0.0637520504089759,0.062023240316705,0.06185320683092,0.0624662953081876,0.0601161548394275,0.0601161548394275,0.0601161548394275,0.0601161548394275,0.0601161548394273,0.0601161548394275,0.0601161548394275,0.0601161548394272,0.0601161548394275,0.0601161548394275,0.0601161548394275,0.0601161548394275,0.0601161548394275,0.0601161548394275,0.0601161548394275,0.0601161548394275,0.0601161548394279,0.0601161548394279,0.0601161548394279,0.0601161548394279,0.0601161548394279,0.0601161548394279,0.0601161548394279,0.0601161548394279,0.0601161548394279,0.0601161548394279,0.060116154839428,0.0601161548394278,0.060116154839428,0.0601161548394278,0.0601161548394278,0.0601161548394279,0.0601161548394278,0.0601161548394279,0.0601161548394278,0.0601161548394278,0.0601161548394279,0.0601161548394278,0.0601161548394278,0.0601161548394275,0.0601161548394275,0.0601161548394275,0.0601161548394275,0.122099961452645,0.0601161548394275,0.0601161548394275,0.0601161548394275,0.0601161548394275,0.0601161548394275,0.0601161548394275
"86",0.0601308905951892,0.0601161548394275,0.0601384757524876,0.0601447878116073,0.0601466262126856,0.0601459136845919,0.0601161548394275,0.0601261334740157,0.0601161548394275,0.0601161548394275,0.0983640868648538,0.0601161548394275,0.0601337025255921,0.0601379536810984,0.060143437228182,0.0601363802856922,0.0601294409580229,0.0601240916483052,0.0983647712898774,0.0601391168311545,0.0601462324199298,0.060155760071357,0.0601356131419951,0.0601435042434455,0.0601287994170746,0.0601308056197617,0.0983537787786748,0.0601479711167771,0.0603623638949433,0.0601941826002156,0.060131866593131,0.0601883350094597,0.0601485730360491,0.0601330137776635,0.060123921203888,0.0601199994866715,0.060124677774605,0.0601238710850237,0.0601219345512193,0.0601334183473332,0.0601325792149042,0.0983537787786748,0.0601281507745941,0.0601221133727911,0.0601266215303267,0.060126989345959,0.0983612970292732,0.0601239633123729,0.0601352365099761,0.0601330263442834,0.0601485935966399,0.0601389379119184,0.0601277178921436,0.060122630396505,0.0601277418066107,0.0764605937643483,0.0656140830621214,0.103851707001369,0.0649503161745911,0.0601161548394275,0.0651041764765482,0.0628194796963432,0.0667816265263503,0.0730082347941964,0.068215238484103,0.0739107957999267,0.0642533581012659,0.066168437087619,0.0663597678957036,0.0601161548394275,0.068215238484103,0.0677687377461795,0.0601161548394275,0.066427036063338,0.0646412855487792,0.0655775191136647,0.193067686506052,0.134855409411639,0.352988375614854,0.135110269270395,0.24674620620907,0.13089466670987,0.104198165850106,0.193067686506053,0.166181972463323,1,0.124863938792885,0.062199391883749,0.0625899887632272,0.0601161548394275,0.0601161548394275,0.0622245310183476,0.0614696758272488,0.0606235655644444,0.0607987491115774,0.0607212927991973,0.0605568588069188,0.060485700967037,0.0604868536365128,0.060458719920803,0.0607358493463474,0.060973791797257,0.0621335203146292,0.0604868536365129,0.060458719920803,0.0621159324075552,0.060945166856696,0.0608697356722063,0.0609216753378157,0.0618400857286323,0.0607861302269824,0.0609251252374068,0.0651762059994715,0.0610359824780664,0.0616846108949021,0.0601161548394275,0.060383873538124,0.0619554373164831,0.0619520586068365,0.0601161548394275,0.0601161548394275,0.0622008027869488,0.0620778599540458,0.0619520586068365,0.0615043134553612,0.0601161548394274,0.0606556020968845,0.0605342970032079,0.0606336862884807,0.0608794525329177,0.0605167671760267,0.0601161548394275,0.0607811428166363,0.060239075351731,0.0607811428166363,0.0605858843347284,0.0602932891313946,0.0607164381255308,0.0607575040783191,0.0604717054893113,0.060507425752678,0.0607521651304664,0.0604497524266625,0.0604200092603058,0.0605272539744074,0.0601161548394275,0.0601161548394275,0.0601161548394275,0.0601161548394275,0.0601161548394277,0.0601161548394275,0.0601161548394275,0.0601161548394277,0.0601161548394275,0.0601161548394275,0.0601161548394275,0.0601161548394275,0.0601161548394275,0.0601161548394275,0.0601161548394275,0.0601161548394275,0.0601161548394271,0.0601161548394273,0.0601161548394272,0.0601161548394271,0.0601161548394271,0.0601161548394271,0.0601161548394272,0.0601161548394273,0.0601161548394272,0.0601161548394273,0.0601161548394272,0.0601161548394273,0.0601161548394273,0.0601161548394273,0.0601161548394273,0.0601161548394273,0.0601161548394273,0.0601161548394273,0.0601161548394273,0.0601161548394273,0.0601161548394273,0.0601161548394272,0.0601161548394271,0.0601161548394275,0.0601161548394275,0.0601161548394275,0.0601161548394275,0.23479530504073,0.0601161548394275,0.0601161548394275,0.0601161548394275,0.0601161548394275,0.0601161548394275,0.0601161548394275
"87",0.0602218369557863,0.0983537787786748,0.0985138602410224,0.0603215052229665,0.060334689895665,0.0603295797758922,0.0983537787786748,0.0601877197621076,0.0601161548394275,0.0983537787786748,0.0601900825280185,0.0983537787786748,0.0602420036008379,0.060272492102279,0.0603118190883068,0.060261208001283,0.0602114404260072,0.060173076165554,0.0601949910977654,0.0985184579387194,0.0985694896260642,0.0986378201808689,0.0984933301277408,0.0603122997093926,0.0602068394129104,0.0984588514669746,0.0601161548394275,0.0985819592384485,0.0618819206726374,0.0606757555160001,0.0984664605718526,0.0606338176760568,0.0985862760921932,0.0602370640280118,0.060171853769701,0.0601437279387675,0.0601772797550273,0.0601714943264719,0.0601576058640008,0.0984775894661458,0.0984715713634854,0.0601161548394275,0.0984398114082005,0.060158888339256,0.0601912200117517,0.0984314818567248,0.0601700743429462,0.0601721557639716,0.0984906289925295,0.0984747780927366,0.0985864235489581,0.0602795508237843,0.0984367068552845,0.0601625963377606,0.0984368783654183,0.185090160571079,0.10215480274722,0.10215480274722,0.0970074171028632,0.0601161548394275,0.0981815816285977,0.0807462206078813,0.108852097212346,0.115048774409057,0.111490316832398,0.132892695181654,0.0894460987018049,0.105825957419978,0.107363032863134,0.0601161548394275,0.111490316832399,0.110556318402862,0.0601161548394275,0.107616631683283,0.0935365402342891,0.100939849322057,0.136224519168938,0.321527973118675,0.133631798767712,0.31755505524684,0.155568915593628,0.204630396308669,0.104198165850106,0.136224519168938,0.22233869493062,0.124863938792885,1,0.075182662181284,0.0781987599710482,0.0601161548394275,0.0601161548394275,0.0756638754936738,0.0697865916282894,0.0637567228194576,0.0650048599871207,0.0644406541034244,0.0632808270122272,0.062765174756312,0.062766442248205,0.0625653020419399,0.0645466211961851,0.104515705081079,0.0747039748374591,0.0627664422482051,0.0625653020419398,0.0752686788479363,0.0661999464784031,0.0658134245650024,0.0661603263333249,0.073171327449074,0.0651611401055225,0.0661654456607527,0.0984824874314714,0.0670642719998645,0.0719729598390456,0.0601161548394275,0.0621397010971545,0.0740606133981168,0.0740363489875806,0.0601161548394275,0.0601161548394275,0.0759186022627431,0.0749842548689337,0.0740363489875807,0.0706414545774958,0.0601161548394275,0.0640897894594372,0.0632228826406928,0.0639749381691869,0.0656870257794924,0.0631349535732589,0.0601161548394275,0.065048983103712,0.061044279882493,0.065048983103712,0.0636429871142459,0.0614536270747744,0.0645347290551198,0.0649518830819331,0.0628026035549272,0.0630704895261811,0.0649234254954337,0.0626366021109691,0.0624124731356223,0.0632184721415003,0.0601161548394275,0.0601161548394275,0.0601161548394275,0.0601161548394275,0.0601161548394274,0.0601161548394275,0.0983537787786748,0.0601161548394274,0.0601161548394275,0.0983537787786748,0.0601161548394275,0.0601161548394275,0.0601161548394275,0.0601161548394275,0.0601161548394275,0.0601161548394275,0.0601161548394279,0.0601161548394279,0.0601161548394279,0.060116154839428,0.060116154839428,0.0601161548394279,0.0601161548394279,0.0601161548394278,0.0601161548394275,0.0601161548394276,0.0601161548394276,0.0601161548394276,0.0601161548394277,0.0601161548394276,0.0983537787786748,0.0601161548394276,0.0601161548394276,0.0601161548394276,0.0601161548394276,0.0601161548394276,0.0601161548394276,0.0601161548394278,0.0601161548394278,0.0601161548394275,0.0601161548394275,0.0601161548394275,0.0983537787786748,0.0807819277822062,0.0601161548394275,0.0601161548394275,0.0601161548394275,0.0983537787786748,0.0601161548394275,0.0601161548394275
"88",0.0609292862009716,0.0601161548394275,0.0613478415421615,0.0616961462581513,0.0617975907714926,0.0617582728737113,0.0601161548394275,0.0606667842649452,0.0601161548394275,0.0601161548394275,0.0606849636800506,0.0601161548394275,0.0610844508789074,0.0613190332050552,0.0616216199320817,0.0612322119270373,0.0608492940064061,0.0605541146098191,0.0607227308268355,0.0613832168006945,0.0617758609569797,0.062301604753347,0.061189880294411,0.0616253178905596,0.0608138932387662,0.0609245971856045,0.0601161548394275,0.0618718037072263,0.073702177012135,0.0644217921197506,0.060983142585926,0.064099117157634,0.0619050181174203,0.0610464451905604,0.0605447093439282,0.0603283056988297,0.0605864575506075,0.0605419437429708,0.0604350841834893,0.0610687696842577,0.0610224656530857,0.0601161548394275,0.0607781006027549,0.060444951707772,0.0606937156215093,0.0607140119966029,0.0605310182129118,0.060547032925436,0.0611690974237789,0.0610471386272075,0.0619061526681319,0.0613733438871839,0.0607542137860757,0.0604734815099413,0.0607555334064003,0.101644830722381,0.074085534898101,0.0740855348981012,0.0841162971542787,0.0601161548394275,0.0848801668076794,0.0735373414302253,0.112995828198228,0.0743971355246012,0.0778728402305987,0.0864225994419056,0.194570069393728,0.135464112794684,0.12702227451237,0.0601161548394275,0.0778728402305991,0.108182775471684,0.0601161548394275,0.129307141789211,0.148799814900475,0.134806607471584,0.0633446082736674,0.0719125389037747,0.0630832461073274,0.0768488666033169,0.0652946424361227,0.0791968626506844,0.0601161548394275,0.0633446082736673,0.0720254469475808,0.062199391883749,0.075182662181284,1,0.297692003045669,0.104198165850106,0.104198165850106,0.255266773357785,0.168778296286864,0.132613239407958,0.14001263082115,0.133345583399394,0.12962315213724,0.124233545253768,0.122372783560664,0.120993443967913,0.134580543265802,0.154578578300999,0.24841395932277,0.122372783560664,0.120993443967913,0.125972188709894,0.104526061553867,0.0726393322927076,0.0811334976620699,0.0851305616495859,0.112855884480225,0.0846854208978028,0.125699045658489,0.0764059920794265,0.12460814639494,0.0601161548394275,0.0646447946206188,0.122418221106905,0.0839111467326001,0.0601161548394275,0.0601161548394274,0.126002109856164,0.124770396215432,0.0839111467326002,0.078107960073967,0.0601161548394274,0.0865395555436667,0.0761565154962211,0.0777004424654371,0.106118459830814,0.0684300160454054,0.0601161548394275,0.0869466555366805,0.0623566586924018,0.0869466555366805,0.0719975657553995,0.0633448272246083,0.0900505757320769,0.0729482410496121,0.066292822443709,0.0672479506013207,0.0708746917637071,0.0659330865954058,0.0653159131730911,0.067898194054026,0.0601161548394275,0.0601161548394275,0.0601161548394275,0.0601161548394275,0.0601161548394276,0.0601161548394275,0.0601161548394275,0.0601161548394276,0.0601161548394275,0.0601161548394275,0.0601161548394275,0.0601161548394275,0.0601161548394275,0.0601161548394275,0.0601161548394275,0.0601161548394275,0.0601161548394281,0.060116154839428,0.0601161548394281,0.0601161548394282,0.0601161548394282,0.0601161548394282,0.0601161548394281,0.0601161548394279,0.0601161548394277,0.0601161548394277,0.0601161548394278,0.0601161548394277,0.0601161548394278,0.0601161548394277,0.0601161548394277,0.0601161548394277,0.0601161548394277,0.0601161548394277,0.0601161548394277,0.0601161548394277,0.0601161548394277,0.0601161548394278,0.060116154839428,0.0601161548394275,0.0601161548394275,0.0601161548394275,0.0601161548394275,0.0621993918837493,0.0601161548394275,0.0601161548394275,0.0601161548394275,0.0601161548394275,0.0601161548394275,0.0601161548394275
"89",0.0609079808302018,0.0601161548394275,0.0613155693373064,0.0616547479004187,0.0617535344016952,0.0617152466971023,0.0601161548394275,0.0606523568739697,0.0601161548394275,0.0601161548394275,0.0606700599586842,0.0601161548394275,0.0610590799399526,0.0612875158257207,0.0615821742859084,0.0612029694070997,0.0608300845618844,0.0605426393479711,0.0607068375444915,0.0613500177062434,0.0617323739438407,0.062244342393393,0.0611617469324411,0.0615857753518296,0.0607956113522208,0.0609034146747017,0.0601161548394275,0.0618258028372084,0.0733462010242901,0.0643089773852622,0.0609604260898399,0.0639947570345787,0.0618581469755651,0.0610220700627622,0.0605334805154198,0.0603227469995437,0.060574134850845,0.060530787377728,0.0604267277133714,0.0610438096182342,0.0609987188283648,0.0601161548394275,0.0607607565417774,0.060436336692389,0.0606785825849714,0.0606983471618622,0.0605201481144148,0.0605357432152942,0.06114150860699,0.0610227453302356,0.0618592517991934,0.0613404034792044,0.0607374955987394,0.0604641189671084,0.0607387806428544,0.110237194526551,0.0769758267995604,0.0769758267995607,0.0934794653009228,0.0601161548394275,0.0945413431874866,0.0787733448308954,0.115633830516042,0.0766082233940942,0.0809700986060283,0.0900787188694535,0.191545898051127,0.142953960853995,0.131446270164009,0.0601161548394275,0.0809700986060289,0.110265606505768,0.0601161548394275,0.132912096169211,0.151160159843288,0.138557654676891,0.0639499276924977,0.0742086246540122,0.0636395613828873,0.0801015256168963,0.0662655838377259,0.0825477400169153,0.0601161548394275,0.0639499276924977,0.0742583816714127,0.0625899887632272,0.0781987599710482,0.297692003045669,1,0.104198165850106,0.104198165850106,0.254698409848316,0.167139914635339,0.131866508553603,0.139084074456149,0.132604432534202,0.12895109475593,0.123710480207598,0.121908701094102,0.120564582452384,0.133804739951771,0.153242290982215,0.244460435560779,0.121908701094102,0.120564582452384,0.138906960620116,0.105071894272284,0.0772044249328293,0.0848981669774719,0.0961049559884919,0.11642232024586,0.0879603492712589,0.159056342076315,0.0818314882392087,0.134081968012774,0.0601161548394275,0.0662549632407902,0.134510320330914,0.0960139465318675,0.0601161548394275,0.0601161548394274,0.139652734157631,0.137557688196484,0.0960139465318676,0.0872590964878237,0.0601161548394275,0.0872563328846709,0.0773610771501809,0.0795228354839359,0.105873943678018,0.0706148352163029,0.0601161548394275,0.0886693062608903,0.0630723942291258,0.0886693062608903,0.0742476241913885,0.0643762361014312,0.0907705775105803,0.0765157785388159,0.0684075333942104,0.069526223705234,0.0746999150959705,0.0679140657523371,0.0671346699128668,0.0702497173697983,0.0601161548394275,0.0601161548394275,0.0601161548394275,0.0601161548394275,0.0601161548394275,0.0601161548394275,0.0601161548394275,0.0601161548394274,0.0601161548394275,0.0601161548394275,0.0601161548394275,0.0601161548394275,0.0601161548394275,0.0601161548394275,0.0601161548394275,0.0601161548394275,0.0601161548394281,0.060116154839428,0.0601161548394281,0.0601161548394282,0.0601161548394282,0.0601161548394282,0.0601161548394281,0.0601161548394279,0.0601161548394278,0.0601161548394278,0.0601161548394279,0.0601161548394278,0.0601161548394279,0.0601161548394278,0.0601161548394277,0.0601161548394277,0.0601161548394278,0.0601161548394278,0.0601161548394277,0.0601161548394277,0.0601161548394277,0.0601161548394278,0.060116154839428,0.0601161548394275,0.0601161548394275,0.0601161548394275,0.0601161548394275,0.0625899887632275,0.0601161548394275,0.0601161548394275,0.0601161548394275,0.0601161548394275,0.0601161548394275,0.0601161548394275
"90",0.0601161548394275,0.0601161548394275,0.0601161548394275,0.0983537787786748,0.0601161548394275,0.0983537787786748,0.0601161548394275,0.0983537787786748,0.0983537787786748,0.0601161548394275,0.0601161548394275,0.0601161548394275,0.0601161548394275,0.0983537787786748,0.0983537787786748,0.0983537787786748,0.0983537787786748,0.0983537787786748,0.0601161548394275,0.0601161548394275,0.0601161548394275,0.0601161548394275,0.0601161548394275,0.0601161548394275,0.0601161548394275,0.0601161548394275,0.0601161548394275,0.0601161548394275,0.0601161548394275,0.0601161548394275,0.0601161548394275,0.0983537787786748,0.0601161548394275,0.0601161548394275,0.0983537787786748,0.0983537787786748,0.0601161548394275,0.0601161548394275,0.0983537787786748,0.0601161548394275,0.0601161548394275,0.0601161548394275,0.0601161548394275,0.0983537787786748,0.0983537787786748,0.0601161548394275,0.0601161548394275,0.0601161548394275,0.0601161548394275,0.0601161548394275,0.0601161548394275,0.0983537787786748,0.0601161548394275,0.0983537787786748,0.0601161548394275,0.0601161548394275,0.0983537787786748,0.0601161548394275,0.0601161548394275,0.0601161548394275,0.0601161548394275,0.0601161548394275,0.0601161548394275,0.0983537787786748,0.0601161548394275,0.0983537787786748,0.0601161548394275,0.0601161548394275,0.0601161548394275,0.0983537787786748,0.0601161548394275,0.0983537787786748,0.0983537787786748,0.0601161548394275,0.0601161548394275,0.0601161548394275,0.0983537787786748,0.0601161548394275,0.0601161548394275,0.0601161548394275,0.0983537787786748,0.0983537787786748,0.0601161548394275,0.0983537787786748,0.0601161548394275,0.0601161548394275,0.0601161548394275,0.104198165850106,0.104198165850106,1,0.142435789789353,0.104198165850106,0.104198165850106,0.142435789789353,0.142435789789353,0.142435789789353,0.104198165850106,0.142435789789353,0.104198165850106,0.142435789789353,0.104198165850106,0.104198165850106,0.104198165850106,0.142435789789353,0.142435789789353,0.0601161548394275,0.0601161548394275,0.0601161548394275,0.0601161548394275,0.0601161548394275,0.0601161548394275,0.0601161548394275,0.0601161548394275,0.0601161548394275,0.0601161548394275,0.0983537787786748,0.0601161548394275,0.0601161548394275,0.0601161548394275,0.0601161548394275,0.0601161548394275,0.0601161548394275,0.0601161548394275,0.0601161548394275,0.0601161548394275,0.0601161548394275,0.0601161548394275,0.0601161548394275,0.0601161548394275,0.0601161548394275,0.0601161548394275,0.0983537787786748,0.0601161548394275,0.0601161548394275,0.0601161548394275,0.0601161548394275,0.0601161548394275,0.0601161548394275,0.0601161548394275,0.0601161548394275,0.0601161548394275,0.0601161548394275,0.0601161548394275,0.0601161548394275,0.0601161548394275,0.0601161548394275,0.0983537787786748,0.0983537787786748,0.0601161548394275,0.0601161548394275,0.0983537787786748,0.0601161548394275,0.0601161548394275,0.0983537787786748,0.0601161548394275,0.0601161548394275,0.0601161548394275,0.0983537787786748,0.0983537787786748,0.0983537787786748,0.0601161548394275,0.0983537787786748,0.0601161548394275,0.0601161548394275,0.0601161548394275,0.0601161548394275,0.0601161548394275,0.0601161548394275,0.0601161548394275,0.0601161548394275,0.0601161548394275,0.0601161548394275,0.0601161548394275,0.0601161548394275,0.0601161548394275,0.0601161548394275,0.0983537787786748,0.0601161548394275,0.0601161548394275,0.0601161548394275,0.0601161548394275,0.0601161548394275,0.0601161548394275,0.0601161548394275,0.0601161548394275,0.0601161548394275,0.0983537787786748,0.0601161548394275,0.0601161548394275,0.0983537787786748,0.0601161548394275,0.0601161548394275,0.0601161548394275,0.0601161548394275,0.0983537787786748
"91",0.0601161548394275,0.0601161548394275,0.0601161548394275,0.0983537787786748,0.0601161548394275,0.0983537787786748,0.0601161548394275,0.0983537787786748,0.0983537787786748,0.0601161548394275,0.0601161548394275,0.0601161548394275,0.0601161548394275,0.0983537787786748,0.0983537787786748,0.0983537787786748,0.0983537787786748,0.0983537787786748,0.0601161548394275,0.0601161548394275,0.0601161548394275,0.0601161548394275,0.0601161548394275,0.0601161548394275,0.0601161548394275,0.0601161548394275,0.0601161548394275,0.0601161548394275,0.0601161548394275,0.0601161548394275,0.0601161548394275,0.0983537787786748,0.0601161548394275,0.0601161548394275,0.0983537787786748,0.0983537787786748,0.0601161548394275,0.0601161548394275,0.0983537787786748,0.0601161548394275,0.0601161548394275,0.0601161548394275,0.0601161548394275,0.0983537787786748,0.0983537787786748,0.0601161548394275,0.0601161548394275,0.0601161548394275,0.0601161548394275,0.0601161548394275,0.0601161548394275,0.0983537787786748,0.0601161548394275,0.0983537787786748,0.0601161548394275,0.0601161548394275,0.0983537787786748,0.0601161548394275,0.0601161548394275,0.0601161548394275,0.0601161548394275,0.0601161548394275,0.0601161548394275,0.0983537787786748,0.0601161548394275,0.0983537787786748,0.0601161548394275,0.0601161548394275,0.0601161548394275,0.0983537787786748,0.0601161548394275,0.0983537787786748,0.0983537787786748,0.0601161548394275,0.0601161548394275,0.0601161548394275,0.0983537787786748,0.0601161548394275,0.0601161548394275,0.0601161548394275,0.0983537787786748,0.0983537787786748,0.0601161548394275,0.0983537787786748,0.0601161548394275,0.0601161548394275,0.0601161548394275,0.104198165850106,0.104198165850106,0.142435789789353,1,0.104198165850106,0.104198165850106,0.142435789789353,0.142435789789353,0.142435789789353,0.104198165850106,0.142435789789353,0.104198165850106,0.142435789789353,0.104198165850106,0.104198165850106,0.104198165850106,0.142435789789353,0.142435789789353,0.0601161548394275,0.0601161548394275,0.0601161548394275,0.0601161548394275,0.0601161548394275,0.0601161548394275,0.0601161548394275,0.0601161548394275,0.0601161548394275,0.0601161548394275,0.0983537787786748,0.0601161548394275,0.0601161548394275,0.0601161548394275,0.0601161548394275,0.0601161548394275,0.0601161548394275,0.0601161548394275,0.0601161548394275,0.0601161548394275,0.0601161548394275,0.0601161548394275,0.0601161548394275,0.0601161548394275,0.0601161548394275,0.0601161548394275,0.0983537787786748,0.0601161548394275,0.0601161548394275,0.0601161548394275,0.0601161548394275,0.0601161548394275,0.0601161548394275,0.0601161548394275,0.0601161548394275,0.0601161548394275,0.0601161548394275,0.0601161548394275,0.0601161548394275,0.0601161548394275,0.0601161548394275,0.0983537787786748,0.0983537787786748,0.0601161548394275,0.0601161548394275,0.0983537787786748,0.0601161548394275,0.0601161548394275,0.0983537787786748,0.0601161548394275,0.0601161548394275,0.0601161548394275,0.0983537787786748,0.0983537787786748,0.0983537787786748,0.0601161548394275,0.0983537787786748,0.0601161548394275,0.0601161548394275,0.0601161548394275,0.0601161548394275,0.0601161548394275,0.0601161548394275,0.0601161548394275,0.0601161548394275,0.0601161548394275,0.0601161548394275,0.0601161548394275,0.0601161548394275,0.0601161548394275,0.0601161548394275,0.0983537787786748,0.0601161548394275,0.0601161548394275,0.0601161548394275,0.0601161548394275,0.0601161548394275,0.0601161548394275,0.0601161548394275,0.0601161548394275,0.0601161548394275,0.0983537787786748,0.0601161548394275,0.0601161548394275,0.0983537787786748,0.0601161548394275,0.0601161548394275,0.0601161548394275,0.0601161548394275,0.0983537787786748
"92",0.0608271942420238,0.0601161548394275,0.0611931982529724,0.0614977718912449,0.0615864796321761,0.0615520982568265,0.0601161548394275,0.0605976504947281,0.0601161548394275,0.0601161548394275,0.0606135474101188,0.0601161548394275,0.0609628773617772,0.06116800692009,0.0614326026493826,0.0610920864076437,0.0607572453937488,0.0604991269743469,0.0606465727375847,0.0612241320035121,0.0615674780845043,0.062027212602895,0.061055069684151,0.0614358363140908,0.0607262893368748,0.0608230939516611,0.0601161548394275,0.0616513748311374,0.0719963965152627,0.0638812017978727,0.0608742887381841,0.063599039993339,0.0616804190366605,0.0609296434426154,0.0604909025779497,0.0603016692931354,0.0605274091270027,0.0604884842094725,0.0603950413035303,0.0609491650050744,0.0609086746338756,0.0601161548394275,0.0606949906123015,0.0604036699198928,0.060621200509631,0.0606389485920492,0.0604789304242743,0.0604929344243221,0.0610368961876936,0.060930249815463,0.0616814111399026,0.0612154986745613,0.0606741028828833,0.0604286176890358,0.0606752568194937,0.103407988549889,0.0746786244024545,0.0746786244024547,0.0920212848522675,0.0601161548394275,0.0930367521892897,0.0779579116710535,0.102239398224164,0.0738389348589249,0.077723773909442,0.0847416295493792,0.151981557919775,0.0985071192740397,0.0876411062996556,0.0601161548394275,0.0777237739094425,0.0979120276128898,0.0601161548394275,0.0880001763957453,0.100056122273318,0.0921801378031737,0.0633835671265018,0.0721869276664182,0.0631190510134245,0.0772314224493012,0.065357133018779,0.0790721844940357,0.0601161548394275,0.0633835671265018,0.0721691604525316,0.0622245310183476,0.0756638754936738,0.255266773357785,0.254698409848316,0.104198165850106,0.104198165850106,1,0.157900864296737,0.129159497288678,0.13500872272119,0.128523211478293,0.126734083060987,0.121620363539251,0.119466054135622,0.118307317091174,0.129721384639009,0.14909009742891,0.239318793719551,0.119466054135622,0.118307317091174,0.100756270748649,0.103626577131176,0.0771420996598244,0.0844885836887396,0.096125713013984,0.0779779034338626,0.0873934225762185,0.159469575043698,0.0817102935179984,0.0957061115192662,0.0601161548394275,0.0662292426252304,0.096412760963659,0.0961638770241968,0.0601161548394275,0.0601161548394274,0.101557067936519,0.0994357241019935,0.0961638770241968,0.0873724615281993,0.0601161548394274,0.0864270661637122,0.0769178900102803,0.0790762707860002,0.104313413578487,0.0705072587434331,0.0601161548394275,0.0879051236132817,0.0630533390370205,0.0879051236132817,0.074025616264701,0.0643487766652588,0.0898239198700647,0.0763650290105339,0.0683660805568354,0.0694655687154563,0.0746388114963058,0.0678742000117254,0.067102787375396,0.0701730076908534,0.0601161548394275,0.0601161548394275,0.0601161548394275,0.0601161548394275,0.0601161548394275,0.0601161548394275,0.0601161548394275,0.0601161548394275,0.0601161548394275,0.0601161548394275,0.0601161548394275,0.0601161548394275,0.0601161548394275,0.0601161548394275,0.0601161548394275,0.0601161548394275,0.060116154839428,0.0601161548394279,0.060116154839428,0.0601161548394281,0.0601161548394281,0.060116154839428,0.060116154839428,0.0601161548394278,0.0601161548394276,0.0601161548394277,0.0601161548394277,0.0601161548394277,0.0601161548394277,0.0601161548394277,0.0601161548394277,0.0601161548394277,0.0601161548394277,0.0601161548394277,0.0601161548394277,0.0601161548394276,0.0601161548394277,0.0601161548394277,0.0601161548394279,0.0601161548394275,0.0601161548394275,0.0601161548394275,0.0601161548394275,0.0622245310183479,0.0601161548394275,0.0601161548394275,0.0601161548394275,0.0601161548394275,0.0601161548394275,0.0601161548394275
"93",0.063034702567581,0.0601161548394275,0.0645370105560666,0.0657871701067045,0.0661512818209342,0.0660101592832084,0.0601161548394275,0.062092512332081,0.0601161548394275,0.0601161548394275,0.0621577631552128,0.0601161548394275,0.0635916304388899,0.064433609665645,0.0655196750254358,0.0641219846863387,0.0627475890103378,0.0616881105569788,0.062293319629432,0.064663981898347,0.0660732876569176,0.0679603239158128,0.0639700450415621,0.0655329479956167,0.0626205261089962,0.063017872426975,0.0601161548394275,0.0664176520597783,0.10888005206693,0.075570248110258,0.0632280076562663,0.0744120806576713,0.0665368675346666,0.063455217774679,0.0616543525214424,0.0608776214830932,0.0618041980931679,0.0616444260338258,0.0612608782587599,0.0635353464026528,0.0633691487482861,0.0601161548394275,0.0624920566863981,0.0612962954643193,0.0621891762331866,0.0622620253965814,0.0616052113602323,0.06166269248206,0.0638954497144907,0.063457706705801,0.0665409397431182,0.0646285453493959,0.0624063204599414,0.0613986966177413,0.0624110569331385,0.08659835569886,0.0690242146494295,0.0690242146494296,0.0726935056454001,0.0601161548394275,0.0730938139633601,0.0671495702988193,0.098985887637248,0.0696841190060525,0.0717969299803112,0.0779994431999648,0.164983087804569,0.0838976562650652,0.0793325596483316,0.0601161548394275,0.0717969299803116,0.0956433963116456,0.0601161548394275,0.0815907047811247,0.0972939195824161,0.0857126834621798,0.0622137459385104,0.067728209905901,0.0620439336847734,0.0709161939981221,0.0634807223361545,0.0726538429408481,0.0601161548394275,0.0622137459385104,0.0678538613392363,0.0614696758272488,0.0697865916282894,0.168778296286864,0.167139914635339,0.104198165850106,0.104198165850106,0.157900864296737,1,0.201147455933589,0.255194705803239,0.26027594595135,0.182039671114857,0.180432435015683,0.197083903316022,0.190034457912052,0.259474583608557,0.247986006728449,0.223011309106409,0.197083903316022,0.190034457912052,0.0733349191112544,0.0954756269647366,0.067015315994156,0.0744085348621611,0.0726044852472615,0.0693033406883139,0.0776080505441431,0.0896654841377821,0.0694474228002351,0.0746473411916545,0.0601161548394275,0.062639351392169,0.071061632237775,0.0708373359633718,0.0601161548394275,0.0601161548394274,0.0728604891298739,0.072470460331747,0.0708373359633719,0.0682226254586324,0.0601161548394274,0.0808816553137268,0.0721860517500014,0.0729983026158115,0.097307522732198,0.0652853903078063,0.0601161548394275,0.0805087995129062,0.0614208080035718,0.0805087995129062,0.0681110012612314,0.0619962219670601,0.0837049594817187,0.0679585985824043,0.0636142719687275,0.0642690242462051,0.0661104278643272,0.0634178977280077,0.0630341869525923,0.0647413076452723,0.0601161548394275,0.0601161548394275,0.0601161548394275,0.0601161548394275,0.0601161548394275,0.0601161548394275,0.0601161548394275,0.0601161548394276,0.0601161548394275,0.0601161548394275,0.0601161548394275,0.0601161548394275,0.0601161548394275,0.0601161548394275,0.0601161548394275,0.0601161548394275,0.0601161548394277,0.0601161548394277,0.0601161548394278,0.0601161548394278,0.0601161548394278,0.0601161548394277,0.0601161548394278,0.0601161548394276,0.0601161548394274,0.0601161548394274,0.0601161548394274,0.0601161548394274,0.0601161548394274,0.0601161548394274,0.0601161548394275,0.0601161548394274,0.0601161548394274,0.0601161548394273,0.0601161548394274,0.0601161548394275,0.0601161548394274,0.0601161548394276,0.0601161548394276,0.0601161548394275,0.0601161548394275,0.0601161548394275,0.0601161548394275,0.061469675827249,0.0601161548394275,0.0601161548394275,0.0601161548394275,0.0601161548394275,0.0601161548394275,0.0601161548394275
"94",0.0688677856438786,0.0601161548394275,0.0733726442565962,0.115359028145286,0.0782132387728601,0.11602768911229,0.0601161548394275,0.10428013418704,0.0983537787786748,0.0601161548394275,0.0662381730112385,0.0601161548394275,0.0705378036008877,0.111300207678727,0.114556910650107,0.110365761158623,0.106244463631239,0.103067484827835,0.0666446560726849,0.0737533837249522,0.0779793635061347,0.083637878010851,0.0716725271696179,0.0763590873739032,0.0676258256723277,0.0688173183599111,0.0601161548394275,0.079011983287187,0.206340806574436,0.106457188573153,0.0694474351567104,0.141221902387616,0.0793694658160248,0.070128753146545,0.102966257131317,0.100637131855612,0.065177963901577,0.0646988673760208,0.101786375286372,0.0703690288707111,0.0698706643939027,0.0601161548394275,0.0672405940225634,0.101892578211955,0.104569992998133,0.0665508163970237,0.0645812772670446,0.064753641608258,0.0714488437410544,0.0701362165181627,0.0793816768429644,0.111884746735036,0.0669835032121988,0.102199640892498,0.0669977061201505,0.0701083264169778,0.101714936807688,0.0634773128684407,0.065220206917783,0.0601161548394275,0.0653826572249889,0.0629704060523617,0.0741056328185702,0.101903317687059,0.0644765065510137,0.104955813956235,0.0971703787890522,0.0690739566130473,0.0672439495791872,0.0983537787786748,0.064476506551014,0.111117994723534,0.0983537787786748,0.0679907003356109,0.073485634230007,0.0694651594768118,0.0991401280336565,0.0629765227722433,0.0608388445283136,0.0641741234418967,0.0996150947451395,0.10303580143898,0.0601161548394275,0.0991401280336565,0.0630168821280103,0.0606235655644444,0.0637567228194576,0.132613239407958,0.131866508553603,0.142435789789353,0.142435789789353,0.129159497288678,0.201147455933589,1,0.311807236880095,0.195974298879808,0.276331176209533,0.316470916604563,0.148847163514296,0.183696208324361,0.178837573394723,0.275111573530673,0.164280529539763,0.187084787453543,0.183696208324361,0.0659514852708282,0.0778876431007113,0.0633005339347093,0.0670743980519544,0.0657081335665022,0.0645161369174234,0.068716690888412,0.0728783969252433,0.0644706497879843,0.0668321454449986,0.0983537787786748,0.0612845339741009,0.0648602213262318,0.0647465918814378,0.0601161548394275,0.0601161548394275,0.0656671202772568,0.0655255298472183,0.0647465918814379,0.0636173084344641,0.0601161548394274,0.0705276293298385,0.0661177682158931,0.0664875675074563,0.0788603241863537,0.0625805249210149,0.0983537787786748,0.0702759993229071,0.0607276990804146,0.0702759993229071,0.0639992895424501,0.0609974191142328,0.0719491700180016,0.0638388884412603,0.0617434430908388,0.0620627744001507,0.0628918337782004,0.061653045391817,0.0614701187417439,0.0622959534075792,0.0601161548394275,0.0983537787786748,0.0983537787786748,0.0601161548394275,0.0601161548394272,0.0983537787786748,0.0601161548394275,0.0601161548394272,0.0983537787786748,0.0601161548394275,0.0601161548394275,0.0601161548394275,0.0983537787786748,0.0983537787786748,0.0983537787786748,0.0601161548394275,0.0983537787786741,0.0601161548394272,0.0601161548394269,0.0601161548394268,0.0601161548394268,0.0601161548394268,0.060116154839427,0.0601161548394273,0.0601161548394275,0.0601161548394275,0.0601161548394275,0.0601161548394275,0.0601161548394274,0.0601161548394274,0.0601161548394275,0.0983537787786747,0.0601161548394275,0.0601161548394274,0.0601161548394275,0.0601161548394275,0.0601161548394274,0.060116154839427,0.0601161548394269,0.0601161548394275,0.0601161548394275,0.0983537787786748,0.0601161548394275,0.0606235655644446,0.0983537787786748,0.0601161548394275,0.0601161548394275,0.0601161548394275,0.0601161548394275,0.0983537787786748
"95",0.0656683433174449,0.0601161548394275,0.068526304838389,0.109142208010755,0.0715972631203914,0.109566418286491,0.0601161548394275,0.102113562863514,0.0983537787786748,0.0601161548394275,0.0640000708220867,0.0601161548394275,0.0667278320763025,0.106567220933225,0.108633330566738,0.105974391628817,0.103359768005253,0.101344236785838,0.0642579508241916,0.068767852652341,0.0714488885385309,0.0750387496441664,0.0674477206621915,0.0704209568680121,0.0648804220718757,0.0656363259850388,0.0601161548394275,0.0721040006860422,0.152883645231316,0.0895157215378942,0.0660360831614057,0.12555007022355,0.0723307938885959,0.0664683232749971,0.101280016155098,0.0998023781229901,0.0633274555193527,0.0630235082587234,0.100531478364679,0.0666207584196085,0.0663045872318817,0.0601161548394275,0.0646360243390435,0.100598855368226,0.10229745439038,0.0641984172838,0.0629489070257905,0.0630582579948486,0.0673058119616822,0.0664730581691932,0.0723385407788144,0.10693806278955,0.064472921408058,0.100793661332398,0.0644819319826179,0.0735211614106685,0.102862943289734,0.0646253193504864,0.0667593408325443,0.0601161548394275,0.0669707782530175,0.0638311094260019,0.0792692250133966,0.103150191941132,0.0659925595510801,0.107293696493959,0.111258207483537,0.0721422461987646,0.0697484452233758,0.0983537787786748,0.0659925595510804,0.115842639412215,0.0983537787786748,0.0708102222262433,0.0784269791825157,0.072834327870204,0.0994116151051375,0.0639601976288302,0.0610883531353128,0.0655698465500026,0.100050564068444,0.104662664995783,0.0601161548394275,0.0994116151051375,0.0640183581919247,0.0607987491115774,0.0650048599871207,0.14001263082115,0.139084074456149,0.142435789789353,0.142435789789353,0.13500872272119,0.255194705803239,0.311807236880095,1,0.233482721834166,0.212187749770626,0.300378987871782,0.18733957675785,0.219267288615943,0.24318506314287,0.267034722735033,0.176113665600571,0.225577200697098,0.219267288615942,0.0674616914400611,0.0814341961418754,0.064057088254267,0.0685592473894454,0.0671168505776617,0.0654872060510187,0.0705146438330498,0.0763186638650364,0.0654830608482952,0.0684235729762712,0.0983537787786748,0.0615603646639915,0.0661307216563436,0.0659948004144921,0.0601161548394275,0.0601161548394274,0.0671402141021676,0.0669470883136089,0.0659948004144921,0.0645611005113693,0.0601161548394274,0.0726161459617674,0.067343124266165,0.0678031580589568,0.0825787609985077,0.0631294836618705,0.0983537787786748,0.0723417688401393,0.060868629263987,0.0723417688401393,0.0648319700172708,0.0612005061972276,0.0743202794371951,0.0646753965933552,0.0621241470401221,0.0625113722834315,0.063547115453365,0.0620121602266548,0.061788483899786,0.0627928765104259,0.0601161548394275,0.0983537787786748,0.0983537787786748,0.0601161548394275,0.0601161548394269,0.0983537787786748,0.0601161548394275,0.0601161548394269,0.0983537787786748,0.0601161548394275,0.0601161548394275,0.0601161548394275,0.0983537787786748,0.0983537787786748,0.0983537787786748,0.0601161548394275,0.0983537787786743,0.0601161548394273,0.0601161548394271,0.060116154839427,0.0601161548394271,0.060116154839427,0.0601161548394272,0.0601161548394273,0.0601161548394274,0.0601161548394274,0.0601161548394273,0.0601161548394274,0.0601161548394273,0.0601161548394274,0.0601161548394275,0.0983537787786746,0.0601161548394274,0.0601161548394273,0.0601161548394274,0.0601161548394274,0.0601161548394273,0.060116154839427,0.0601161548394269,0.0601161548394275,0.0601161548394275,0.0983537787786748,0.0601161548394275,0.0607987491115775,0.0983537787786748,0.0601161548394275,0.0601161548394275,0.0601161548394275,0.0601161548394275,0.0983537787786748
"96",0.061766238386452,0.0601161548394275,0.0626156107199767,0.101560047738128,0.0635282846601346,0.1016861209792,0.0601161548394275,0.0994711684140087,0.0983537787786748,0.0601161548394275,0.0612704358740833,0.0601161548394275,0.0620811133184127,0.100794774039791,0.10140881182437,0.100618588039392,0.0998415345513872,0.099242528426714,0.0613470765627534,0.062687397561363,0.0634841884524327,0.0645510778006539,0.0622950607223903,0.0631786921344124,0.0615320720052471,0.061756722990202,0.0601161548394275,0.0636788846123959,0.0876862040552472,0.0688535637892263,0.0618755288884775,0.106436384985391,0.0637462864546777,0.0620039885585023,0.0992234423660404,0.0987842954936148,0.0610705378610904,0.0609802062061198,0.0990009805571185,0.0620492915458032,0.0619553269988542,0.0601161548394275,0.0614594381817599,0.0990210046765156,0.0995258200858887,0.0613293834826485,0.0609580350807089,0.0609905336595319,0.0622528861433355,0.0620053957461437,0.0637485887929606,0.100904986444879,0.0614109647799733,0.0990789000663454,0.0614136426791278,0.0719601414158569,0.102337848734632,0.0641002247953849,0.0657646998927005,0.0601161548394275,0.0659444801663114,0.063274893489056,0.077456182770487,0.102629027697517,0.0653372334970217,0.106342448066997,0.106852999320465,0.0707512690599376,0.0687025375908017,0.0983537787786748,0.0653372334970219,0.114201245674729,0.0983537787786748,0.0697056012392877,0.0767006637805354,0.0715438490784582,0.0992915787903126,0.0635198255704592,0.0609780344614331,0.0649452853040535,0.0998580240240739,0.10395799781542,0.0601161548394275,0.0992915787903126,0.0635755617985554,0.0607212927991973,0.0644406541034244,0.133345583399394,0.132604432534202,0.142435789789353,0.142435789789353,0.128523211478293,0.26027594595135,0.195974298879808,0.233482721834166,1,0.14481556713283,0.186629895390533,0.202821801311324,0.233574509345371,0.269066586325883,0.176125881433929,0.158332734995198,0.241059425250572,0.233574509345371,0.0660835236388579,0.0762197694949886,0.0632397198430256,0.0666105750409752,0.0657589485844613,0.0642860333637482,0.0680699528111686,0.0734372325673479,0.064343951369103,0.0666956717975285,0.0983537787786748,0.0612587673768678,0.0650515594360756,0.0649493503967671,0.0601161548394275,0.0601161548394273,0.0658644568344377,0.0656903831266933,0.0649493503967671,0.0637706176574225,0.0601161548394274,0.0695716555470651,0.0656088740060761,0.06597628369794,0.0770574570508867,0.0624616278726926,0.0983537787786748,0.0693976519646083,0.0607074427183559,0.0693976519646083,0.063748394235896,0.0609682287351514,0.0708576283819454,0.063673512502509,0.0617007412943206,0.0619982959405923,0.0628306209414237,0.0616118494483321,0.0614377458812748,0.0622131124198592,0.0601161548394275,0.0983537787786748,0.0983537787786748,0.0601161548394275,0.060116154839427,0.0983537787786748,0.0601161548394275,0.060116154839427,0.0983537787786748,0.0601161548394275,0.0601161548394275,0.0601161548394275,0.0983537787786748,0.0983537787786748,0.0983537787786748,0.0601161548394275,0.0983537787786747,0.0601161548394276,0.0601161548394275,0.0601161548394275,0.0601161548394275,0.0601161548394274,0.0601161548394276,0.0601161548394276,0.0601161548394275,0.0601161548394275,0.0601161548394275,0.0601161548394275,0.0601161548394274,0.0601161548394275,0.0601161548394275,0.0983537787786748,0.0601161548394275,0.0601161548394274,0.0601161548394275,0.0601161548394275,0.0601161548394275,0.0601161548394275,0.0601161548394274,0.0601161548394275,0.0601161548394275,0.0983537787786748,0.0601161548394275,0.0607212927991975,0.0983537787786748,0.0601161548394275,0.0601161548394275,0.0601161548394275,0.0601161548394275,0.0983537787786748
"97",0.0644962725931921,0.0601161548394275,0.0667509165136979,0.0686271394001577,0.0691735934356586,0.0689617986011984,0.0601161548394275,0.0630822459736762,0.0601161548394275,0.0601161548394275,0.0631801735443276,0.0601161548394275,0.0653321025620341,0.0665957338276236,0.0682256863270398,0.066128051188341,0.0640653763713161,0.0624753251487429,0.0633836149044386,0.0669414734215667,0.0690565408278831,0.0718885798381941,0.0659000221829675,0.0682456062247939,0.0638746820528225,0.0644710141412043,0.0601161548394275,0.0695733583601741,0.133300365578398,0.0833094532223614,0.0647863823086098,0.0815712908575754,0.0697522753650399,0.0651273762433307,0.062424661536372,0.0612589538872713,0.0626495477846612,0.062409763995303,0.061834140577266,0.0652476322263278,0.0649982049891089,0.0601161548394275,0.0636818768458677,0.0618872942500206,0.063227317875465,0.0633366489344895,0.0623509111328481,0.0624371780387464,0.0657880705046388,0.0651311115981755,0.06975838688152,0.066888290718507,0.0635532050533793,0.0620409765440545,0.0635603134895854,0.0688061348572072,0.0630392827983535,0.0630392827983536,0.0646181709290802,0.0601161548394275,0.0647614598073248,0.0626337398262721,0.0721633116669306,0.0631924375167797,0.0638999822620283,0.0658321547794501,0.0918986495342619,0.0679038613723016,0.0662934043846671,0.0601161548394275,0.0638999822620285,0.0711040532879505,0.0601161548394275,0.0669242929329136,0.0716273545534089,0.0681923612254731,0.0607991266794347,0.0626016802595018,0.0607438361190192,0.0636422784740099,0.0612116518860507,0.0641794409067702,0.0601161548394275,0.0607991266794347,0.0626355379775065,0.0605568588069188,0.0632808270122272,0.12962315213724,0.12895109475593,0.104198165850106,0.104198165850106,0.126734083060987,0.182039671114857,0.276331176209533,0.212187749770626,0.14481556713283,1,0.195771769955217,0.135841420392651,0.133439895665742,0.157095966369676,0.273386327629005,0.159137037685147,0.135841420392651,0.133439895665742,0.0653403265771058,0.0763518994480185,0.0629879161275081,0.0664433363302213,0.0651343697833425,0.0641071530300811,0.0679482352819608,0.0714992826350142,0.0640500060297274,0.0661741130294818,0.0601161548394275,0.0611703746008815,0.0643501462152019,0.0642462172723604,0.0601161548394275,0.0601161548394278,0.0650744632553028,0.0649523068351222,0.0642462172723604,0.063238966531628,0.0601161548394278,0.0696245828841067,0.0655905823281892,0.0659233427211669,0.0772473986774243,0.0623498889726756,0.0601161548394275,0.0693862037575248,0.0606690112943887,0.0693862037575248,0.0636458678732817,0.0609128472292804,0.0709236183552014,0.0634882462166445,0.0615855165919229,0.0618759640525149,0.0626206292021298,0.061504028124134,0.0613382216381832,0.0620884388045051,0.0601161548394275,0.0601161548394275,0.0601161548394275,0.0601161548394275,0.0601161548394275,0.0601161548394275,0.0601161548394275,0.0601161548394275,0.0601161548394275,0.0601161548394275,0.0601161548394275,0.0601161548394275,0.0601161548394275,0.0601161548394275,0.0601161548394275,0.0601161548394275,0.060116154839427,0.0601161548394272,0.060116154839427,0.0601161548394269,0.0601161548394269,0.0601161548394269,0.060116154839427,0.0601161548394272,0.0601161548394273,0.0601161548394273,0.0601161548394273,0.0601161548394274,0.0601161548394272,0.0601161548394273,0.0601161548394274,0.0601161548394273,0.0601161548394273,0.0601161548394273,0.0601161548394273,0.0601161548394274,0.0601161548394273,0.0601161548394272,0.0601161548394271,0.0601161548394275,0.0601161548394275,0.0601161548394275,0.0601161548394275,0.060556858806919,0.0601161548394275,0.0601161548394275,0.0601161548394275,0.0601161548394275,0.0601161548394275,0.0601161548394275
"98",0.0693383066258231,0.0601161548394275,0.0740853635836648,0.116273295075527,0.0791862068850842,0.116977905801132,0.0601161548394275,0.104598757610309,0.0983537787786748,0.0601161548394275,0.0665673160093889,0.0601161548394275,0.0710981111045164,0.111996256972263,0.115428052690839,0.111011571050608,0.106668696881933,0.103320911606044,0.0669956531473485,0.0744865730549858,0.0789397575938586,0.0849024953754241,0.0722938417312138,0.077232369249767,0.068029574159133,0.0692851260285841,0.0601161548394275,0.0800278949446315,0.214202400402622,0.108948658926955,0.0699491203026894,0.143526655874741,0.0804045970948468,0.0706670685408465,0.103214241523275,0.100759893607781,0.0654501060226919,0.0649452514444153,0.101970924739555,0.070920262402466,0.0703951039545414,0.0601161548394275,0.0676236309896333,0.10208283753864,0.104904200334328,0.0668967682935571,0.0648213392436165,0.0650029705478558,0.072058132230161,0.070674933171729,0.0804174646330715,0.112612223073074,0.0673527179987808,0.102406409077611,0.0673676845091223,0.0673833244846029,0.100798303015624,0.0625606790763773,0.0637724352375054,0.0601161548394275,0.0638888062824676,0.0621607936089449,0.0703959173668999,0.100944750915863,0.0632946994285863,0.10317803148808,0.0874567407374629,0.0666334326416354,0.0653192412634947,0.0983537787786748,0.0632946994285865,0.107736830767397,0.0983537787786748,0.0658787422730596,0.0699421334634977,0.0669636867382882,0.0989264752310753,0.062198297126652,0.0606424881682752,0.0630701178747448,0.0992723924541813,0.101766528260779,0.0601161548394275,0.0989264752310753,0.0622287482157537,0.060485700967037,0.062765174756312,0.124233545253768,0.123710480207598,0.142435789789353,0.142435789789353,0.121620363539251,0.180432435015683,0.316470916604563,0.300378987871782,0.186629895390533,0.195771769955217,1,0.143026366193001,0.17831717304365,0.169106988471713,0.210329915188907,0.145519525642756,0.181263990132249,0.17831717304365,0.0642280752387328,0.0723511221780095,0.0623415791990533,0.0649329449358177,0.0640460650590221,0.0631707965027444,0.0660595955857869,0.0691467463173747,0.063153267483248,0.0648085268658379,0.0983537787786748,0.0609322040520375,0.0634707868258719,0.0633926626042523,0.0601161548394275,0.0601161548394276,0.0640376707849462,0.0639338258023086,0.0633926626042524,0.0625935790730159,0.0601161548394275,0.0672869855635947,0.0642555889505652,0.0645146754685256,0.073014696330272,0.0618284061177928,0.0983537787786748,0.0671212596278136,0.0605423437049835,0.0671212596278136,0.0628053300283796,0.0607303132213755,0.0682653604886352,0.0627047000035375,0.0612517793432762,0.0614727657379529,0.0620548154549963,0.0611885736449504,0.0610614753488423,0.0616337900225121,0.0601161548394275,0.0983537787786748,0.0983537787786748,0.0601161548394275,0.060116154839427,0.0983537787786748,0.0601161548394275,0.060116154839427,0.0983537787786748,0.0601161548394275,0.0601161548394275,0.0601161548394275,0.0983537787786748,0.0983537787786748,0.0983537787786748,0.0601161548394275,0.0983537787786743,0.0601161548394272,0.060116154839427,0.0601161548394269,0.060116154839427,0.060116154839427,0.0601161548394271,0.0601161548394274,0.0601161548394275,0.0601161548394275,0.0601161548394275,0.0601161548394276,0.0601161548394275,0.0601161548394275,0.0601161548394276,0.0983537787786748,0.0601161548394275,0.0601161548394275,0.0601161548394276,0.0601161548394276,0.0601161548394275,0.0601161548394272,0.0601161548394271,0.0601161548394275,0.0601161548394275,0.0983537787786748,0.0601161548394275,0.0604857009670371,0.0983537787786748,0.0601161548394275,0.0601161548394275,0.0601161548394275,0.0601161548394275,0.0983537787786748
"99",0.0615283739699293,0.0601161548394275,0.0622553067731111,0.0628602306592479,0.0630364160693801,0.0629681300702857,0.0601161548394275,0.0610724694588226,0.0601161548394275,0.0601161548394275,0.0611040428539802,0.0601161548394275,0.0617978587505226,0.0622052734246221,0.0627307958491061,0.0620544851565138,0.0613894462236894,0.0608767886009426,0.0611696355610343,0.062316745329302,0.0629986764602483,0.0639117705580612,0.0619809650043623,0.062737218338698,0.0613279633641425,0.0615202302461506,0.0601161548394275,0.0631653065937529,0.0837119000377019,0.0675940404847773,0.0616219099233181,0.0670336294909501,0.0632229922614109,0.0617318517525266,0.0608604538522823,0.0604846112984567,0.0609329607299223,0.0608556506497936,0.0606700605701166,0.0617706241804142,0.0616902049004148,0.0601161548394275,0.0612657999208212,0.0606871981535649,0.0611192429307972,0.0611544929906792,0.0608366755575887,0.0608644893702959,0.0619448700154325,0.0617330560899135,0.0632249627108309,0.0622995983860244,0.0612243141030592,0.0607367477519672,0.0612266059751424,0.0673765061017755,0.0625583855146617,0.0625583855146617,0.0636059142127454,0.0601161548394275,0.0637169852742407,0.0620676729217725,0.0706942036913732,0.0627322768057998,0.0633131029135905,0.0650021461708723,0.0885749662610825,0.0666343032918085,0.0653702710715619,0.0601161548394275,0.0633131029135906,0.0697819917023747,0.0601161548394275,0.065977155774579,0.0702324687838222,0.067097863769932,0.0606906376174594,0.0622017067085848,0.0606441298804106,0.0630751113348707,0.0610376338079648,0.0635478418181508,0.0601161548394275,0.0606906376174594,0.0622353377095072,0.0604868536365128,0.062766442248205,0.122372783560664,0.121908701094102,0.104198165850106,0.104198165850106,0.119466054135622,0.197083903316022,0.148847163514296,0.18733957675785,0.202821801311324,0.135841420392651,0.143026366193001,1,0.255153048816972,0.316165546115757,0.157145535219099,0.138540407918222,0.312439128297426,0.315752231480895,0.0638384931824894,0.0703239218393314,0.0620750171858701,0.0642160654793326,0.0636419773748382,0.0627431491823349,0.0651436885125506,0.0684043899209227,0.0627710730276616,0.0642430000954636,0.0601161548394275,0.0608329973328413,0.0631881738630385,0.0631233185083326,0.0601161548394275,0.0601161548394273,0.0636962078912592,0.0635899240100423,0.0631233185083327,0.0623899233400523,0.0601161548394273,0.0661079366516562,0.0635930625018014,0.0638230912081579,0.0708587905639091,0.0615929403835023,0.0601161548394275,0.0659928506782941,0.0604876681130386,0.065992850678294,0.0624084941213854,0.060651523098511,0.0669232807631638,0.0623547806907039,0.0611108389807989,0.0612987266911617,0.0618191333952216,0.061055110839107,0.060945489821282,0.0614345824470294,0.0601161548394275,0.0601161548394275,0.0601161548394275,0.0601161548394275,0.0601161548394272,0.0601161548394275,0.0601161548394275,0.0601161548394272,0.0601161548394275,0.0601161548394275,0.0601161548394275,0.0601161548394275,0.0601161548394275,0.0601161548394275,0.0601161548394275,0.0601161548394275,0.0601161548394276,0.0601161548394277,0.0601161548394277,0.0601161548394277,0.0601161548394277,0.0601161548394277,0.0601161548394277,0.0601161548394276,0.0601161548394275,0.0601161548394275,0.0601161548394275,0.0601161548394275,0.0601161548394275,0.0601161548394275,0.0601161548394275,0.0601161548394275,0.0601161548394275,0.0601161548394275,0.0601161548394275,0.0601161548394275,0.0601161548394275,0.0601161548394276,0.0601161548394277,0.0601161548394275,0.0601161548394275,0.0601161548394275,0.0601161548394275,0.060486853636513,0.0601161548394275,0.0601161548394275,0.0601161548394275,0.0601161548394275,0.0601161548394275,0.0601161548394275
"100",0.0614211953876139,0.0601161548394275,0.0620929585463681,0.100889596439558,0.062814786541882,0.100989306961451,0.0601161548394275,0.0992375151112159,0.0983537787786748,0.0601161548394275,0.0610290683442889,0.0601161548394275,0.06167022796209,0.100284346354742,0.100769984920401,0.100145001971266,0.0995304353259683,0.0990566852042123,0.0610896829759151,0.0621497343011498,0.0627799111325876,0.0636237071102927,0.061839437598701,0.0625382960440321,0.0612359946909307,0.0614136697214373,0.0601161548394275,0.0629338950831493,0.0819211308402,0.0670265158245639,0.0615076325482849,0.104746260452593,0.06298720277012,0.0616092304816084,0.0990415901606134,0.0986942717014009,0.0608709702813586,0.060799527551847,0.0988656465354621,0.0616450603251872,0.0615707443645913,0.0601161548394275,0.0611785490634094,0.0988814834837196,0.0992807387697742,0.0610756896317589,0.0607819925502329,0.0608076954688512,0.0618060819932415,0.0616103434173347,0.0629890236747768,0.100371512642663,0.0611402117592443,0.0989272725781064,0.0611423296925983,0.0668254909380501,0.100610659449929,0.0623730355106821,0.0633410633449337,0.0601161548394275,0.0634437048088897,0.0619195649285362,0.0698913960709927,0.100771353481762,0.0630704745884788,0.102868953986192,0.0864151208116945,0.0661396166703359,0.0649715165745315,0.0983537787786748,0.063070474588479,0.107286039194818,0.0983537787786748,0.0655323425316406,0.069464703949457,0.0665679958130776,0.098884661913858,0.0620434263908541,0.0606040598833626,0.0628505450792066,0.0992053232679602,0.101525022220425,0.0601161548394275,0.098884661913858,0.0620745050095557,0.060458719920803,0.0625653020419399,0.120993443967913,0.120564582452384,0.142435789789353,0.142435789789353,0.118307317091174,0.190034457912052,0.183696208324361,0.219267288615943,0.233574509345371,0.133439895665742,0.17831717304365,0.255153048816972,1,0.300078550249965,0.153127161679378,0.135934046951363,0.353989855420142,0.264728730267164,0.0635559910283333,0.0695492162911447,0.0619263518090118,0.0639049079539078,0.0633743895390138,0.0625437767738028,0.0647621302118664,0.0677753648165714,0.0625695813742544,0.0639297984014605,0.0983537787786748,0.0607785934796942,0.0629550268699941,0.0628950936302934,0.0601161548394275,0.0601161548394274,0.0634245042990747,0.0633262866984129,0.0628950936302934,0.0622173585594551,0.0601161548394274,0.0656531979596876,0.0633291869983149,0.0635417579673368,0.0700434918312889,0.0614808616150031,0.0983537787786748,0.0655468462905159,0.0604594725836645,0.0655468462905159,0.0622345199348592,0.0606108920025389,0.0664066625624963,0.0621848830169705,0.0610353486876702,0.0612089768982173,0.0616898879945746,0.0609838499627116,0.060882548493198,0.0613345220535565,0.0601161548394275,0.0983537787786748,0.0983537787786748,0.0601161548394275,0.0601161548394272,0.0983537787786748,0.0601161548394275,0.0601161548394272,0.0983537787786748,0.0601161548394275,0.0601161548394275,0.0601161548394275,0.0983537787786748,0.0983537787786748,0.0983537787786748,0.0601161548394275,0.0983537787786749,0.0601161548394276,0.0601161548394277,0.0601161548394276,0.0601161548394277,0.0601161548394276,0.0601161548394277,0.0601161548394276,0.0601161548394275,0.0601161548394275,0.0601161548394275,0.0601161548394275,0.0601161548394275,0.0601161548394275,0.0601161548394275,0.0983537787786747,0.0601161548394275,0.0601161548394275,0.0601161548394275,0.0601161548394275,0.0601161548394275,0.0601161548394276,0.0601161548394276,0.0601161548394275,0.0601161548394275,0.0983537787786748,0.0601161548394275,0.0604587199208031,0.0983537787786748,0.0601161548394275,0.0601161548394275,0.0601161548394275,0.0601161548394275,0.0983537787786748
"101",0.0624769513799594,0.0601161548394275,0.0636921597069705,0.0647034066068546,0.0649979344869467,0.0648837812744977,0.0601161548394275,0.0617148190951127,0.0601161548394275,0.0601161548394275,0.0617676001122022,0.0601161548394275,0.0629274471451062,0.063608519318965,0.0644870313677665,0.0633564476581201,0.0622447068680257,0.061387700815553,0.0618772509677618,0.0637948660984779,0.0649348454544059,0.0664612582757157,0.0632335445497356,0.0644977677973212,0.0621419264149179,0.0624633375756224,0.0601161548394275,0.0652133998474392,0.0995609919983476,0.0726168823687039,0.0626333147589894,0.0716800473500241,0.0653098325622378,0.0628171037223658,0.0613603941339659,0.0607321008459824,0.0614816033586536,0.0613523646549893,0.0610421150566123,0.0628819193105758,0.0627474829799003,0.0601161548394275,0.062038008234821,0.0610707638313274,0.0617930099710482,0.0618519372420545,0.061320644130132,0.0613671402803397,0.0631732048169319,0.0628191170044943,0.0653131265483294,0.0637662016770038,0.0619686566923175,0.0611535955378001,0.0619724879983576,0.0722532317087287,0.0641988142544895,0.0641988142544896,0.0659499604280053,0.0601161548394275,0.0661356371208555,0.0633784935502397,0.0777994028537611,0.0644895070723968,0.0654604698899273,0.0682840313277212,0.107690544748744,0.0710124966214472,0.0688994230705894,0.0601161548394275,0.0654604698899275,0.0762744646473979,0.0601161548394275,0.0699139478539176,0.0770275239372067,0.0717874273311681,0.0610765135583264,0.0636025568654766,0.0609987669095516,0.0650626210833349,0.0616565845886855,0.0658528812245746,0.0601161548394275,0.0610765135583264,0.063658777567291,0.0607358493463474,0.0645466211961851,0.134580543265802,0.133804739951771,0.104198165850106,0.104198165850106,0.129721384639009,0.259474583608557,0.178837573394723,0.24318506314287,0.269066586325883,0.157095966369676,0.169106988471713,0.316165546115757,0.300078550249965,1,0.192709901555145,0.161607844360624,0.316165546115757,0.300078550249965,0.0663387610151895,0.077180405350864,0.0633907709035906,0.0669699459021056,0.0660102469561156,0.0645076823458762,0.0685206466400005,0.0739715376797352,0.0645543624368211,0.0670149723057352,0.0601161548394275,0.0613144952683356,0.0652516268966657,0.0651432086677114,0.0601161548394275,0.0601161548394273,0.0661009037194981,0.0659232297214112,0.0651432086677115,0.0639171972515485,0.0601161548394273,0.070132573303397,0.06592847631546,0.0663130136457228,0.0780745415421598,0.0625848865881046,0.0601161548394275,0.0699401849113203,0.0607372109008843,0.0699401849113203,0.0639482418928354,0.061011126098956,0.071495578177227,0.0638584495379565,0.0617789611484155,0.0620930516794476,0.0629630118152926,0.0616858008156634,0.0615025481503643,0.0623201607672203,0.0601161548394275,0.0601161548394275,0.0601161548394275,0.0601161548394275,0.060116154839427,0.0601161548394275,0.0601161548394275,0.060116154839427,0.0601161548394275,0.0601161548394275,0.0601161548394275,0.0601161548394275,0.0601161548394275,0.0601161548394275,0.0601161548394275,0.0601161548394275,0.0601161548394277,0.0601161548394277,0.0601161548394278,0.0601161548394277,0.0601161548394278,0.0601161548394277,0.0601161548394278,0.0601161548394276,0.0601161548394275,0.0601161548394274,0.0601161548394275,0.0601161548394275,0.0601161548394274,0.0601161548394275,0.0601161548394274,0.0601161548394274,0.0601161548394275,0.0601161548394274,0.0601161548394275,0.0601161548394275,0.0601161548394275,0.0601161548394276,0.0601161548394276,0.0601161548394275,0.0601161548394275,0.0601161548394275,0.0601161548394275,0.0607358493463476,0.0601161548394275,0.0601161548394275,0.0601161548394275,0.0601161548394275,0.0601161548394275,0.0601161548394275
"102",0.0647437261048182,0.0983537787786748,0.105363369434127,0.0691079650617823,0.0696852908632102,0.069461530739578,0.0983537787786748,0.0632498144520218,0.0601161548394275,0.0983537787786748,0.0633532744130345,0.0983537787786748,0.0656267760509621,0.0669617958069185,0.0686838320110289,0.0664676915694226,0.0642884865229587,0.0626086058070225,0.0635682091351507,0.105564691800521,0.107799249340766,0.110791283592657,0.104464404069237,0.0687048772777634,0.0640870189829648,0.102954664622988,0.0601161548394275,0.108345264333131,0.137434886831249,0.0846197520439199,0.103287849425668,0.0827833926887512,0.1085342892035,0.0654104837768812,0.0625550799682235,0.0613235159957281,0.0627926711014003,0.0625393407947923,0.0619311976948255,0.103775157526817,0.103511638968493,0.0601161548394275,0.102120945239711,0.0619873542692638,0.0634030821498032,0.101756213775281,0.0624771630565454,0.0625683035868533,0.104346127712556,0.103652054098787,0.108540745988372,0.0672708806164714,0.101985004170758,0.0621497188009615,0.101992514196054,0.0770412151897742,0.0658093919947933,0.0658093919947934,0.0689607850095237,0.0601161548394275,0.0692422893645336,0.0650621851705063,0.083435827439502,0.0660947862460496,0.0674757345211371,0.0712179475956922,0.12148248283499,0.075280633399321,0.0721211431512896,0.0601161548394275,0.0674757345211374,0.0813804028770304,0.0601161548394275,0.0733274907092363,0.0823958866024,0.0757800464360136,0.0614452599402533,0.103192210280525,0.0613376611176212,0.105217810672835,0.0622480593006583,0.0680196703328415,0.0601161548394275,0.0614452599402533,0.0650190289897273,0.060973791797257,0.104515705081079,0.154578578300999,0.153242290982215,0.104198165850106,0.104198165850106,0.14909009742891,0.247986006728449,0.275111573530673,0.267034722735033,0.176125881433929,0.273386327629005,0.210329915188907,0.157145535219099,0.153127161679378,0.192709901555145,1,0.214445580139886,0.157145535219099,0.153127161679378,0.0704714056822567,0.0926803747768119,0.0658330263908694,0.0727724335787377,0.0700771367216457,0.0680878770358756,0.075796032701317,0.0826297246834799,0.0679553266257419,0.0721773560878858,0.0601161548394275,0.0622154435257775,0.0684931877014377,0.0682845994632486,0.0601161548394275,0.0601161548394275,0.069931177411562,0.0696944452592451,0.0682845994632487,0.0662924572059383,0.0601161548394275,0.0791834924165104,0.0710864447278731,0.0717480212406477,0.094484392736337,0.0645760545528977,0.0601161548394275,0.0786956041477399,0.0612183085719345,0.0786956041477399,0.0671752055795165,0.061704410675562,0.081789372526531,0.0668463174270455,0.0630433719495286,0.0636244439718068,0.0651033642307818,0.0628811916629104,0.0625501409435075,0.0640499701073837,0.0601161548394275,0.0601161548394275,0.0601161548394275,0.0601161548394275,0.0601161548394277,0.0601161548394275,0.0983537787786748,0.0601161548394276,0.0601161548394275,0.0983537787786748,0.0601161548394275,0.0601161548394275,0.0601161548394275,0.0601161548394275,0.0601161548394275,0.0601161548394275,0.060116154839427,0.0601161548394273,0.0601161548394272,0.060116154839427,0.0601161548394271,0.060116154839427,0.0601161548394272,0.0601161548394273,0.0601161548394274,0.0601161548394273,0.0601161548394273,0.0601161548394274,0.0601161548394273,0.0601161548394274,0.0983537787786747,0.0601161548394274,0.0601161548394274,0.0601161548394273,0.0601161548394274,0.0601161548394274,0.0601161548394274,0.060116154839427,0.060116154839427,0.0601161548394275,0.0601161548394275,0.0601161548394275,0.0983537787786748,0.0609737917972572,0.0601161548394275,0.0601161548394275,0.0601161548394275,0.0983537787786748,0.0601161548394275,0.0601161548394275
"103",0.0618163916706422,0.0601161548394275,0.0626915801588112,0.0634198763906614,0.0636319942673843,0.0635497815510934,0.0601161548394275,0.0612675068520199,0.0601161548394275,0.0601161548394275,0.0613055195429502,0.0601161548394275,0.0621408370343397,0.0626313426644644,0.0632640437534376,0.0624498015979154,0.061649130042519,0.0610319174915976,0.0613844896786632,0.0627655489175095,0.0635865577823126,0.06468587458233,0.0623612872393256,0.0632717760898127,0.0615751079449332,0.0618065870597197,0.0601161548394275,0.0637871716134504,0.0885241789056395,0.0691191320114741,0.0619290039908977,0.0684444269379176,0.0638566220936672,0.0620613681143363,0.0610122513217369,0.0605597568476498,0.061099545751629,0.0610064685210352,0.0607830279216553,0.0621080480583376,0.0620112275162268,0.0601161548394275,0.0615002664606294,0.060803660661963,0.0613238196281732,0.0613662588281674,0.0609836235177739,0.0610171098711024,0.0623178307896332,0.0620628180725885,0.0638589944101199,0.0627449049084649,0.0614503197393253,0.0608633157468973,0.0614530790315934,0.100322060915487,0.0736405827350527,0.0736405827350529,0.083299241929027,0.0601161548394275,0.0840371065828102,0.0730804336965448,0.11141082771812,0.0739511542442788,0.0773141527676701,0.0856060608198512,0.190656397395408,0.0960467050095706,0.0878895365862869,0.0601161548394275,0.0773141527676707,0.106745808924431,0.0601161548394275,0.0901170789228776,0.10905200474077,0.0954532394156369,0.0632425251746161,0.0715385307665525,0.0629894272315201,0.0763184014450187,0.0651308996183814,0.0785962455932053,0.0601161548394275,0.063242525174616,0.0716488773390463,0.0621335203146292,0.0747039748374591,0.24841395932277,0.244460435560779,0.104198165850106,0.104198165850106,0.239318793719551,0.223011309106409,0.164280529539763,0.176113665600571,0.158332734995198,0.159137037685147,0.145519525642756,0.138540407918222,0.135934046951363,0.161607844360624,0.214445580139886,1,0.138540407918222,0.135934046951363,0.0898533470162577,0.164323668323866,0.0772196504106088,0.0996704489964384,0.0891122480093428,0.0847114765497717,0.109490149330085,0.123373393413829,0.0837913643602496,0.0962422904721983,0.0601161548394275,0.0664143510917762,0.0837386242524405,0.0830673462288878,0.0601161548394275,0.0601161548394277,0.0879314300103228,0.0874028520013048,0.0830673462288879,0.0774699479078877,0.0601161548394277,0.121026983473509,0.0949497969351382,0.0969052148221647,0.170315284415439,0.0738258781298484,0.0601161548394275,0.119195514738391,0.06345732794519,0.119195514738391,0.082137547004095,0.064930943855016,0.129376739869539,0.0807325705690908,0.0689330344316241,0.0707515144545408,0.0750785674425839,0.0684489563042922,0.0674313195500121,0.0720956071555061,0.0601161548394275,0.0601161548394275,0.0601161548394275,0.0601161548394275,0.0601161548394278,0.0601161548394275,0.0601161548394275,0.0601161548394278,0.0601161548394275,0.0601161548394275,0.0601161548394275,0.0601161548394275,0.0601161548394275,0.0601161548394275,0.0601161548394275,0.0601161548394275,0.060116154839428,0.0601161548394279,0.060116154839428,0.0601161548394281,0.060116154839428,0.060116154839428,0.060116154839428,0.0601161548394277,0.0601161548394275,0.0601161548394275,0.0601161548394275,0.0601161548394275,0.0601161548394276,0.0601161548394275,0.0601161548394276,0.0601161548394275,0.0601161548394275,0.0601161548394275,0.0601161548394275,0.0601161548394275,0.0601161548394275,0.0601161548394277,0.0601161548394278,0.0601161548394275,0.0601161548394275,0.0601161548394275,0.0601161548394275,0.0621335203146296,0.0601161548394275,0.0601161548394275,0.0601161548394275,0.0601161548394275,0.0601161548394275,0.0601161548394275
"104",0.0615283739699293,0.0601161548394275,0.0622553067731111,0.101097854598495,0.0630364160693801,0.101205754009533,0.0601161548394275,0.0993100933980698,0.0983537787786748,0.0601161548394275,0.0611040428539802,0.0601161548394275,0.0617978587505225,0.100442897363869,0.100968419788353,0.100292109095761,0.0996270701629366,0.0991144125401898,0.0611696355610343,0.0623167453293021,0.0629986764602483,0.0639117705580612,0.0619809650043622,0.062737218338698,0.0613279633641425,0.0615202302461507,0.0601161548394275,0.063165306593753,0.0837119000377021,0.0675940404847774,0.0616219099233181,0.105271253430197,0.0632229922614109,0.0617318517525266,0.0990980777915295,0.0987222352377039,0.0609329607299223,0.0608556506497936,0.0989076845093639,0.0617706241804143,0.0616902049004149,0.0601161548394275,0.0612657999208212,0.0989248220928122,0.0993568668700445,0.0611544929906792,0.0608366755575888,0.0608644893702959,0.0619448700154326,0.0617330560899136,0.063224962710831,0.100537222325272,0.0612243141030593,0.0989743716912145,0.0612266059751425,0.0673765061017757,0.100796009453909,0.0625583855146618,0.0636059142127455,0.0601161548394275,0.0637169852742408,0.0620676729217725,0.0706942036913734,0.100969900745047,0.0633131029135906,0.10323977011012,0.0885749662610827,0.0666343032918087,0.065370271071562,0.0983537787786748,0.0633131029135907,0.108019615641622,0.0983537787786748,0.0659771557745792,0.0702324687838223,0.0670978637699322,0.0989282615567067,0.0622017067085848,0.0606441298804106,0.0630751113348708,0.0992752577472121,0.101785465757398,0.0601161548394275,0.0989282615567067,0.0622353377095073,0.0604868536365129,0.0627664422482051,0.122372783560664,0.121908701094102,0.142435789789353,0.142435789789353,0.119466054135622,0.197083903316022,0.187084787453543,0.225577200697098,0.241059425250572,0.135841420392651,0.181263990132249,0.312439128297426,0.353989855420142,0.316165546115757,0.157145535219099,0.138540407918222,1,0.293390672756219,0.0638384931824896,0.0703239218393314,0.0620750171858702,0.0642160654793328,0.0636419773748383,0.062743149182335,0.0651436885125507,0.0684043899209229,0.0627710730276617,0.0642430000954638,0.0983537787786748,0.0608329973328415,0.0631881738630386,0.0631233185083327,0.0601161548394275,0.0601161548394275,0.0636962078912593,0.0635899240100424,0.0631233185083327,0.0623899233400524,0.0601161548394275,0.0661079366516564,0.0635930625018016,0.063823091208158,0.0708587905639092,0.0615929403835023,0.0983537787786748,0.0659928506782943,0.0604876681130386,0.0659928506782943,0.0624084941213856,0.060651523098511,0.0669232807631639,0.062354780690704,0.061110838980799,0.0612987266911618,0.0618191333952218,0.0610551108391071,0.0609454898212821,0.0614345824470295,0.0601161548394275,0.0983537787786748,0.0983537787786748,0.0601161548394275,0.0601161548394271,0.0983537787786748,0.0601161548394275,0.0601161548394272,0.0983537787786748,0.0601161548394275,0.0601161548394275,0.0601161548394275,0.0983537787786748,0.0983537787786748,0.0983537787786748,0.0601161548394275,0.098353778778675,0.0601161548394277,0.0601161548394277,0.0601161548394278,0.0601161548394277,0.0601161548394278,0.0601161548394277,0.0601161548394276,0.0601161548394275,0.0601161548394275,0.0601161548394275,0.0601161548394275,0.0601161548394275,0.0601161548394275,0.0601161548394274,0.0983537787786747,0.0601161548394275,0.0601161548394275,0.0601161548394275,0.0601161548394275,0.0601161548394275,0.0601161548394276,0.0601161548394277,0.0601161548394275,0.0601161548394275,0.0983537787786748,0.0601161548394275,0.060486853636513,0.0983537787786748,0.0601161548394275,0.0601161548394275,0.0601161548394275,0.0601161548394275,0.0983537787786748
"105",0.061421195387614,0.0601161548394275,0.0620929585463682,0.100889596439558,0.0628147865418821,0.100989306961451,0.0601161548394275,0.0992375151112159,0.0983537787786748,0.0601161548394275,0.061029068344289,0.0601161548394275,0.0616702279620902,0.100284346354742,0.100769984920401,0.100145001971267,0.0995304353259684,0.0990566852042124,0.0610896829759152,0.0621497343011499,0.0627799111325876,0.0636237071102927,0.0618394375987011,0.0625382960440323,0.0612359946909307,0.0614136697214374,0.0601161548394275,0.0629338950831492,0.0819211308402,0.0670265158245639,0.0615076325482849,0.104746260452593,0.06298720277012,0.0616092304816083,0.0990415901606135,0.0986942717014009,0.0608709702813587,0.0607995275518471,0.0988656465354622,0.0616450603251872,0.0615707443645913,0.0601161548394275,0.0611785490634095,0.0988814834837196,0.0992807387697742,0.061075689631759,0.0607819925502329,0.0608076954688513,0.0618060819932415,0.0616103434173346,0.0629890236747768,0.100371512642663,0.0611402117592443,0.0989272725781064,0.0611423296925983,0.06682549093805,0.100610659449929,0.062373035510682,0.0633410633449336,0.0601161548394275,0.0634437048088896,0.0619195649285362,0.0698913960709925,0.100771353481762,0.0630704745884787,0.102868953986192,0.0864151208116942,0.0661396166703357,0.0649715165745313,0.0983537787786748,0.0630704745884788,0.107286039194818,0.0983537787786748,0.0655323425316404,0.0694647039494568,0.0665679958130775,0.098884661913858,0.062043426390854,0.0606040598833626,0.0628505450792065,0.0992053232679602,0.101525022220425,0.0601161548394275,0.098884661913858,0.0620745050095556,0.060458719920803,0.0625653020419398,0.120993443967913,0.120564582452384,0.142435789789353,0.142435789789353,0.118307317091174,0.190034457912052,0.183696208324361,0.219267288615942,0.233574509345371,0.133439895665742,0.17831717304365,0.315752231480895,0.264728730267164,0.300078550249965,0.153127161679378,0.135934046951363,0.293390672756219,1,0.0635559910283331,0.0695492162911445,0.0619263518090117,0.0639049079539076,0.0633743895390137,0.0625437767738028,0.0647621302118662,0.0677753648165712,0.0625695813742544,0.0639297984014604,0.0983537787786748,0.0607785934796943,0.062955026869994,0.0628950936302933,0.0601161548394275,0.0601161548394275,0.0634245042990746,0.0633262866984128,0.0628950936302934,0.062217358559455,0.0601161548394275,0.0656531979596874,0.0633291869983147,0.0635417579673367,0.0700434918312887,0.061480861615003,0.0983537787786748,0.0655468462905157,0.0604594725836645,0.0655468462905157,0.0622345199348591,0.0606108920025389,0.0664066625624961,0.0621848830169704,0.0610353486876701,0.0612089768982173,0.0616898879945745,0.0609838499627116,0.060882548493198,0.0613345220535564,0.0601161548394275,0.0983537787786748,0.0983537787786748,0.0601161548394275,0.0601161548394272,0.0983537787786748,0.0601161548394275,0.0601161548394273,0.0983537787786748,0.0601161548394275,0.0601161548394275,0.0601161548394275,0.0983537787786748,0.0983537787786748,0.0983537787786748,0.0601161548394275,0.098353778778675,0.0601161548394276,0.0601161548394277,0.0601161548394277,0.0601161548394277,0.0601161548394277,0.0601161548394277,0.0601161548394276,0.0601161548394274,0.0601161548394274,0.0601161548394274,0.0601161548394274,0.0601161548394274,0.0601161548394274,0.0601161548394274,0.0983537787786747,0.0601161548394274,0.0601161548394274,0.0601161548394274,0.0601161548394275,0.0601161548394274,0.0601161548394276,0.0601161548394277,0.0601161548394275,0.0601161548394275,0.0983537787786748,0.0601161548394275,0.0604587199208031,0.0983537787786748,0.0601161548394275,0.0601161548394275,0.0601161548394275,0.0601161548394275,0.0983537787786748
"106",0.0602830930582935,0.0601161548394275,0.0603690236796661,0.0604405316446271,0.0604613584964396,0.0604532864183775,0.0601161548394275,0.0602292006520704,0.0601161548394275,0.0601161548394275,0.0602329329385388,0.0601161548394275,0.0603149488151744,0.0603631092447883,0.0604252311744682,0.060345284585456,0.0602666704295333,0.0602060692462034,0.060240686642939,0.0603762863224949,0.0604568973027108,0.0605648340237576,0.0603365937789193,0.0604259903760327,0.060259402549612,0.0602821303898856,0.0601161548394275,0.0604765946266571,0.0629054044616316,0.0610001146184428,0.0602941499297957,0.060933868516034,0.0604834136410756,0.0603071461375022,0.0602041383179302,0.0601597100240808,0.060212709345434,0.0602035705320598,0.0601816319556227,0.0603117294205861,0.0603022230691456,0.0601161548394275,0.0602520542179799,0.0601836577868799,0.060234729737417,0.0602388966418906,0.0602013274891587,0.0602046153559298,0.0603323269955056,0.06030728850205,0.0604836465676157,0.0603742593848133,0.0602471501854719,0.0601895150377302,0.0602474211073383,0.102887928630631,0.0745036870968235,0.0745036870968237,0.100695470564487,0.0601161548394275,0.101987017399148,0.0828086272809726,0.08463198866057,0.0721423470987528,0.0763245690928301,0.080765690874849,0.0873511616713072,0.135895610210593,0.122442949478152,0.0601161548394275,0.0763245690928308,0.081264221359696,0.0601161548394275,0.120137033462529,0.121177779285032,0.122224071516943,0.0632152686801379,0.0717440734020469,0.0629643773095046,0.0765945786616511,0.0650871797935613,0.0776149206534126,0.0601161548394275,0.0632152686801378,0.0715483321209722,0.0621159324075552,0.0752686788479363,0.125972188709894,0.138906960620116,0.0601161548394275,0.0601161548394275,0.100756270748649,0.0733349191112544,0.0659514852708282,0.0674616914400611,0.0660835236388579,0.0653403265771058,0.0642280752387328,0.0638384931824894,0.0635559910283333,0.0663387610151895,0.0704714056822567,0.0898533470162577,0.0638384931824896,0.0635559910283331,1,0.133547248364225,0.16277611843071,0.15820713113425,0.24222493176824,0.190855204139987,0.154497384471028,0.243115298375434,0.1746434288355,0.264691687964484,0.0601161548394275,0.0808315088504513,0.182114772615766,0.110518508273079,0.0601161548394275,0.0601161548394274,0.248367078450876,0.253744889417196,0.110518508273079,0.0982262466777386,0.0601161548394275,0.0820640953513073,0.0822450941346994,0.0901118594986441,0.0812415082511477,0.0893818162910585,0.0601161548394275,0.0937909336326472,0.0694458966694221,0.0937909336326473,0.0920105233002012,0.0735607556007181,0.0839275356738706,0.107521851600881,0.0874449869952773,0.089813855717911,0.109328923307511,0.0857332410053684,0.0835601997826642,0.0909955318116142,0.0601161548394275,0.0601161548394275,0.0601161548394275,0.0601161548394275,0.0601161548394272,0.0601161548394275,0.0601161548394275,0.0601161548394272,0.0601161548394275,0.0601161548394275,0.0601161548394275,0.0601161548394275,0.0601161548394275,0.0601161548394275,0.0601161548394275,0.0601161548394275,0.0601161548394278,0.0601161548394276,0.0601161548394278,0.0601161548394279,0.0601161548394278,0.0601161548394279,0.0601161548394276,0.0601161548394275,0.0601161548394275,0.0601161548394275,0.0601161548394275,0.0601161548394275,0.0601161548394275,0.0601161548394275,0.0601161548394275,0.0601161548394275,0.0601161548394275,0.0601161548394275,0.0601161548394275,0.0601161548394275,0.0601161548394275,0.0601161548394278,0.0601161548394279,0.0601161548394275,0.0601161548394275,0.0601161548394275,0.0601161548394275,0.0621159324075556,0.0601161548394275,0.0601161548394275,0.0601161548394275,0.0601161548394275,0.0601161548394275,0.0601161548394275
"107",0.0606192929108641,0.0601161548394275,0.0608782807412636,0.0610937998705992,0.0611565702902561,0.0611322417104001,0.0601161548394275,0.0604568656277865,0.0601161548394275,0.0601161548394275,0.0604681144324551,0.0601161548394275,0.0607153035439597,0.060860455120634,0.0610476855110461,0.060806733062369,0.0605697964575145,0.0603871494716147,0.0604914834602602,0.0609001697498504,0.0611431246190108,0.061468437025203,0.0607805396857422,0.0610499736821643,0.0605478916647595,0.0606163915074011,0.0601161548394275,0.0612024907345128,0.0685227239594433,0.062780336962983,0.0606526174128358,0.0625806766549215,0.0612230426835323,0.0606917869147379,0.0603813298124975,0.0602474265862833,0.0604071621849628,0.0603796185525488,0.0603134974862428,0.0607056005532667,0.060676949191328,0.0601161548394275,0.0605257443971642,0.0603196031751545,0.0604735298366025,0.0604860885442168,0.0603728582055953,0.0603827675658231,0.0607676799512111,0.060692215989785,0.0612237447049821,0.0608940607262683,0.0605109640462331,0.0603372564478248,0.060511780582474,0.0770138688481515,0.065800193256061,0.0658001932560612,0.0719093316590078,0.0601161548394275,0.0722846815120002,0.0667110501745238,0.0778040160613575,0.0655840709298477,0.0670753324858318,0.0699961863542011,0.100602706386756,0.0751292282219975,0.0710860105396088,0.0601161548394275,0.0670753324858323,0.0760488090005601,0.0601161548394275,0.0714200610729349,0.0769179346976897,0.0732004515604862,0.0614008990318723,0.0648493375024086,0.061296891483933,0.0668280309132116,0.0621769037401061,0.0676046961435437,0.0601161548394275,0.0614008990318722,0.064855388092666,0.060945166856696,0.0661999464784031,0.104526061553867,0.105071894272284,0.0601161548394275,0.0601161548394275,0.103626577131176,0.0954756269647366,0.0778876431007113,0.0814341961418754,0.0762197694949886,0.0763518994480185,0.0723511221780095,0.0703239218393314,0.0695492162911447,0.077180405350864,0.0926803747768119,0.164323668323866,0.0703239218393314,0.0695492162911445,0.133547248364225,1,0.133570105031338,0.2012613011397,0.140002957231095,0.162365548626997,0.240214902310547,0.140007692371759,0.148928328842107,0.168648884446583,0.0601161548394275,0.0712093569932955,0.0751457321438308,0.0731086805216501,0.0601161548394275,0.0601161548394276,0.0804838792841445,0.0828084466594998,0.0731086805216501,0.0699400283935248,0.0601161548394276,0.185535975726454,0.152364283903253,0.155672618998722,0.211641731512681,0.0898311034775369,0.0601161548394275,0.217661746614598,0.0665865865179607,0.217661746614598,0.113026490811698,0.0694403539712197,0.222249835985426,0.103734222317576,0.076234999893883,0.0807123243846504,0.086469901383051,0.0754245610720036,0.073217968596109,0.0842384595741861,0.0601161548394275,0.0601161548394275,0.0601161548394275,0.0601161548394275,0.0601161548394276,0.0601161548394275,0.0601161548394275,0.0601161548394276,0.0601161548394275,0.0601161548394275,0.0601161548394275,0.0601161548394275,0.0601161548394275,0.0601161548394275,0.0601161548394275,0.0601161548394275,0.0601161548394278,0.0601161548394276,0.0601161548394277,0.0601161548394278,0.0601161548394277,0.0601161548394279,0.0601161548394276,0.0601161548394274,0.0601161548394273,0.0601161548394273,0.0601161548394274,0.0601161548394273,0.0601161548394273,0.0601161548394273,0.0601161548394276,0.0601161548394274,0.0601161548394274,0.0601161548394273,0.0601161548394274,0.0601161548394274,0.0601161548394274,0.0601161548394277,0.0601161548394277,0.0601161548394275,0.0601161548394275,0.0601161548394275,0.0601161548394275,0.0609451668566965,0.0601161548394275,0.0601161548394275,0.0601161548394275,0.0601161548394275,0.0601161548394275,0.0601161548394275
"108",0.0602069157533602,0.0601161548394275,0.0602536344842989,0.0602925119103155,0.0603038350460101,0.0602994464213607,0.0601161548394275,0.060177615548314,0.0601161548394275,0.0601161548394275,0.0601796447165491,0.0601161548394275,0.0602242350804034,0.0602504189263604,0.0602841933559147,0.0602407280216503,0.0601979871041536,0.0601650394734565,0.0601838602479144,0.0602575830354769,0.0603014095857245,0.0603600925854332,0.0602360030069148,0.0602846061183627,0.0601940357056754,0.0602063923701287,0.0601161548394275,0.0603121186200939,0.0616326131233164,0.0605967457907868,0.0602129271494901,0.0605607291324091,0.0603158259795283,0.0602199929232662,0.060163989667031,0.0601398349073741,0.0601686495603428,0.0601636809734025,0.0601517534156429,0.0602224847610508,0.0602173163511399,0.0601161548394275,0.060190040567238,0.0601528548188907,0.0601806215995504,0.060182887060755,0.060162461476603,0.0601642490228883,0.0602336832435627,0.060220070323975,0.0603159526169504,0.0602564810306889,0.0601873743445161,0.0601560392870365,0.0601875216392234,0.0761804468363441,0.0655198474808909,0.065519847480891,0.0750849486557635,0.0601161548394275,0.0755613711366938,0.0684868958214054,0.0698375113161567,0.0646789790919639,0.0662394108227557,0.0679822775168072,0.0722532244562218,0.0742278290507546,0.0692568706093597,0.0601161548394275,0.0662394108227563,0.0685453784363409,0.0601161548394275,0.0684707273197802,0.0691881165468524,0.0693159356029622,0.0612840011170235,0.0644923335568023,0.0611894571382173,0.0663181007095041,0.0619893977362395,0.0667253004845148,0.0601161548394275,0.0612840011170235,0.0644241687973819,0.0608697356722063,0.0658134245650024,0.0726393322927076,0.0772044249328293,0.0601161548394275,0.0601161548394275,0.0771420996598244,0.067015315994156,0.0633005339347093,0.064057088254267,0.0632397198430256,0.0629879161275081,0.0623415791990533,0.0620750171858701,0.0619263518090118,0.0633907709035906,0.0658330263908694,0.0772196504106088,0.0620750171858702,0.0619263518090117,0.16277611843071,0.133570105031338,1,0.183933035197158,0.237033124060585,0.139319603552645,0.150626113521916,0.155148696600899,0.247091665827368,0.182036544924513,0.0601161548394275,0.118015282032075,0.084682112957104,0.0786021875687988,0.0601161548394275,0.0601161548394276,0.0979694910198739,0.11288452498048,0.0786021875687988,0.0740937641582018,0.0601161548394276,0.0849520234905934,0.089117427779659,0.105237511908533,0.0803292067071352,0.139880001371763,0.0601161548394275,0.100866168680534,0.0861519097722713,0.100866168680534,0.130019297504806,0.0976349133398562,0.0865245039982247,0.2031767422242,0.136458847142563,0.142991123539565,0.197665160254424,0.131671605533701,0.125626807774282,0.147859733332589,0.0601161548394275,0.0601161548394275,0.0601161548394275,0.0601161548394275,0.0601161548394274,0.0601161548394275,0.0601161548394275,0.0601161548394274,0.0601161548394275,0.0601161548394275,0.0601161548394275,0.0601161548394275,0.0601161548394275,0.0601161548394275,0.0601161548394275,0.0601161548394275,0.0601161548394276,0.0601161548394275,0.0601161548394276,0.0601161548394276,0.0601161548394275,0.0601161548394276,0.0601161548394275,0.0601161548394276,0.0601161548394274,0.0601161548394275,0.0601161548394276,0.0601161548394275,0.0601161548394276,0.0601161548394275,0.0601161548394277,0.0601161548394277,0.0601161548394275,0.0601161548394275,0.0601161548394277,0.0601161548394275,0.0601161548394276,0.0601161548394276,0.0601161548394276,0.0601161548394275,0.0601161548394275,0.0601161548394275,0.0601161548394275,0.0608697356722068,0.0601161548394275,0.0601161548394275,0.0601161548394275,0.0601161548394275,0.0601161548394275,0.0601161548394275
"109",0.0603136352740716,0.0601161548394275,0.0604152873497511,0.060499878068982,0.0605245153017028,0.0605149663949573,0.0601161548394275,0.0602498829717093,0.0601161548394275,0.0601161548394275,0.0602542980994073,0.0601161548394275,0.0603513192074303,0.0604082908382376,0.0604817782981936,0.0603872050647323,0.060294208039927,0.0602225195547782,0.0602634703843727,0.0604238787308752,0.0605192379093678,0.0606469222151618,0.0603769242299185,0.0604826763996347,0.0602856104635571,0.0603124964804695,0.0601161548394275,0.0605425389612223,0.0634157121934257,0.061161839659557,0.0603267150577482,0.0610834734880119,0.0605506055498099,0.0603420889892781,0.0602202353531302,0.0601676786717455,0.0602303744947137,0.0602195636878804,0.0601936113347303,0.0603475108078511,0.06033626521995,0.0601161548394275,0.0602769177164178,0.0601960078023576,0.0602564236319907,0.0602613528933195,0.0602169102686099,0.0602207996677149,0.0603718768162783,0.0603422574001609,0.0605508810914731,0.0604214809543981,0.0602711164656448,0.0602029366677284,0.0602714369540767,0.0770947074963096,0.0658273856905787,0.0658273856905789,0.0749523300858089,0.0601161548394275,0.0754245316208905,0.0684127338206384,0.0722496731365981,0.0651051587714586,0.0667170009181851,0.0688299818444008,0.0798492435420946,0.0750731303485975,0.0701146149407537,0.0601161548394275,0.0667170009181857,0.0707853448350184,0.0601161548394275,0.0695729411490667,0.0715127514572111,0.070688291814006,0.0613644935373499,0.0647737690429279,0.061263433226876,0.066717944702438,0.0621185087823732,0.0672350940197782,0.0601161548394275,0.0613644935373499,0.0647210935527451,0.0609216753378157,0.0661603263333249,0.0811334976620699,0.0848981669774719,0.0601161548394275,0.0601161548394275,0.0844885836887396,0.0744085348621611,0.0670743980519544,0.0685592473894454,0.0666105750409752,0.0664433363302213,0.0649329449358177,0.0642160654793326,0.0639049079539078,0.0669699459021056,0.0727724335787377,0.0996704489964384,0.0642160654793328,0.0639049079539076,0.15820713113425,0.2012613011397,0.183933035197158,1,0.183186669350525,0.18050287497803,0.245418132392192,0.153618176274883,0.230790814750077,0.229314461079021,0.0601161548394275,0.090243039335795,0.0827941924272808,0.0780468793429022,0.0601161548394275,0.0601161548394277,0.0936250011717667,0.100916610585884,0.0780468793429022,0.0736738859968507,0.0601161548394277,0.147369425856963,0.161269478564027,0.209561261272018,0.126240101299303,0.142631267008525,0.0601161548394275,0.206866675564341,0.0780002881038705,0.206866675564341,0.198582519265615,0.0858880396443362,0.152038252382622,0.190192900483542,0.104205489314853,0.117043522159588,0.131687579136374,0.10202696160846,0.0958137696567416,0.128386243479182,0.0601161548394275,0.0601161548394275,0.0601161548394275,0.0601161548394275,0.0601161548394276,0.0601161548394275,0.0601161548394275,0.0601161548394275,0.0601161548394275,0.0601161548394275,0.0601161548394275,0.0601161548394275,0.0601161548394275,0.0601161548394275,0.0601161548394275,0.0601161548394275,0.0601161548394272,0.0601161548394274,0.0601161548394273,0.0601161548394272,0.0601161548394272,0.0601161548394272,0.0601161548394273,0.0601161548394274,0.0601161548394275,0.0601161548394275,0.0601161548394276,0.0601161548394275,0.0601161548394275,0.0601161548394274,0.0601161548394276,0.0601161548394275,0.0601161548394276,0.0601161548394275,0.0601161548394276,0.0601161548394276,0.0601161548394276,0.0601161548394272,0.0601161548394272,0.0601161548394275,0.0601161548394275,0.0601161548394275,0.0601161548394275,0.0609216753378164,0.0601161548394275,0.0601161548394275,0.0601161548394275,0.0601161548394275,0.0601161548394275,0.0601161548394275
"110",0.0602759383677093,0.0601161548394275,0.0603581861475384,0.0604266294016915,0.0604465636497516,0.0604388375273449,0.0601161548394275,0.0602243556991484,0.0601161548394275,0.0601161548394275,0.0602279280261118,0.0601161548394275,0.0603064288405626,0.060352525195367,0.0604119846838853,0.0603354644708796,0.0602602195851274,0.0602022156663347,0.0602353494198149,0.0603651375257413,0.0604422936552641,0.06054560439044,0.0603271461376573,0.060412711347351,0.0602532631942852,0.0602750169576463,0.0601161548394275,0.0604611467851179,0.0627858619258055,0.0609622295927678,0.0602865213603421,0.0608988226866102,0.0604676735480759,0.0602989605724993,0.0602003674943916,0.0601578433223054,0.0602085711821082,0.0601998240428662,0.0601788257168243,0.060303347423798,0.0602942484985515,0.0601161548394275,0.0602462297997566,0.0601807647243698,0.0602296478172194,0.0602336361351936,0.060197677133002,0.0602008240873469,0.0603230622213864,0.0602990968355426,0.0604678964917773,0.060363197459191,0.0602415359458134,0.0601863709433245,0.0602417952564251,0.096957561685893,0.0725088353955091,0.0725088353955093,0.0949140587011982,0.0601161548394275,0.0960215964154861,0.0795755878115591,0.0815255501719423,0.0705011165726144,0.07409757860737,0.0779655943296092,0.0846623487983006,0.0924593985374015,0.0809184769604418,0.0601161548394275,0.0740975786073708,0.078609193274993,0.0601161548394275,0.0789778209667636,0.080060329066247,0.0808104523647472,0.0627877810064138,0.0701369441945794,0.06257149726038,0.0743172032228566,0.0644014831709488,0.0752097376092324,0.0601161548394275,0.0627877810064138,0.0699713926721883,0.0618400857286323,0.073171327449074,0.0851305616495859,0.0961049559884919,0.0601161548394275,0.0601161548394275,0.096125713013984,0.0726044852472615,0.0657081335665022,0.0671168505776617,0.0657589485844613,0.0651343697833425,0.0640460650590221,0.0636419773748382,0.0633743895390138,0.0660102469561156,0.0700771367216457,0.0891122480093428,0.0636419773748383,0.0633743895390137,0.24222493176824,0.140002957231095,0.237033124060585,0.183186669350525,1,0.157985913867512,0.164555766755762,0.223156618688931,0.237925372609643,0.235122366239437,0.0601161548394275,0.108056671204828,0.118361569214054,0.103277036977631,0.0601161548394275,0.0601161548394277,0.150975631796233,0.192178831166779,0.103277036977631,0.092750844889659,0.0601161548394277,0.0883056393655478,0.09043687345083,0.1037480275156,0.0852516705284075,0.118879642899437,0.0601161548394275,0.10478250943443,0.0807148764291863,0.10478250943443,0.115244602217376,0.0897998902539432,0.0904349625737227,0.154249870718114,0.12236268859856,0.125684386350953,0.174006824092548,0.118329767746849,0.114002996444914,0.125980309219771,0.0601161548394275,0.0601161548394275,0.0601161548394275,0.0601161548394275,0.060116154839427,0.0601161548394275,0.0601161548394275,0.0601161548394269,0.0601161548394275,0.0601161548394275,0.0601161548394275,0.0601161548394275,0.0601161548394275,0.0601161548394275,0.0601161548394275,0.0601161548394275,0.0601161548394277,0.0601161548394275,0.0601161548394276,0.0601161548394277,0.0601161548394276,0.0601161548394278,0.0601161548394275,0.0601161548394275,0.0601161548394274,0.0601161548394274,0.0601161548394275,0.0601161548394274,0.0601161548394275,0.0601161548394275,0.0601161548394275,0.0601161548394276,0.0601161548394274,0.0601161548394275,0.0601161548394276,0.0601161548394275,0.0601161548394276,0.0601161548394278,0.0601161548394278,0.0601161548394275,0.0601161548394275,0.0601161548394275,0.0601161548394275,0.0618400857286329,0.0601161548394275,0.0601161548394275,0.0601161548394275,0.0601161548394275,0.0601161548394275,0.0601161548394275
"111",0.0602411907411515,0.0601161548394275,0.0603055523523031,0.0603591114650099,0.0603747106741912,0.0603686647275761,0.0601161548394275,0.0602008255949677,0.0601161548394275,0.0601161548394275,0.0602036210591055,0.0601161548394275,0.0602650505457771,0.0603011224697803,0.0603476514884024,0.0602877718879443,0.0602288902732918,0.0601835002861776,0.0602094285454196,0.0603109920359245,0.060371369262114,0.060452213333273,0.0602812625167564,0.0603482201266258,0.0602234466671135,0.0602404697072666,0.0601161548394275,0.0603861224605003,0.0622052890353802,0.0607782363496257,0.0602494722833167,0.0607286183459918,0.0603912298686327,0.0602592063787239,0.0601820540304344,0.0601487774576925,0.0601884736877179,0.0601816287616208,0.0601651968761844,0.0602626392351251,0.0602555190248311,0.0601161548394275,0.0602179428030015,0.060166714213794,0.0602049668525943,0.060208087843472,0.060179948733562,0.0601824113295409,0.0602780667170456,0.0602593130090673,0.0603914043294613,0.0603094738696084,0.0602142697068649,0.0601711012657626,0.0602144726260055,0.0743130382372237,0.0648916901921906,0.0648916901921907,0.0729103188691932,0.0601161548394275,0.073317527856322,0.0672708150270257,0.0695279517799325,0.0642220606697697,0.0655845913100256,0.0672444412626106,0.0738902973219224,0.110843641584684,0.106580904596997,0.0601161548394275,0.065584591310026,0.0683424773750341,0.0601161548394275,0.106013803854843,0.107169349860104,0.106858767428215,0.0611544353110156,0.0639979111195505,0.0610703804411374,0.0656178402227382,0.0617815722454791,0.0660160067133048,0.0601161548394275,0.0611544353110155,0.0639462195060554,0.0607861302269824,0.0651611401055225,0.112855884480225,0.11642232024586,0.0601161548394275,0.0601161548394275,0.0779779034338626,0.0693033406883139,0.0645161369174234,0.0654872060510187,0.0642860333637482,0.0641071530300811,0.0631707965027444,0.0627431491823349,0.0625437767738028,0.0645076823458762,0.0680878770358756,0.0847114765497717,0.062743149182335,0.0625437767738028,0.190855204139987,0.162365548626997,0.139319603552645,0.18050287497803,0.157985913867512,1,0.245888244342952,0.147270410654261,0.160871999691252,0.278632995874321,0.0601161548394275,0.072331034122826,0.118004257053478,0.0757437629417178,0.0601161548394275,0.0601161548394278,0.127238737791393,0.131394939920871,0.0757437629417178,0.0719324598216028,0.0601161548394279,0.101344121267412,0.100968228896534,0.109012069999927,0.0951407832369939,0.0856465498481571,0.0601161548394275,0.126055006789796,0.066513336070608,0.126055006789796,0.0978163631727274,0.0693347966001597,0.105268613971475,0.10089367051384,0.0771325086256254,0.0804791593180994,0.0891346319419473,0.0761877122025721,0.0742726358498786,0.0831937343573566,0.0601161548394275,0.0601161548394275,0.0601161548394275,0.0601161548394275,0.0601161548394274,0.0601161548394275,0.0601161548394275,0.0601161548394274,0.0601161548394275,0.0601161548394275,0.0601161548394275,0.0601161548394275,0.0601161548394275,0.0601161548394275,0.0601161548394275,0.0601161548394275,0.0601161548394274,0.0601161548394275,0.0601161548394274,0.0601161548394274,0.0601161548394275,0.0601161548394274,0.0601161548394275,0.0601161548394274,0.0601161548394274,0.0601161548394273,0.0601161548394273,0.0601161548394273,0.0601161548394273,0.0601161548394273,0.0601161548394274,0.0601161548394274,0.0601161548394274,0.0601161548394273,0.0601161548394274,0.0601161548394274,0.0601161548394274,0.0601161548394275,0.0601161548394275,0.0601161548394275,0.0601161548394275,0.0601161548394275,0.0601161548394275,0.0607861302269827,0.0601161548394275,0.0601161548394275,0.0601161548394275,0.0601161548394275,0.0601161548394275,0.0601161548394275
"112",0.0603600577926698,0.0601161548394275,0.0604856056298827,0.0605900814290904,0.0606205102350181,0.0606087166284279,0.0601161548394275,0.0602813189806443,0.0601161548394275,0.0601161548394275,0.0602867719901358,0.0601161548394275,0.0604066002395331,0.0604769644203186,0.0605677268725175,0.0604509219293824,0.0603360637206003,0.0602475231354393,0.0602981004409521,0.0604962166214594,0.0606139922648798,0.060771691833052,0.0604382243374542,0.0605688360942699,0.060325445077436,0.0603586512982835,0.0601161548394275,0.0606427707885406,0.0641913523873947,0.0614076529883455,0.0603762122936066,0.0613108649662378,0.0606527336224926,0.0603952002369432,0.0602447019773395,0.0601797905858619,0.0602572245676407,0.0602438724210428,0.0602118193440465,0.0604018965841752,0.0603880074507784,0.0601161548394275,0.060314708891328,0.0602147791589396,0.0602893971801969,0.0602954851827752,0.0602405952518511,0.0602453989476186,0.0604319904080256,0.0603954082368482,0.0606530739368407,0.0604932551900395,0.0603075439172451,0.0602233368205105,0.0603079397441797,0.0770798886202094,0.0658224009298589,0.0658224009298591,0.0744876598869665,0.0601161548394275,0.0749450720320906,0.0681528843014132,0.0730919778074166,0.0651771964742363,0.066770473000743,0.069005914241638,0.0830002839060937,0.0750794239074376,0.0702607497752666,0.0601161548394275,0.0667704730007435,0.0715836620279295,0.0601161548394275,0.0698522440612781,0.0723324977097374,0.0710684969978764,0.0613698399477421,0.0647845584759769,0.0612683468141127,0.0667336898265558,0.0621270845046088,0.0672902016238534,0.0601161548394275,0.0613698399477421,0.0647408156780248,0.0609251252374068,0.0661654456607527,0.0846854208978028,0.0879603492712589,0.0601161548394275,0.0601161548394275,0.0873934225762185,0.0776080505441431,0.068716690888412,0.0705146438330498,0.0680699528111686,0.0679482352819608,0.0660595955857869,0.0651436885125506,0.0647621302118664,0.0685206466400005,0.075796032701317,0.109490149330085,0.0651436885125507,0.0647621302118662,0.154497384471028,0.240214902310547,0.150626113521916,0.245418132392192,0.164555766755762,0.245888244342952,1,0.151542363444818,0.177597905756477,0.236093873870091,0.0601161548394275,0.0770428527533233,0.0814271754470885,0.0772937263658637,0.0601161548394275,0.0601161548394275,0.0910615399687131,0.0958514368594422,0.0772937263658638,0.0731044139946947,0.0601161548394275,0.153485522750359,0.150343238281292,0.162242352410189,0.139320657054042,0.101684714170343,0.0601161548394275,0.209166294586864,0.0696224597653078,0.209166294586864,0.128836260551089,0.0738151914014735,0.162971743913547,0.124017606099664,0.0843421747758119,0.090375877486929,0.100328340685851,0.0830791401246423,0.0799715745793598,0.0953163857181858,0.0601161548394275,0.0601161548394275,0.0601161548394275,0.0601161548394275,0.0601161548394276,0.0601161548394275,0.0601161548394275,0.0601161548394276,0.0601161548394275,0.0601161548394275,0.0601161548394275,0.0601161548394275,0.0601161548394275,0.0601161548394275,0.0601161548394275,0.0601161548394275,0.0601161548394276,0.0601161548394275,0.0601161548394276,0.0601161548394276,0.0601161548394276,0.0601161548394276,0.0601161548394276,0.0601161548394274,0.0601161548394273,0.0601161548394273,0.0601161548394273,0.0601161548394273,0.0601161548394273,0.0601161548394273,0.0601161548394275,0.0601161548394274,0.0601161548394274,0.0601161548394273,0.0601161548394274,0.0601161548394274,0.0601161548394274,0.0601161548394276,0.0601161548394276,0.0601161548394275,0.0601161548394275,0.0601161548394275,0.0601161548394275,0.0609251252374073,0.0601161548394275,0.0601161548394275,0.0601161548394275,0.0601161548394275,0.0601161548394275,0.0601161548394275
"113",0.0604819472365935,0.0601161548394275,0.060670237061389,0.0608269241885027,0.0608725596583288,0.060854872247953,0.0601161548394275,0.0603638590444745,0.0601161548394275,0.0601161548394275,0.0603720371718287,0.0601161548394275,0.0605517490695838,0.0606572774447921,0.0607933980391565,0.0606182203318661,0.0604459622309858,0.0603131738720833,0.0603890269668484,0.0606861508500227,0.0608627843608596,0.0610992936048316,0.0605991771733969,0.0607950615896725,0.0604300369669161,0.0604798378527321,0.0601161548394275,0.0609059448270071,0.0662279147020384,0.0620530735915322,0.0605061748793668,0.0619079161748089,0.0609208865440533,0.0605346519651014,0.0603089428524487,0.0602115922743752,0.060327723552986,0.0603076987289876,0.0602596272656652,0.0605446947828441,0.0605238646152206,0.0601161548394275,0.0604139354183258,0.0602640662352246,0.0603759742892459,0.0603851047447302,0.0603027838086937,0.0603099881306042,0.060589827864751,0.0605349639120574,0.0609213969290215,0.0606817094560846,0.0604031897794946,0.0602769005510804,0.0604037834192247,0.1684506034479,0.0965576029203617,0.096557602920362,0.163450391161569,0.0601161548394275,0.166739283629302,0.117901981635916,0.121167031521127,0.0904831732554407,0.101097114595098,0.112193644380333,0.125220037379524,0.155180264724276,0.120940822712598,0.0601161548394275,0.101097114595099,0.112692394831007,0.0601161548394275,0.114937852728964,0.116910274184358,0.12009929879561,0.067957864254878,0.0895497343130335,0.0673230320659136,0.101827188752476,0.072694374030735,0.104362824804411,0.0601161548394275,0.0679578642548779,0.0890430729313546,0.0651762059994715,0.0984824874314714,0.125699045658489,0.159056342076315,0.0601161548394275,0.0601161548394275,0.159469575043698,0.0896654841377821,0.0728783969252433,0.0763186638650364,0.0734372325673479,0.0714992826350142,0.0691467463173747,0.0684043899209227,0.0677753648165714,0.0739715376797352,0.0826297246834799,0.123373393413829,0.0684043899209229,0.0677753648165712,0.243115298375434,0.140007692371759,0.155148696600899,0.153618176274883,0.223156618688931,0.147270410654261,0.151542363444818,1,0.165725496215561,0.210118264296678,0.0601161548394275,0.0781643311016526,0.188767988157219,0.188680489701845,0.0601161548394275,0.0601161548394274,0.205683631971408,0.196835193961174,0.188680489701845,0.157325873730586,0.0601161548394275,0.0850529196833403,0.0823799678239183,0.0891709942129746,0.0897088918213908,0.0861075808401037,0.0601161548394275,0.0946503968383974,0.0682962767124022,0.0946503968383974,0.0891823502597595,0.0719040986823394,0.0875142123544074,0.102042091002508,0.0839782608759778,0.0861544758304898,0.102992599006946,0.0824906271780354,0.0805608581217417,0.0872831604844457,0.0601161548394275,0.0601161548394275,0.0601161548394275,0.0601161548394275,0.0601161548394273,0.0601161548394275,0.0601161548394275,0.0601161548394273,0.0601161548394275,0.0601161548394275,0.0601161548394275,0.0601161548394275,0.0601161548394275,0.0601161548394275,0.0601161548394275,0.0601161548394275,0.0601161548394278,0.0601161548394275,0.0601161548394277,0.0601161548394278,0.0601161548394277,0.0601161548394278,0.0601161548394276,0.0601161548394275,0.0601161548394274,0.0601161548394275,0.0601161548394275,0.0601161548394274,0.0601161548394275,0.0601161548394274,0.0601161548394275,0.0601161548394275,0.0601161548394275,0.0601161548394274,0.0601161548394275,0.0601161548394275,0.0601161548394275,0.0601161548394277,0.0601161548394278,0.0601161548394275,0.0601161548394275,0.0601161548394275,0.0601161548394275,0.065176205999472,0.0601161548394275,0.0601161548394275,0.0601161548394275,0.0601161548394275,0.0601161548394275,0.0601161548394275
"114",0.0602401554157127,0.0601161548394275,0.0603039840982225,0.0603570997294084,0.0603725697736229,0.0603665738888081,0.0601161548394275,0.0602001245020343,0.0601161548394275,0.0601161548394275,0.0602028968190991,0.0601161548394275,0.0602638176557801,0.0602995908961251,0.0603457346439893,0.0602863508601149,0.0602279567984984,0.0601829426507046,0.0602086562181181,0.0603093787400383,0.0603692560291908,0.0604494306932253,0.0602798953879872,0.0603462985737602,0.0602225582666062,0.0602394403521513,0.0601161548394275,0.0603838870677703,0.0621879905335247,0.0607727541655446,0.0602483683848431,0.0607235470101605,0.0603889521854125,0.0602580218797471,0.0601815083702847,0.0601485073350627,0.0601878748713594,0.0601810866227926,0.0601647907970701,0.0602614263113238,0.0602543650579752,0.0601161548394275,0.0602170999757288,0.0601662955707829,0.0602042314691144,0.0602073266174852,0.0601794205057454,0.0601818627108744,0.0602767260502181,0.0602581276271673,0.0603891252016663,0.0603078731444812,0.0602134572936564,0.0601706462969726,0.0602136585325801,0.0796989915850519,0.0667034125188584,0.0667034125188586,0.0782340232011162,0.0601161548394275,0.0788106735244457,0.0702478985899331,0.072211324696551,0.0657002739351025,0.0675975653293626,0.0697578127505411,0.0758200467892382,0.077324241762904,0.0713033560919758,0.0601161548394275,0.0675975653293632,0.0706231981011732,0.0601161548394275,0.070383073102211,0.0714130409649034,0.0714426178267722,0.0615416386589315,0.0654551026527522,0.0614262374159723,0.0676826731640428,0.0624026522069604,0.0681904775066888,0.0601161548394275,0.0615416386589315,0.065374555974124,0.0610359824780664,0.0670642719998645,0.0764059920794265,0.0818314882392087,0.0601161548394275,0.0601161548394275,0.0817102935179984,0.0694474228002351,0.0644706497879843,0.0654830608482952,0.064343951369103,0.0640500060297274,0.063153267483248,0.0627710730276616,0.0625695813742544,0.0645543624368211,0.0679553266257419,0.0837913643602496,0.0627710730276617,0.0625695813742544,0.1746434288355,0.148928328842107,0.247091665827368,0.230790814750077,0.237925372609643,0.160871999691252,0.177597905756477,0.165725496215561,1,0.231458408774514,0.0601161548394275,0.0992800605277337,0.0892945149776292,0.0824396954606195,0.0601161548394275,0.0601161548394276,0.104468500259323,0.118621801345129,0.0824396954606196,0.0769953702980828,0.0601161548394275,0.0978208185346008,0.103081766890109,0.12402907347941,0.0904426078220736,0.133338068693432,0.0601161548394275,0.12219623708492,0.0799578931667922,0.12219623708492,0.139650653259531,0.0887090414468357,0.100227505198299,0.197788715622639,0.114001128189341,0.123274816728744,0.153156525856926,0.110923667999604,0.105256851698787,0.132926514091228,0.0601161548394275,0.0601161548394275,0.0601161548394275,0.0601161548394275,0.0601161548394275,0.0601161548394275,0.0601161548394275,0.0601161548394274,0.0601161548394275,0.0601161548394275,0.0601161548394275,0.0601161548394275,0.0601161548394275,0.0601161548394275,0.0601161548394275,0.0601161548394275,0.0601161548394274,0.0601161548394275,0.0601161548394274,0.0601161548394274,0.0601161548394275,0.0601161548394274,0.0601161548394275,0.0601161548394276,0.0601161548394276,0.0601161548394276,0.0601161548394277,0.0601161548394275,0.0601161548394276,0.0601161548394276,0.0601161548394277,0.0601161548394277,0.0601161548394276,0.0601161548394276,0.0601161548394278,0.0601161548394276,0.0601161548394277,0.0601161548394274,0.0601161548394273,0.0601161548394275,0.0601161548394275,0.0601161548394275,0.0601161548394275,0.0610359824780669,0.0601161548394275,0.0601161548394275,0.0601161548394275,0.0601161548394275,0.0601161548394275,0.0601161548394275
"115",0.0603075525371279,0.0601161548394275,0.060406073554091,0.0604880587337205,0.0605119370973111,0.0605026823133123,0.0601161548394275,0.0602457639152969,0.0601161548394275,0.0601161548394275,0.0602500430494703,0.0601161548394275,0.0603440757405436,0.0603992925471622,0.0604705164669942,0.060378856251737,0.0602887236951991,0.0602192433386573,0.0602589328122876,0.0604144003059041,0.0605068222577345,0.0606305736673636,0.0603688920843127,0.0604713869053667,0.0602803909389642,0.0603064488203267,0.0601161548394275,0.0605294055971267,0.0633140801535175,0.0611296307690998,0.060320229440977,0.0610536784103845,0.060537223720916,0.0603351298289813,0.0602170294943476,0.0601660916491178,0.0602268563329367,0.0602163785175423,0.0601912255414929,0.0603403846462192,0.0603294854417615,0.0601161548394275,0.060271965943383,0.0601935481937963,0.0602521031119946,0.060256880543599,0.0602138068281473,0.0602175764270721,0.0603640001396909,0.0603352930525191,0.0605374907754217,0.0604120763850651,0.0602663433811089,0.0602002636381997,0.0602666539979458,0.0935465791454115,0.071361452040071,0.0713614520400712,0.0912423673502422,0.0601161548394275,0.0922330435241751,0.0775223310400563,0.0803928199066805,0.0696157044202206,0.0728620960599618,0.076495794839952,0.0855452694872253,0.127721775249315,0.117384345887235,0.0601161548394275,0.0728620960599626,0.0777013917479363,0.0601161548394275,0.115755529210586,0.117277772609691,0.117519952146896,0.0625468371050648,0.069223958692389,0.0623500591754552,0.0730238119279078,0.0640150055493725,0.0738733645217131,0.0601161548394275,0.0625468371050648,0.0690825858917003,0.0616846108949021,0.0719729598390456,0.12460814639494,0.134081968012774,0.0601161548394275,0.0601161548394275,0.0957061115192662,0.0746473411916545,0.0668321454449986,0.0684235729762712,0.0666956717975285,0.0661741130294818,0.0648085268658379,0.0642430000954636,0.0639297984014605,0.0670149723057352,0.0721773560878858,0.0962422904721983,0.0642430000954638,0.0639297984014604,0.264691687964484,0.168648884446583,0.182036544924513,0.229314461079021,0.235122366239437,0.278632995874321,0.236093873870091,0.210118264296678,0.231458408774514,1,0.0601161548394275,0.0863376193084141,0.146991252684587,0.0985464199952242,0.0601161548394275,0.0601161548394274,0.170262614307352,0.180241760075189,0.0985464199952242,0.0891739435076887,0.0601161548394275,0.109108685403075,0.111159911000697,0.127607119420847,0.101863650815737,0.108172786084319,0.0601161548394275,0.138781126066605,0.0731494890423888,0.138781126066605,0.123081104342215,0.0788978079805614,0.113119858627902,0.139590460335154,0.0959408351957466,0.101602839858349,0.122409604380266,0.0938622723658575,0.0902459532562531,0.106144903821051,0.0601161548394275,0.0601161548394275,0.0601161548394275,0.0601161548394275,0.0601161548394273,0.0601161548394275,0.0601161548394275,0.0601161548394272,0.0601161548394275,0.0601161548394275,0.0601161548394275,0.0601161548394275,0.0601161548394275,0.0601161548394275,0.0601161548394275,0.0601161548394275,0.0601161548394274,0.0601161548394275,0.0601161548394275,0.0601161548394274,0.0601161548394275,0.0601161548394274,0.0601161548394275,0.0601161548394275,0.0601161548394274,0.0601161548394274,0.0601161548394275,0.0601161548394274,0.0601161548394274,0.0601161548394274,0.0601161548394276,0.0601161548394275,0.0601161548394275,0.0601161548394274,0.0601161548394276,0.0601161548394275,0.0601161548394275,0.0601161548394275,0.0601161548394275,0.0601161548394275,0.0601161548394275,0.0601161548394275,0.0601161548394275,0.0616846108949027,0.0601161548394275,0.0601161548394275,0.0601161548394275,0.0601161548394275,0.0601161548394275,0.0601161548394275
"116",0.0601161548394275,0.0601161548394275,0.0601161548394275,0.0983537787786748,0.0601161548394275,0.0983537787786748,0.0601161548394275,0.0983537787786748,0.0983537787786748,0.0601161548394275,0.0601161548394275,0.0601161548394275,0.0601161548394275,0.0983537787786748,0.0983537787786748,0.0983537787786748,0.0983537787786748,0.0983537787786748,0.0601161548394275,0.0601161548394275,0.0601161548394275,0.0601161548394275,0.0601161548394275,0.0601161548394275,0.0601161548394275,0.0601161548394275,0.0601161548394275,0.0601161548394275,0.0601161548394275,0.0601161548394275,0.0601161548394275,0.0983537787786748,0.0601161548394275,0.0601161548394275,0.0983537787786748,0.0983537787786748,0.0601161548394275,0.0601161548394275,0.0983537787786748,0.0601161548394275,0.0601161548394275,0.0601161548394275,0.0601161548394275,0.0983537787786748,0.0983537787786748,0.0601161548394275,0.0601161548394275,0.0601161548394275,0.0601161548394275,0.0601161548394275,0.0601161548394275,0.0983537787786748,0.0601161548394275,0.0983537787786748,0.0601161548394275,0.0601161548394275,0.0983537787786748,0.0601161548394275,0.0601161548394275,0.0601161548394275,0.0601161548394275,0.0601161548394275,0.0601161548394275,0.0983537787786748,0.0601161548394275,0.0983537787786748,0.0601161548394275,0.0601161548394275,0.0601161548394275,0.0983537787786748,0.0601161548394275,0.0983537787786748,0.0983537787786748,0.0601161548394275,0.0601161548394275,0.0601161548394275,0.0983537787786748,0.0601161548394275,0.0601161548394275,0.0601161548394275,0.0983537787786748,0.0983537787786748,0.0601161548394275,0.0983537787786748,0.0601161548394275,0.0601161548394275,0.0601161548394275,0.0601161548394275,0.0601161548394275,0.0983537787786748,0.0983537787786748,0.0601161548394275,0.0601161548394275,0.0983537787786748,0.0983537787786748,0.0983537787786748,0.0601161548394275,0.0983537787786748,0.0601161548394275,0.0983537787786748,0.0601161548394275,0.0601161548394275,0.0601161548394275,0.0983537787786748,0.0983537787786748,0.0601161548394275,0.0601161548394275,0.0601161548394275,0.0601161548394275,0.0601161548394275,0.0601161548394275,0.0601161548394275,0.0601161548394275,0.0601161548394275,0.0601161548394275,1,0.104198165850106,0.104198165850106,0.104198165850106,0.104198165850106,0.104198165850106,0.104198165850106,0.104198165850106,0.104198165850106,0.104198165850106,0.104198165850106,0.0601161548394275,0.0601161548394275,0.0601161548394275,0.0601161548394275,0.0601161548394275,0.0983537787786748,0.0601161548394275,0.0601161548394275,0.0601161548394275,0.0601161548394275,0.0601161548394275,0.0601161548394275,0.0601161548394275,0.0601161548394275,0.0601161548394275,0.0601161548394275,0.0601161548394275,0.0601161548394275,0.0601161548394275,0.0601161548394275,0.0983537787786748,0.0983537787786748,0.0601161548394275,0.0601161548394275,0.0983537787786748,0.0601161548394275,0.0601161548394275,0.0983537787786748,0.0601161548394275,0.0601161548394275,0.0601161548394275,0.0983537787786748,0.0983537787786748,0.0983537787786748,0.0601161548394275,0.0983537787786748,0.0601161548394275,0.0601161548394275,0.0601161548394275,0.0601161548394275,0.0601161548394275,0.0601161548394275,0.0601161548394275,0.0601161548394275,0.0601161548394275,0.0601161548394275,0.0601161548394275,0.0601161548394275,0.0601161548394275,0.0601161548394275,0.0983537787786748,0.0601161548394275,0.0601161548394275,0.0601161548394275,0.0601161548394275,0.0601161548394275,0.0601161548394275,0.0601161548394275,0.0601161548394275,0.0601161548394275,0.0983537787786748,0.0601161548394275,0.0601161548394275,0.0983537787786748,0.0601161548394275,0.0601161548394275,0.0601161548394275,0.0601161548394275,0.0983537787786748
"117",0.060149447091374,0.0601161548394275,0.0601665841131779,0.0601808448450932,0.0601849983145772,0.0601833885115112,0.0601161548394275,0.060138699405325,0.0601161548394275,0.0601161548394275,0.0601394437299159,0.0601161548394275,0.0601558000397356,0.0601654046058284,0.0601777934940552,0.060161849859328,0.0601461719498398,0.0601340863418982,0.0601409900401745,0.0601680324917252,0.0601841086250468,0.0602056342920615,0.0601601166641208,0.0601779449005455,0.0601447225268668,0.0601492551077806,0.0601161548394275,0.0601880368343924,0.0606724109310179,0.0602924416829874,0.0601516521475576,0.0602792303168494,0.0601893967407551,0.0601542439628067,0.0601337012596144,0.0601248409880574,0.0601354105674591,0.0601335880268846,0.0601292128477371,0.060155158000444,0.0601532621622747,0.0601161548394275,0.0601432570595234,0.0601296168563881,0.0601398020629643,0.0601406330628072,0.0601331407000237,0.0601337963946252,0.0601592657455631,0.0601542723543663,0.0601894431929644,0.0601676282624213,0.0601422790552841,0.0601307849596083,0.0601423330848468,0.0658211752772968,0.062035204677754,0.062035204677754,0.0654218500355947,0.0601161548394275,0.0655907181821826,0.0630831674632483,0.0635879633215932,0.061738318811456,0.0622920952177737,0.062913878310704,0.0644985306921841,0.0651281689797401,0.063365880966904,0.0601161548394275,0.062292095217774,0.0631280499684529,0.0601161548394275,0.0630897105086682,0.0633568116958955,0.063392192009884,0.060531046344248,0.061670634563878,0.0604974584531093,0.0623191828758425,0.060781647018717,0.0624646999739635,0.0601161548394275,0.0605310463442479,0.061646628865069,0.060383873538124,0.0621397010971545,0.0646447946206188,0.0662549632407902,0.0601161548394275,0.0601161548394275,0.0662292426252304,0.062639351392169,0.0612845339741009,0.0615603646639915,0.0612587673768678,0.0611703746008815,0.0609322040520375,0.0608329973328413,0.0607785934796942,0.0613144952683356,0.0622154435257775,0.0664143510917762,0.0608329973328415,0.0607785934796943,0.0808315088504513,0.0712093569932955,0.118015282032075,0.090243039335795,0.108056671204828,0.072331034122826,0.0770428527533233,0.0781643311016526,0.0992800605277337,0.0863376193084141,0.104198165850106,1,0.112911634171772,0.110746462250017,0.104198165850106,0.104198165850106,0.117638959496896,0.123051121636811,0.110746462250017,0.109149446101605,0.104198165850106,0.0696395593279247,0.0716017012432899,0.0787529014667707,0.0677842676499317,0.110887929576471,0.0601161548394275,0.0758080322276442,0.0839996114186171,0.0758080322276442,0.0935039998585344,0.0945333492653789,0.0702188494445934,0.123088692356809,0.138522714045705,0.136140096590184,0.20927192695282,0.133018179862429,0.129539971356622,0.127176836070327,0.0601161548394275,0.0601161548394275,0.0601161548394275,0.0601161548394275,0.0601161548394273,0.0601161548394275,0.0601161548394275,0.0601161548394272,0.0601161548394275,0.0601161548394275,0.0601161548394275,0.0601161548394275,0.0601161548394275,0.0601161548394275,0.0601161548394275,0.0601161548394275,0.0601161548394274,0.0601161548394275,0.0601161548394273,0.0601161548394273,0.0601161548394274,0.0601161548394274,0.0601161548394275,0.0601161548394276,0.0601161548394276,0.0601161548394276,0.0601161548394277,0.0601161548394276,0.0601161548394276,0.0601161548394276,0.0601161548394276,0.0601161548394276,0.0601161548394276,0.0601161548394276,0.0601161548394277,0.0601161548394276,0.0601161548394277,0.0601161548394274,0.0601161548394274,0.0601161548394275,0.0601161548394275,0.0601161548394275,0.0601161548394275,0.0603838735381243,0.0601161548394275,0.0601161548394275,0.0601161548394275,0.0601161548394275,0.0601161548394275,0.0601161548394275
"118",0.0602520878919337,0.0601161548394275,0.0603220587574809,0.0603802856633489,0.0603972443775378,0.0603906715135255,0.0601161548394275,0.0602082048354677,0.0601161548394275,0.0601161548394275,0.0602112439303851,0.0601161548394275,0.0602780271304264,0.0603172428010614,0.0603678269248549,0.0603027286869814,0.060238715411547,0.0601893695883349,0.0602175575517627,0.060327972521361,0.0603936117541307,0.0604815015619236,0.060295652009937,0.0603684451211362,0.060232797383251,0.0602513040183776,0.0601161548394275,0.0604096507258437,0.062387361624332,0.060835938193237,0.0602610911885105,0.0607819958726694,0.0604152032557036,0.0602716736315038,0.0601877972882581,0.0601516205898267,0.0601947764326362,0.0601873349563423,0.0601694709963517,0.060275405668807,0.0602676649166995,0.0601161548394275,0.0602268138454109,0.0601711205732342,0.0602127070127036,0.0602161000047243,0.0601855085101845,0.060188185726759,0.0602921776893306,0.0602717895549135,0.0604153929211728,0.0603263220435487,0.0602228206309572,0.0601758899663234,0.0602230412349423,0.0994890336665322,0.0733603697498695,0.0733603697498697,0.0976427772927273,0.0601161548394275,0.0988371638805505,0.0811015221535414,0.0823591091007259,0.0711575921461826,0.0750140029349304,0.0790548828816025,0.0839807096139895,0.132904950975123,0.120469725480669,0.0601161548394275,0.075014002934931,0.0792761974445691,0.0601161548394275,0.11829653218058,0.119048175835984,0.120178936570203,0.062966544739018,0.0708143957377907,0.0627357890244802,0.0752769187995998,0.0646882228718258,0.0762010208042298,0.0601161548394275,0.062966544739018,0.0706308259126827,0.0619554373164831,0.0740606133981168,0.122418221106905,0.134510320330914,0.0601161548394275,0.0601161548394275,0.096412760963659,0.071061632237775,0.0648602213262318,0.0661307216563436,0.0650515594360756,0.0643501462152019,0.0634707868258719,0.0631881738630385,0.0629550268699941,0.0652516268966657,0.0684931877014377,0.0837386242524405,0.0631881738630386,0.062955026869994,0.182114772615766,0.0751457321438308,0.084682112957104,0.0827941924272808,0.118361569214054,0.118004257053478,0.0814271754470885,0.188767988157219,0.0892945149776292,0.146991252684587,0.104198165850106,0.112911634171772,1,0.150876030954961,0.104198165850106,0.104198165850106,0.300892259507923,0.227112685653933,0.150876030954961,0.139492107596378,0.104198165850106,0.0707979428202522,0.0700094135186142,0.0732148612951959,0.0721289955153423,0.0724288062344869,0.0601161548394275,0.0753526508402489,0.0640398398522588,0.0753526508402489,0.0736161075159797,0.0657703711587879,0.0718090086139342,0.0799870774666532,0.0716107657995169,0.0726057205718716,0.0808164479089982,0.0708907083571987,0.0699771394634343,0.0730923832800473,0.0601161548394275,0.0601161548394275,0.0601161548394275,0.0601161548394275,0.0601161548394277,0.0601161548394275,0.0601161548394275,0.0601161548394277,0.0601161548394275,0.0601161548394275,0.0601161548394275,0.0601161548394275,0.0601161548394275,0.0601161548394275,0.0601161548394275,0.0601161548394275,0.0601161548394279,0.0601161548394277,0.0601161548394279,0.0601161548394279,0.0601161548394279,0.0601161548394279,0.0601161548394278,0.0601161548394276,0.0601161548394275,0.0601161548394275,0.0601161548394275,0.0601161548394275,0.0601161548394275,0.0601161548394275,0.0601161548394275,0.0601161548394275,0.0601161548394276,0.0601161548394275,0.0601161548394275,0.0601161548394276,0.0601161548394275,0.0601161548394278,0.0601161548394278,0.0601161548394275,0.0601161548394275,0.0601161548394275,0.0601161548394275,0.0619554373164833,0.0601161548394275,0.0601161548394275,0.0601161548394275,0.0601161548394275,0.0601161548394275,0.0601161548394275
"119",0.0602488727940102,0.0601161548394275,0.0603171887038252,0.0603740384229038,0.0603905960284163,0.0603841786262364,0.0601161548394275,0.060206027662619,0.0601161548394275,0.0601161548394275,0.0602089948766539,0.0601161548394275,0.060274198515847,0.0603124866547387,0.0603618743593507,0.0602983158294843,0.0602358166004506,0.060187637908049,0.0602151591678238,0.060322962594954,0.060387049324068,0.060472860356072,0.0602914065304929,0.0603624779340108,0.0602300385457677,0.0602481074606853,0.0601161548394275,0.0604027089409171,0.062333642884977,0.0608189138277621,0.0602576631439961,0.0607662473546769,0.0604081301419584,0.0602679952903186,0.0601861027961219,0.0601507817514545,0.0601929168692964,0.0601856513993124,0.0601682099589344,0.0602716390572191,0.0602640813899138,0.0601161548394275,0.0602241965309775,0.0601698205199111,0.0602104233540496,0.0602137360947886,0.0601838681523852,0.0601864820472491,0.0602880143847573,0.0602681084718999,0.0604083153214471,0.0603213511543572,0.0602202977643067,0.0601744771069865,0.060220513150552,0.0994224021578318,0.0733379563006292,0.0733379563006293,0.0976082093198602,0.0601161548394275,0.0988014956881466,0.0810821913009229,0.0822668270280023,0.0711340125154857,0.0749849962854527,0.0790110743217277,0.0837373514336682,0.0946076158865235,0.0821847532325673,0.0601161548394275,0.0749849962854534,0.0791920325378457,0.0601161548394275,0.0800067366750231,0.0807223768664641,0.0818794288631689,0.0629613086537671,0.0707953392458271,0.0627309768309199,0.0752498841005412,0.0646798241127669,0.0761698715934117,0.0601161548394275,0.062961308653767,0.0706115107606984,0.0619520586068365,0.0740363489875806,0.0839111467326001,0.0960139465318675,0.0601161548394275,0.0601161548394275,0.0961638770241968,0.0708373359633718,0.0647465918814378,0.0659948004144921,0.0649493503967671,0.0642462172723604,0.0633926626042523,0.0631233185083326,0.0628950936302934,0.0651432086677114,0.0682845994632486,0.0830673462288878,0.0631233185083327,0.0628950936302933,0.110518508273079,0.0731086805216501,0.0786021875687988,0.0780468793429022,0.103277036977631,0.0757437629417178,0.0772937263658637,0.188680489701845,0.0824396954606195,0.0985464199952242,0.104198165850106,0.110746462250017,0.150876030954961,1,0.104198165850106,0.104198165850106,0.157013418349746,0.153803000082249,0.311729711987645,0.316620207935788,0.104198165850106,0.069163790737941,0.0681939818894523,0.0706579235647246,0.0708530852764422,0.0695464462348522,0.0601161548394275,0.072645977757259,0.0630840925320434,0.072645977757259,0.0706620438015396,0.0643930939111304,0.0700568047302084,0.0753278556146576,0.0687738796301853,0.0695634608235986,0.075672721935394,0.0682341316663419,0.0675339667532567,0.0699729737599056,0.0601161548394275,0.0601161548394275,0.0601161548394275,0.0601161548394275,0.0601161548394274,0.0601161548394275,0.0601161548394275,0.0601161548394274,0.0601161548394275,0.0601161548394275,0.0601161548394275,0.0601161548394275,0.0601161548394275,0.0601161548394275,0.0601161548394275,0.0601161548394275,0.0601161548394272,0.0601161548394273,0.0601161548394272,0.0601161548394271,0.0601161548394272,0.0601161548394271,0.0601161548394272,0.0601161548394274,0.0601161548394274,0.0601161548394274,0.0601161548394275,0.0601161548394274,0.0601161548394274,0.0601161548394274,0.0601161548394275,0.0601161548394275,0.0601161548394274,0.0601161548394274,0.0601161548394275,0.0601161548394275,0.0601161548394275,0.0601161548394272,0.0601161548394271,0.0601161548394275,0.0601161548394275,0.0601161548394275,0.0601161548394275,0.0619520586068367,0.0601161548394275,0.0601161548394275,0.0601161548394275,0.0601161548394275,0.0601161548394275,0.0601161548394275
"120",0.0601161548394275,0.0601161548394275,0.0601161548394275,0.0601161548394275,0.0601161548394275,0.0601161548394275,0.0601161548394275,0.0601161548394275,0.0601161548394275,0.0601161548394275,0.0601161548394275,0.0601161548394275,0.0601161548394275,0.0601161548394275,0.0601161548394275,0.0601161548394275,0.0601161548394275,0.0601161548394275,0.0601161548394275,0.0601161548394275,0.0601161548394275,0.0601161548394275,0.0601161548394275,0.0601161548394275,0.0601161548394275,0.0601161548394275,0.0601161548394275,0.0601161548394275,0.0601161548394275,0.0601161548394275,0.0601161548394275,0.0601161548394275,0.0601161548394275,0.0601161548394275,0.0601161548394275,0.0601161548394275,0.0601161548394275,0.0601161548394275,0.0601161548394275,0.0601161548394275,0.0601161548394275,0.0601161548394275,0.0601161548394275,0.0601161548394275,0.0601161548394275,0.0601161548394275,0.0601161548394275,0.0601161548394275,0.0601161548394275,0.0601161548394275,0.0601161548394275,0.0601161548394275,0.0601161548394275,0.0601161548394275,0.0601161548394275,0.0601161548394275,0.0601161548394275,0.0601161548394275,0.0601161548394275,0.0601161548394275,0.0601161548394275,0.0601161548394275,0.0601161548394275,0.0601161548394275,0.0601161548394275,0.0601161548394275,0.0601161548394275,0.0601161548394275,0.0601161548394275,0.0601161548394275,0.0601161548394275,0.0601161548394275,0.0601161548394275,0.0601161548394275,0.0601161548394275,0.0601161548394275,0.0601161548394275,0.0601161548394275,0.0601161548394275,0.0601161548394275,0.0601161548394275,0.0601161548394275,0.0601161548394275,0.0601161548394275,0.0601161548394275,0.0601161548394275,0.0601161548394275,0.0601161548394275,0.0601161548394275,0.0601161548394275,0.0601161548394275,0.0601161548394275,0.0601161548394275,0.0601161548394275,0.0601161548394275,0.0601161548394275,0.0601161548394275,0.0601161548394275,0.0601161548394275,0.0601161548394275,0.0601161548394275,0.0601161548394275,0.0601161548394275,0.0601161548394275,0.0601161548394275,0.0601161548394275,0.0601161548394275,0.0601161548394275,0.0601161548394275,0.0601161548394275,0.0601161548394275,0.0601161548394275,0.0601161548394275,0.0601161548394275,0.0601161548394275,0.104198165850106,0.104198165850106,0.104198165850106,0.104198165850106,1,0.104198165850106,0.104198165850106,0.104198165850106,0.104198165850106,0.104198165850106,0.104198165850106,0.0601161548394275,0.0601161548394275,0.0601161548394275,0.0601161548394275,0.0601161548394275,0.0601161548394275,0.0601161548394275,0.0601161548394275,0.0601161548394275,0.0601161548394275,0.0601161548394275,0.0601161548394275,0.0601161548394275,0.0601161548394275,0.0601161548394275,0.0601161548394275,0.0601161548394275,0.0601161548394275,0.0601161548394275,0.0601161548394275,0.0601161548394275,0.0601161548394275,0.0601161548394275,0.0601161548394275,0.0601161548394275,0.0601161548394275,0.0601161548394275,0.0601161548394275,0.0601161548394275,0.0601161548394275,0.0601161548394275,0.0601161548394275,0.0601161548394275,0.0601161548394275,0.0601161548394275,0.0601161548394275,0.0601161548394275,0.0601161548394275,0.0601161548394275,0.0601161548394275,0.0601161548394275,0.0601161548394275,0.0601161548394275,0.0601161548394275,0.0601161548394275,0.0601161548394275,0.0601161548394275,0.0601161548394275,0.0601161548394275,0.0601161548394275,0.0601161548394275,0.0601161548394275,0.0601161548394275,0.0601161548394275,0.0601161548394275,0.0601161548394275,0.0601161548394275,0.0601161548394275,0.0601161548394275,0.0601161548394275,0.0601161548394275,0.0601161548394275,0.0601161548394275,0.0601161548394275,0.0601161548394275,0.0601161548394275,0.0601161548394275,0.0601161548394275,0.0601161548394275
"121",0.0601161548394277,0.0601161548394275,0.0601161548394274,0.0601161548394277,0.0601161548394279,0.0601161548394281,0.0601161548394275,0.0601161548394274,0.0601161548394275,0.0601161548394275,0.0601161548394281,0.0601161548394275,0.0601161548394274,0.060116154839428,0.060116154839428,0.060116154839428,0.0601161548394278,0.0601161548394276,0.0601161548394281,0.0601161548394284,0.0601161548394279,0.0601161548394284,0.0601161548394275,0.0601161548394281,0.0601161548394277,0.0601161548394278,0.0601161548394275,0.0601161548394272,0.060116154839428,0.0601161548394279,0.0601161548394274,0.0601161548394284,0.0601161548394275,0.0601161548394274,0.0601161548394277,0.0601161548394276,0.0601161548394275,0.0601161548394277,0.0601161548394275,0.060116154839428,0.0601161548394273,0.0601161548394275,0.0601161548394272,0.0601161548394274,0.0601161548394273,0.0601161548394276,0.0601161548394276,0.0601161548394275,0.0601161548394274,0.0601161548394273,0.0601161548394281,0.0601161548394283,0.0601161548394274,0.0601161548394277,0.0601161548394273,0.0601161548394273,0.0601161548394274,0.0601161548394272,0.0601161548394274,0.0601161548394275,0.0601161548394275,0.0601161548394276,0.0601161548394274,0.0601161548394275,0.0601161548394275,0.0601161548394275,0.0601161548394273,0.0601161548394276,0.0601161548394278,0.0601161548394275,0.0601161548394277,0.0601161548394276,0.0601161548394275,0.0601161548394274,0.0601161548394275,0.0601161548394274,0.0601161548394273,0.0601161548394275,0.0601161548394275,0.0601161548394274,0.0601161548394275,0.0601161548394278,0.0601161548394275,0.0601161548394273,0.0601161548394275,0.0601161548394275,0.0601161548394275,0.0601161548394274,0.0601161548394274,0.0601161548394275,0.0601161548394275,0.0601161548394274,0.0601161548394274,0.0601161548394275,0.0601161548394274,0.0601161548394273,0.0601161548394278,0.0601161548394276,0.0601161548394273,0.0601161548394274,0.0601161548394273,0.0601161548394275,0.0601161548394277,0.0601161548394275,0.0601161548394275,0.0601161548394274,0.0601161548394276,0.0601161548394276,0.0601161548394277,0.0601161548394277,0.0601161548394278,0.0601161548394275,0.0601161548394274,0.0601161548394276,0.0601161548394274,0.104198165850106,0.104198165850106,0.104198165850106,0.104198165850106,0.104198165850106,1,0.104198165850106,0.104198165850106,0.104198165850106,0.104198165850106,0.430803424202447,0.060116154839428,0.0601161548394269,0.0601161548394272,0.060116154839428,0.0601161548394279,0.0601161548394275,0.0601161548394273,0.0601161548394275,0.0601161548394272,0.0601161548394275,0.0601161548394275,0.060116154839428,0.060116154839428,0.0601161548394272,0.0601161548394275,0.0601161548394276,0.0601161548394274,0.0601161548394271,0.0601161548394278,0.0601161548394275,0.0601161548394275,0.0601161548394275,0.0601161548394275,0.0601161548394274,0.0601161548394275,0.0601161548394275,0.0601161548394274,0.0601161548394275,0.0601161548394275,0.0601161548394275,0.0601161548394275,0.0601161548394275,0.0601161548394275,0.0601161548394275,0.0601161548394275,0.0601161548394277,0.0601161548394274,0.0601161548394277,0.0601161548394277,0.0601161548394277,0.0601161548394276,0.0601161548394275,0.0601161548394274,0.0601161548394282,0.060116154839428,0.0601161548394277,0.060116154839428,0.0601161548394275,0.0601161548394275,0.0601161548394277,0.0601161548394274,0.0601161548394281,0.0601161548394276,0.0601161548394275,0.0601161548394279,0.0601161548394273,0.0601161548394273,0.0601161548394275,0.0601161548394275,0.0601161548394275,0.0601161548394275,0.0601161548394275,0.0601161548394275,0.0601161548394275,0.0601161548394275,0.0601161548394275,0.0601161548394275,0.0601161548394275,0.0601161548394275
"122",0.0602751405839568,0.0601161548394275,0.0603569777085506,0.0604250792321342,0.0604449139504156,0.0604372264037931,0.0601161548394275,0.0602238154626869,0.0601161548394275,0.0601161548394275,0.0602273699533662,0.0601161548394275,0.0603054788208186,0.0603513450209676,0.0604105076339921,0.0603343694790325,0.0602595002837408,0.0602017859729227,0.0602347542927662,0.060363894379192,0.0604406652755988,0.060543460190234,0.0603260926784461,0.0604112306692969,0.0602525786254874,0.0602742237744052,0.0601161548394275,0.0604594242735927,0.0627725323357063,0.060958005223093,0.0602856707367275,0.0608949149015048,0.0604659184490528,0.0602980478410977,0.0601999470287239,0.0601576351757294,0.0602081097562186,0.0601994062905995,0.0601785128071752,0.0603024127892711,0.060293359294081,0.0601161548394275,0.0602455803480198,0.0601804421334428,0.060229081157723,0.0602330495624095,0.0601972701000491,0.0602004013419547,0.0603220291527754,0.0602981834237927,0.0604661402796176,0.0603619639992072,0.0602409099300364,0.0601860203610869,0.0602411679459358,0.104732039608269,0.075124007551769,0.0751240075517691,0.102591927777714,0.0601161548394275,0.103943834509209,0.083869150413972,0.0854116787401513,0.0726360196277391,0.0770041377849449,0.0815963222980281,0.0874952613957477,0.137507940611468,0.123431205162705,0.0601161548394275,0.0770041377849456,0.0819134274969202,0.0601161548394275,0.120982724193876,0.121892069594687,0.123126620910176,0.0633467947916601,0.0722405828474889,0.0630852556139149,0.0772980552748724,0.0652981496436869,0.0783494442255121,0.0601161548394275,0.06334679479166,0.0720335126923735,0.0622008027869488,0.0759186022627431,0.126002109856164,0.139652734157631,0.0601161548394275,0.0601161548394275,0.101557067936519,0.0728604891298739,0.0656671202772568,0.0671402141021676,0.0658644568344377,0.0650744632553028,0.0640376707849462,0.0636962078912592,0.0634245042990747,0.0661009037194981,0.069931177411562,0.0879314300103228,0.0636962078912593,0.0634245042990746,0.248367078450876,0.0804838792841445,0.0979694910198739,0.0936250011717667,0.150975631796233,0.127238737791393,0.0910615399687131,0.205683631971408,0.104468500259323,0.170262614307352,0.104198165850106,0.117638959496896,0.300892259507923,0.157013418349746,0.104198165850106,0.104198165850106,1,0.296326518660705,0.157013418349746,0.144132692436736,0.104198165850106,0.0749010218168084,0.0743104002786263,0.0791636683772227,0.0758113519312769,0.078814940067321,0.0601161548394275,0.0818285042969599,0.0661366587247676,0.0818285042969599,0.0802759512903534,0.0687919866679104,0.076239704040331,0.0903058414839305,0.0778148337336436,0.0792801495975416,0.09204699538479,0.0767018246739029,0.0753151833926353,0.0799582236185629,0.0601161548394275,0.0601161548394275,0.0601161548394275,0.0601161548394275,0.0601161548394273,0.0601161548394275,0.0601161548394275,0.0601161548394273,0.0601161548394275,0.0601161548394275,0.0601161548394275,0.0601161548394275,0.0601161548394275,0.0601161548394275,0.0601161548394275,0.0601161548394275,0.0601161548394279,0.0601161548394276,0.0601161548394278,0.0601161548394279,0.0601161548394278,0.0601161548394279,0.0601161548394277,0.0601161548394275,0.0601161548394275,0.0601161548394275,0.0601161548394275,0.0601161548394275,0.0601161548394275,0.0601161548394275,0.0601161548394275,0.0601161548394275,0.0601161548394275,0.0601161548394275,0.0601161548394275,0.0601161548394275,0.0601161548394274,0.0601161548394279,0.060116154839428,0.0601161548394275,0.0601161548394275,0.0601161548394275,0.0601161548394275,0.0622008027869492,0.0601161548394275,0.0601161548394275,0.0601161548394275,0.0601161548394275,0.0601161548394275,0.0601161548394275
"123",0.060271015368181,0.0601161548394275,0.0603507290583849,0.0604170635463121,0.0604363836115785,0.0604288955343405,0.0601161548394275,0.0602210219839206,0.0601161548394275,0.0601161548394275,0.0602244842459471,0.0601161548394275,0.0603005664163947,0.0603452425225953,0.0604028700385876,0.0603287074463989,0.0602557808880805,0.0601995640950818,0.0602316769833045,0.0603574662616225,0.0604322451774656,0.0605323728642636,0.0603206454046166,0.0604035743132379,0.0602490388266451,0.06027012234716,0.0601161548394275,0.0604505174342445,0.0627036070972398,0.0609361616641379,0.0602812722942391,0.060874708352149,0.0604568431048166,0.0602933282488964,0.0601977728661146,0.0601565588821397,0.0602057237946689,0.0601972461585654,0.0601768948000196,0.0602975799394119,0.0602887613559826,0.0601161548394275,0.0602422221340402,0.0601787740659049,0.0602261510495481,0.0602300164857222,0.0601951653959214,0.0601982153912437,0.0603166873155701,0.0602934603136165,0.0604570591795262,0.0603555859693608,0.0602376728997643,0.060184207554832,0.0602379242209045,0.102090717243556,0.0742355218202677,0.0742355218202678,0.100026047752462,0.0601161548394275,0.101296288389656,0.0824342774812731,0.0840109236296458,0.0719034941880611,0.0760110667308403,0.0803454919487097,0.0862338722317118,0.135192155184276,0.121964158281777,0.0601161548394275,0.076011066730841,0.0807146375942934,0.0601161548394275,0.119675687269263,0.120592712517817,0.121704221813289,0.0631562666843653,0.0715244853647542,0.0629101518699834,0.0762833032418841,0.0649925397098456,0.0772769660466836,0.0601161548394275,0.0631562666843653,0.0713306823958228,0.0620778599540458,0.0749842548689337,0.124770396215432,0.137557688196484,0.0601161548394275,0.0601161548394275,0.0994357241019935,0.072470460331747,0.0655255298472183,0.0669470883136089,0.0656903831266933,0.0649523068351222,0.0639338258023086,0.0635899240100423,0.0633262866984129,0.0659232297214112,0.0696944452592451,0.0874028520013048,0.0635899240100424,0.0633262866984128,0.253744889417196,0.0828084466594998,0.11288452498048,0.100916610585884,0.192178831166779,0.131394939920871,0.0958514368594422,0.196835193961174,0.118621801345129,0.180241760075189,0.104198165850106,0.123051121636811,0.227112685653933,0.153803000082249,0.104198165850106,0.104198165850106,0.296326518660705,1,0.153803000082249,0.141705239616011,0.104198165850106,0.0769690154901742,0.0768655579343495,0.0830699316770377,0.0771334738485087,0.0851299062472282,0.0601161548394275,0.0854590473454282,0.0684269971477393,0.0854590473454282,0.0858177750982458,0.0720924730335785,0.0784217154081387,0.100394493862348,0.0848066971344242,0.0865705748456704,0.104904486604185,0.0832358683659307,0.0813856066880649,0.0871976512517414,0.0601161548394275,0.0601161548394275,0.0601161548394275,0.0601161548394275,0.060116154839427,0.0601161548394275,0.0601161548394275,0.060116154839427,0.0601161548394275,0.0601161548394275,0.0601161548394275,0.0601161548394275,0.0601161548394275,0.0601161548394275,0.0601161548394275,0.0601161548394275,0.0601161548394279,0.0601161548394276,0.0601161548394278,0.0601161548394279,0.0601161548394277,0.0601161548394279,0.0601161548394276,0.0601161548394276,0.0601161548394276,0.0601161548394276,0.0601161548394276,0.0601161548394275,0.0601161548394276,0.0601161548394276,0.0601161548394275,0.0601161548394275,0.0601161548394276,0.0601161548394276,0.0601161548394275,0.0601161548394276,0.0601161548394275,0.0601161548394279,0.0601161548394279,0.0601161548394275,0.0601161548394275,0.0601161548394275,0.0601161548394275,0.0620778599540462,0.0601161548394275,0.0601161548394275,0.0601161548394275,0.0601161548394275,0.0601161548394275,0.0601161548394275
"124",0.0602488727940102,0.0601161548394275,0.0603171887038252,0.0603740384229039,0.0603905960284164,0.0603841786262364,0.0601161548394275,0.060206027662619,0.0601161548394275,0.0601161548394275,0.0602089948766539,0.0601161548394275,0.060274198515847,0.0603124866547387,0.0603618743593507,0.0602983158294843,0.0602358166004506,0.060187637908049,0.0602151591678238,0.060322962594954,0.060387049324068,0.060472860356072,0.0602914065304929,0.0603624779340108,0.0602300385457677,0.0602481074606853,0.0601161548394275,0.0604027089409172,0.0623336428849771,0.0608189138277621,0.0602576631439961,0.0607662473546769,0.0604081301419584,0.0602679952903186,0.0601861027961219,0.0601507817514545,0.0601929168692964,0.0601856513993124,0.0601682099589344,0.0602716390572191,0.0602640813899138,0.0601161548394275,0.0602241965309775,0.0601698205199111,0.0602104233540495,0.0602137360947886,0.0601838681523852,0.0601864820472491,0.0602880143847573,0.0602681084718999,0.0604083153214471,0.0603213511543572,0.0602202977643067,0.0601744771069865,0.060220513150552,0.0994224021578319,0.0733379563006292,0.0733379563006294,0.0976082093198602,0.0601161548394275,0.0988014956881466,0.0810821913009229,0.0822668270280024,0.0711340125154858,0.0749849962854528,0.0790110743217278,0.0837373514336682,0.0946076158865236,0.0821847532325674,0.0601161548394275,0.0749849962854535,0.0791920325378458,0.0601161548394275,0.0800067366750232,0.0807223768664642,0.081879428863169,0.0629613086537671,0.0707953392458271,0.0627309768309199,0.0752498841005413,0.0646798241127669,0.0761698715934118,0.0601161548394275,0.0629613086537671,0.0706115107606985,0.0619520586068365,0.0740363489875807,0.0839111467326002,0.0960139465318676,0.0601161548394275,0.0601161548394275,0.0961638770241968,0.0708373359633719,0.0647465918814379,0.0659948004144921,0.0649493503967671,0.0642462172723604,0.0633926626042524,0.0631233185083327,0.0628950936302934,0.0651432086677115,0.0682845994632487,0.0830673462288879,0.0631233185083327,0.0628950936302934,0.110518508273079,0.0731086805216501,0.0786021875687988,0.0780468793429022,0.103277036977631,0.0757437629417178,0.0772937263658638,0.188680489701845,0.0824396954606196,0.0985464199952242,0.104198165850106,0.110746462250017,0.150876030954961,0.311729711987645,0.104198165850106,0.104198165850106,0.157013418349746,0.153803000082249,1,0.316620207935788,0.104198165850106,0.069163790737941,0.0681939818894524,0.0706579235647246,0.0708530852764422,0.0695464462348523,0.0601161548394275,0.072645977757259,0.0630840925320434,0.072645977757259,0.0706620438015397,0.0643930939111304,0.0700568047302084,0.0753278556146576,0.0687738796301853,0.0695634608235987,0.0756727219353941,0.0682341316663419,0.0675339667532568,0.0699729737599057,0.0601161548394275,0.0601161548394275,0.0601161548394275,0.0601161548394275,0.0601161548394275,0.0601161548394275,0.0601161548394275,0.0601161548394275,0.0601161548394275,0.0601161548394275,0.0601161548394275,0.0601161548394275,0.0601161548394275,0.0601161548394275,0.0601161548394275,0.0601161548394275,0.0601161548394272,0.0601161548394273,0.0601161548394272,0.0601161548394271,0.0601161548394272,0.0601161548394271,0.0601161548394272,0.0601161548394274,0.0601161548394275,0.0601161548394275,0.0601161548394275,0.0601161548394275,0.0601161548394275,0.0601161548394275,0.0601161548394275,0.0601161548394276,0.0601161548394275,0.0601161548394275,0.0601161548394276,0.0601161548394275,0.0601161548394275,0.0601161548394272,0.0601161548394271,0.0601161548394275,0.0601161548394275,0.0601161548394275,0.0601161548394275,0.0619520586068367,0.0601161548394275,0.0601161548394275,0.0601161548394275,0.0601161548394275,0.0601161548394275,0.0601161548394275
"125",0.0602165051820835,0.0601161548394275,0.060268160023965,0.0603111450805641,0.0603236645726853,0.0603188122638191,0.0601161548394275,0.0601841092366383,0.0601161548394275,0.0601161548394275,0.0601863527985291,0.0601161548394275,0.0602356543987236,0.0602646047232637,0.0603019476215654,0.0602538899170079,0.0602066331681452,0.0601702044249022,0.0601910137257795,0.060272525762987,0.0603209828481381,0.0603858660547272,0.0602486656764485,0.060302403994813,0.060202264280988,0.0602159265003095,0.0601161548394275,0.0603328233554878,0.061792835932851,0.0606475230744622,0.0602231517178588,0.060607701042566,0.0603369224194299,0.0602309640325309,0.0601690437002032,0.0601423368469633,0.0601741959388742,0.0601687023912623,0.0601555146163012,0.0602337191477541,0.0602280046646899,0.0601161548394275,0.0601978470324867,0.0601567323893327,0.0601874328950136,0.0601899377156261,0.0601673540473949,0.060169330458545,0.0602461008163437,0.0602310496110835,0.0603370624368467,0.0602713073248596,0.0601948991075237,0.0601602533154207,0.060195061964792,0.0898362887830864,0.0701133877785127,0.0701133877785128,0.0884645461766917,0.0601161548394275,0.089366810654176,0.0759689379060908,0.076864661484026,0.068446947734818,0.0713587432194173,0.0744029305094539,0.0779765504402465,0.0861957455449031,0.0768026040666939,0.0601161548394275,0.0713587432194179,0.0745397561488405,0.0601161548394275,0.0751557680485577,0.07569687598422,0.076571743026176,0.0622674248848101,0.0681908710135819,0.0620932670067748,0.0715590294813111,0.0635668241688982,0.0722546479486023,0.0601161548394275,0.0622674248848101,0.0680518751141151,0.0615043134553612,0.0706414545774958,0.078107960073967,0.0872590964878237,0.0601161548394275,0.0601161548394275,0.0873724615281993,0.0682226254586324,0.0636173084344641,0.0645611005113693,0.0637706176574225,0.063238966531628,0.0625935790730159,0.0623899233400523,0.0622173585594551,0.0639171972515485,0.0662924572059383,0.0774699479078877,0.0623899233400524,0.062217358559455,0.0982262466777386,0.0699400283935248,0.0740937641582018,0.0736738859968507,0.092750844889659,0.0719324598216028,0.0731044139946947,0.157325873730586,0.0769953702980828,0.0891739435076887,0.104198165850106,0.109149446101605,0.139492107596378,0.316620207935788,0.104198165850106,0.104198165850106,0.144132692436736,0.141705239616011,0.316620207935788,1,0.104198165850106,0.0669572289465293,0.0662239396899044,0.0680869686385918,0.0682345337868477,0.0672465613910732,0.0601161548394275,0.0695901708245127,0.0623602639004235,0.0695901708245127,0.0680900840209643,0.0633500225004688,0.0676324522831342,0.0716179850927321,0.0666624104090397,0.0672594264161275,0.0718787444870828,0.0662542976311574,0.0657248908213193,0.06756906623547,0.0601161548394275,0.0601161548394275,0.0601161548394275,0.0601161548394275,0.0601161548394277,0.0601161548394275,0.0601161548394275,0.0601161548394277,0.0601161548394275,0.0601161548394275,0.0601161548394275,0.0601161548394275,0.0601161548394275,0.0601161548394275,0.0601161548394275,0.0601161548394275,0.0601161548394271,0.0601161548394272,0.060116154839427,0.060116154839427,0.060116154839427,0.060116154839427,0.0601161548394272,0.0601161548394273,0.0601161548394275,0.0601161548394275,0.0601161548394275,0.0601161548394275,0.0601161548394274,0.0601161548394274,0.0601161548394275,0.0601161548394275,0.0601161548394275,0.0601161548394274,0.0601161548394275,0.0601161548394275,0.0601161548394275,0.0601161548394271,0.060116154839427,0.0601161548394275,0.0601161548394275,0.0601161548394275,0.0601161548394275,0.0615043134553614,0.0601161548394275,0.0601161548394275,0.0601161548394275,0.0601161548394275,0.0601161548394275,0.0601161548394275
"126",0.0601161548394276,0.0601161548394275,0.0601161548394274,0.0601161548394277,0.0601161548394279,0.0601161548394281,0.0601161548394275,0.0601161548394274,0.0601161548394275,0.0601161548394275,0.0601161548394281,0.0601161548394275,0.0601161548394274,0.060116154839428,0.060116154839428,0.0601161548394279,0.0601161548394278,0.0601161548394276,0.060116154839428,0.0601161548394284,0.0601161548394279,0.0601161548394284,0.0601161548394275,0.0601161548394281,0.0601161548394277,0.0601161548394277,0.0601161548394275,0.0601161548394271,0.060116154839428,0.0601161548394278,0.0601161548394274,0.0601161548394284,0.0601161548394275,0.0601161548394273,0.0601161548394277,0.0601161548394275,0.0601161548394275,0.0601161548394277,0.0601161548394274,0.060116154839428,0.0601161548394273,0.0601161548394275,0.0601161548394271,0.0601161548394274,0.0601161548394273,0.0601161548394275,0.0601161548394275,0.0601161548394275,0.0601161548394274,0.0601161548394273,0.0601161548394281,0.0601161548394282,0.0601161548394274,0.0601161548394277,0.0601161548394273,0.0601161548394273,0.0601161548394274,0.0601161548394272,0.0601161548394274,0.0601161548394275,0.0601161548394275,0.0601161548394277,0.0601161548394274,0.0601161548394276,0.0601161548394275,0.0601161548394275,0.0601161548394274,0.0601161548394276,0.0601161548394278,0.0601161548394275,0.0601161548394277,0.0601161548394277,0.0601161548394275,0.0601161548394274,0.0601161548394276,0.0601161548394274,0.0601161548394273,0.0601161548394275,0.0601161548394275,0.0601161548394274,0.0601161548394275,0.0601161548394278,0.0601161548394275,0.0601161548394273,0.0601161548394275,0.0601161548394274,0.0601161548394275,0.0601161548394274,0.0601161548394275,0.0601161548394275,0.0601161548394275,0.0601161548394274,0.0601161548394274,0.0601161548394274,0.0601161548394274,0.0601161548394274,0.0601161548394278,0.0601161548394275,0.0601161548394273,0.0601161548394274,0.0601161548394273,0.0601161548394275,0.0601161548394277,0.0601161548394275,0.0601161548394275,0.0601161548394275,0.0601161548394276,0.0601161548394276,0.0601161548394277,0.0601161548394277,0.0601161548394279,0.0601161548394275,0.0601161548394275,0.0601161548394275,0.0601161548394275,0.104198165850106,0.104198165850106,0.104198165850106,0.104198165850106,0.104198165850106,0.430803424202447,0.104198165850106,0.104198165850106,0.104198165850106,0.104198165850106,1,0.0601161548394279,0.0601161548394269,0.0601161548394272,0.060116154839428,0.0601161548394279,0.0601161548394275,0.0601161548394273,0.0601161548394275,0.0601161548394272,0.0601161548394275,0.0601161548394275,0.060116154839428,0.060116154839428,0.0601161548394272,0.0601161548394275,0.0601161548394276,0.0601161548394274,0.0601161548394271,0.0601161548394279,0.0601161548394275,0.0601161548394275,0.0601161548394275,0.0601161548394275,0.0601161548394275,0.0601161548394275,0.0601161548394275,0.0601161548394275,0.0601161548394275,0.0601161548394275,0.0601161548394275,0.0601161548394275,0.0601161548394275,0.0601161548394275,0.0601161548394275,0.0601161548394275,0.0601161548394277,0.0601161548394274,0.0601161548394277,0.0601161548394277,0.0601161548394277,0.0601161548394276,0.0601161548394275,0.0601161548394274,0.0601161548394282,0.060116154839428,0.0601161548394278,0.060116154839428,0.0601161548394275,0.0601161548394275,0.0601161548394277,0.0601161548394275,0.0601161548394281,0.0601161548394276,0.0601161548394276,0.0601161548394279,0.0601161548394273,0.0601161548394273,0.0601161548394274,0.0601161548394275,0.0601161548394275,0.0601161548394275,0.0601161548394275,0.0601161548394275,0.0601161548394275,0.0601161548394275,0.0601161548394275,0.0601161548394275,0.0601161548394275,0.0601161548394275
"127",0.060410973517466,0.0601161548394275,0.0605627299718495,0.0606890155153412,0.0607257964571816,0.0607115408876691,0.0601161548394275,0.0603157976609907,0.0601161548394275,0.0601161548394275,0.0603223890081976,0.0601161548394275,0.0604672318877502,0.0605522848749515,0.0606619943549602,0.0605208059090405,0.0603819705861186,0.0602749467968494,0.0603360823187931,0.0605755560506965,0.0607179178344994,0.0609085378233016,0.0605054576436063,0.0606633351312252,0.060369135258384,0.060409273411706,0.0601161548394275,0.0607527039909965,0.0650420663048959,0.0616772584336717,0.060430500335601,0.0615602655217432,0.0607647466067018,0.06045345208866,0.0602715367106226,0.0601930748044806,0.0602866734421347,0.0602705339811046,0.0602317896950618,0.0604615463253741,0.0604447577793858,0.0601161548394275,0.0603561578501432,0.0602353673832467,0.0603255622172681,0.0603329211149284,0.0602665726896324,0.0602723791762579,0.0604979223562776,0.0604537035093839,0.0607651579630424,0.0605719764085292,0.0603474971588342,0.060245711491171,0.0603479756162377,0.0711742546578671,0.0638358688877614,0.0638358688877615,0.0681676765308376,0.0601161548394275,0.068423938056419,0.0646186687638305,0.0710608971956083,0.0636379680817468,0.0646265538573158,0.0664461182502044,0.0842692094036618,0.0699266179235755,0.0671805113110301,0.0601161548394275,0.0646265538573162,0.0699457244853137,0.0601161548394275,0.0673010332298763,0.0704981832957968,0.0683908413236899,0.060952152046599,0.0632026354281665,0.0608844731887273,0.0644926025753406,0.0614571068637918,0.0649714336301185,0.0601161548394275,0.060952152046599,0.0632000261557109,0.0606556020968845,0.0640897894594372,0.0865395555436667,0.0872563328846709,0.0601161548394275,0.0601161548394275,0.0864270661637122,0.0808816553137268,0.0705276293298385,0.0726161459617674,0.0695716555470651,0.0696245828841067,0.0672869855635947,0.0661079366516562,0.0656531979596876,0.070132573303397,0.0791834924165104,0.121026983473509,0.0661079366516564,0.0656531979596874,0.0820640953513073,0.185535975726454,0.0849520234905934,0.147369425856963,0.0883056393655478,0.101344121267412,0.153485522750359,0.0850529196833403,0.0978208185346008,0.109108685403075,0.0601161548394275,0.0696395593279247,0.0707979428202522,0.069163790737941,0.0601161548394275,0.060116154839428,0.0749010218168084,0.0769690154901742,0.069163790737941,0.0669572289465293,0.0601161548394279,1,0.195997007257133,0.197514195908621,0.259292843910624,0.130959737843083,0.104198165850106,0.262009881752671,0.109878846982785,0.262009881752671,0.15326348360662,0.112384296964209,0.27484980601468,0.0987650448597005,0.0740807392459143,0.078198452521231,0.0827405859677061,0.0733940541834954,0.0714106693883015,0.0814200738012267,0.0601161548394275,0.0601161548394275,0.0601161548394275,0.0601161548394275,0.0601161548394279,0.0601161548394275,0.0601161548394275,0.0601161548394279,0.0601161548394275,0.0601161548394275,0.0601161548394275,0.0601161548394275,0.0601161548394275,0.0601161548394275,0.0601161548394275,0.0601161548394275,0.0601161548394276,0.0601161548394276,0.0601161548394276,0.0601161548394276,0.0601161548394276,0.0601161548394276,0.0601161548394276,0.0601161548394276,0.0601161548394275,0.0601161548394276,0.0601161548394277,0.0601161548394275,0.0601161548394276,0.0601161548394276,0.0601161548394277,0.0601161548394276,0.0601161548394276,0.0601161548394276,0.0601161548394277,0.0601161548394276,0.0601161548394277,0.0601161548394275,0.0601161548394275,0.0601161548394275,0.0601161548394275,0.0601161548394275,0.0601161548394275,0.0606556020968849,0.0601161548394275,0.0601161548394275,0.0601161548394275,0.0601161548394275,0.0601161548394275,0.0601161548394275
"128",0.0602862081693367,0.0601161548394275,0.0603737422786913,0.0604465846010741,0.0604678000874156,0.060459577382255,0.0601161548394275,0.0602313101166479,0.0601161548394275,0.0601161548394275,0.0602351120485627,0.0601161548394275,0.0603186583630141,0.060367717478904,0.0604309986201198,0.0603495602067429,0.0602694790900069,0.0602077470726672,0.060243010439125,0.0603811404443437,0.0604632556466387,0.0605732064952712,0.0603407072274718,0.0604317719885849,0.0602620755895361,0.0602852275372831,0.0601161548394275,0.0604833205278276,0.0629574525927229,0.0610166095402646,0.0602974713649677,0.0609491272681726,0.0604902667868471,0.0603107100853259,0.060205780112765,0.0601605227752745,0.0602145110778947,0.0602052017318608,0.0601828537758211,0.0603153788936778,0.0603056951512208,0.0601161548394275,0.0602545901361055,0.0601849174096225,0.0602369423761816,0.0602411870361874,0.0602029168331904,0.06020626605242,0.0603363608247589,0.0603108551064337,0.0604905040598584,0.0603790756834728,0.0602495945930612,0.0601908839583135,0.0602498705704016,0.0687999254247186,0.0630371940748261,0.0630371940748262,0.0670347704840253,0.0601161548394275,0.0672549742005334,0.0639851332103892,0.0675858477418288,0.0627810159763774,0.0635799728136651,0.0648448802034225,0.0749039305950095,0.0677946517183985,0.0654594159266176,0.0601161548394275,0.0635799728136655,0.066769828367229,0.0601161548394275,0.0653790207682107,0.0671745618156612,0.0661004467359815,0.060764161991728,0.0625203299203626,0.0607117020270485,0.0635245475671789,0.061155568004,0.06384804814155,0.0601161548394275,0.060764161991728,0.0625065583630078,0.0605342970032079,0.0632228826406928,0.0761565154962211,0.0773610771501809,0.0601161548394275,0.0601161548394275,0.0769178900102803,0.0721860517500014,0.0661177682158931,0.067343124266165,0.0656088740060761,0.0655905823281892,0.0642555889505652,0.0635930625018014,0.0633291869983149,0.06592847631546,0.0710864447278731,0.0949497969351382,0.0635930625018016,0.0633291869983147,0.0822450941346994,0.152364283903253,0.089117427779659,0.161269478564027,0.09043687345083,0.100968228896534,0.150343238281292,0.0823799678239183,0.103081766890109,0.111159911000697,0.0601161548394275,0.0716017012432899,0.0700094135186142,0.0681939818894523,0.0601161548394275,0.0601161548394269,0.0743104002786263,0.0768655579343495,0.0681939818894524,0.0662239396899044,0.0601161548394269,0.195997007257133,1,0.262445066197392,0.17038472719254,0.139375614419471,0.104198165850106,0.261543300257278,0.111321228432237,0.261543300257278,0.173438295293102,0.114462837087476,0.199530365971124,0.107995949963946,0.0772316891743048,0.0827897277804006,0.0874019803967373,0.0764231172481389,0.0738386972716994,0.0868972221678775,0.0601161548394275,0.0601161548394275,0.0601161548394275,0.0601161548394275,0.0601161548394271,0.0601161548394275,0.0601161548394275,0.0601161548394271,0.0601161548394275,0.0601161548394275,0.0601161548394275,0.0601161548394275,0.0601161548394275,0.0601161548394275,0.0601161548394275,0.0601161548394275,0.0601161548394276,0.0601161548394277,0.0601161548394277,0.0601161548394276,0.0601161548394277,0.0601161548394276,0.0601161548394277,0.0601161548394277,0.0601161548394276,0.0601161548394276,0.0601161548394277,0.0601161548394276,0.0601161548394277,0.0601161548394276,0.0601161548394276,0.0601161548394276,0.0601161548394276,0.0601161548394277,0.0601161548394276,0.0601161548394276,0.0601161548394277,0.0601161548394274,0.0601161548394274,0.0601161548394275,0.0601161548394275,0.0601161548394275,0.0601161548394275,0.0605342970032083,0.0601161548394275,0.0601161548394275,0.0601161548394275,0.0601161548394275,0.0601161548394275,0.0601161548394275
"129",0.0602967600593078,0.0601161548394275,0.0603897257017652,0.0604670879248839,0.0604896198422397,0.0604808869143144,0.0601161548394275,0.060238455556349,0.0601161548394275,0.0601161548394275,0.0602424933999466,0.0601161548394275,0.0603312238029312,0.0603833270602867,0.0604505348264013,0.0603640431207552,0.060278992932652,0.0602134304142865,0.0602508818893985,0.0603975829271136,0.0604847934167519,0.0606015667678172,0.0603546408099113,0.0604513561827473,0.060271130041457,0.0602957185785691,0.0601161548394275,0.0605061033333582,0.0631337564691825,0.061072483182564,0.0603087221415827,0.061000813603405,0.0605134806110524,0.0603227823308334,0.060211341403587,0.0601632758267882,0.0602206141292543,0.060210727133873,0.0601869924765358,0.060327740840963,0.0603174562176826,0.0601161548394275,0.060263180112082,0.0601891841597956,0.0602444373002644,0.0602489453434418,0.0602083004561535,0.0602118574960287,0.0603500247108436,0.0603229363505699,0.0605137326069669,0.0603953900468489,0.0602578745932168,0.0601955209356697,0.0602581676950823,0.0709213588290727,0.0637508000077027,0.0637508000077029,0.0690254347235582,0.0601161548394275,0.0693089967311438,0.0650983381175897,0.0688433930005521,0.063381226846139,0.0643867806879701,0.0658780238899777,0.0764092397450031,0.0696576290728751,0.0666617635074614,0.0601161548394275,0.0643867806879705,0.0678581289165809,0.0601161548394275,0.066473467562673,0.0683470626891387,0.0673033757407558,0.0609181884767312,0.0630977863195553,0.060853259168258,0.0643429081202164,0.0614026287897288,0.0647189578436841,0.0601161548394275,0.0609181884767312,0.0630747395183692,0.0606336862884807,0.0639749381691869,0.0777004424654371,0.0795228354839359,0.0601161548394275,0.0601161548394275,0.0790762707860002,0.0729983026158115,0.0664875675074563,0.0678031580589568,0.06597628369794,0.0659233427211669,0.0645146754685256,0.0638230912081579,0.0635417579673368,0.0663130136457228,0.0717480212406477,0.0969052148221647,0.063823091208158,0.0635417579673367,0.0901118594986441,0.155672618998722,0.105237511908533,0.209561261272018,0.1037480275156,0.109012069999927,0.162242352410189,0.0891709942129746,0.12402907347941,0.127607119420847,0.0601161548394275,0.0787529014667707,0.0732148612951959,0.0706579235647246,0.0601161548394275,0.0601161548394272,0.0791636683772227,0.0830699316770377,0.0706579235647246,0.0680869686385918,0.0601161548394272,0.197514195908621,0.262445066197392,1,0.172116128708922,0.166787669980969,0.104198165850106,0.263594231721943,0.116260965804586,0.263594231721943,0.236603153805609,0.121581233078172,0.201355070344604,0.139327259912356,0.088396350415638,0.0985135115222684,0.10439084579,0.0871207027642899,0.0825701080662103,0.105466757453116,0.0601161548394275,0.0601161548394275,0.0601161548394275,0.0601161548394275,0.0601161548394275,0.0601161548394275,0.0601161548394275,0.0601161548394275,0.0601161548394275,0.0601161548394275,0.0601161548394275,0.0601161548394275,0.0601161548394275,0.0601161548394275,0.0601161548394275,0.0601161548394275,0.0601161548394273,0.0601161548394274,0.0601161548394273,0.0601161548394272,0.0601161548394273,0.0601161548394272,0.0601161548394274,0.0601161548394275,0.0601161548394276,0.0601161548394277,0.0601161548394277,0.0601161548394276,0.0601161548394276,0.0601161548394275,0.0601161548394276,0.0601161548394275,0.0601161548394276,0.0601161548394276,0.0601161548394275,0.0601161548394276,0.0601161548394276,0.0601161548394271,0.0601161548394271,0.0601161548394275,0.0601161548394275,0.0601161548394275,0.0601161548394275,0.0606336862884812,0.0601161548394275,0.0601161548394275,0.0601161548394275,0.0601161548394275,0.0601161548394275,0.0601161548394275
"130",0.0606467196896998,0.0601161548394275,0.0609198253186693,0.0611470927052543,0.061213284830632,0.0611876300649495,0.0601161548394275,0.0604754382621582,0.0601161548394275,0.0601161548394275,0.0604873002553238,0.0601161548394275,0.0607479640002873,0.0609010279978596,0.0610984645857367,0.060844377473048,0.0605945251135957,0.0604019217781934,0.060511943162395,0.0609429075285494,0.0611991062165377,0.0615421518691759,0.0608167562578446,0.0611008774883487,0.06057142625913,0.0606436601265672,0.0601161548394275,0.061261708464252,0.0689809781149361,0.0629255653565975,0.0606818607581316,0.0627150212784092,0.0612833807295275,0.0607231654458342,0.0603957848811,0.0602545823977252,0.0604230254132865,0.060393980337914,0.0603242549173265,0.0607377320856373,0.0607075188968126,0.0601161548394275,0.0605480717121723,0.0603306934361092,0.0604930108609285,0.0605062541617305,0.0603868514747395,0.0603973010084242,0.0608031955207164,0.0607236179103784,0.0612841210191747,0.0609364654933186,0.0605324856630856,0.0603493090140248,0.0605333467098897,0.0755451414846174,0.0653061440164078,0.0653061440164079,0.070194423323783,0.0601161548394275,0.0705151915656141,0.0657520514964648,0.0775691361858726,0.0652254714503575,0.0665609098606781,0.069417722602484,0.10192218446156,0.0738538593073577,0.0703690266857528,0.0601161548394275,0.0665609098606785,0.075897360696325,0.0601161548394275,0.0708766919344629,0.0767246387802331,0.0726579160589476,0.0612990596205296,0.0644606210923699,0.0612032965678911,0.0662774887251252,0.0620135518010942,0.0670474502354411,0.0601161548394275,0.0612990596205296,0.0644797174124141,0.0608794525329177,0.0656870257794924,0.106118459830814,0.105873943678018,0.0601161548394275,0.0601161548394275,0.104313413578487,0.097307522732198,0.0788603241863537,0.0825787609985077,0.0770574570508867,0.0772473986774243,0.073014696330272,0.0708587905639091,0.0700434918312889,0.0780745415421598,0.094484392736337,0.170315284415439,0.0708587905639092,0.0700434918312887,0.0812415082511477,0.211641731512681,0.0803292067071352,0.126240101299303,0.0852516705284075,0.0951407832369939,0.139320657054042,0.0897088918213908,0.0904426078220736,0.101863650815737,0.0601161548394275,0.0677842676499317,0.0721289955153423,0.0708530852764422,0.0601161548394275,0.060116154839428,0.0758113519312769,0.0771334738485087,0.0708530852764422,0.0682345337868477,0.060116154839428,0.259292843910624,0.17038472719254,0.172116128708922,1,0.12473627957491,0.104198165850106,0.217608553412725,0.108668116997834,0.217608553412725,0.140967518763745,0.110639577595334,0.264657990609818,0.0900753067107533,0.0712554988726368,0.0743445519961282,0.0783330320470134,0.0706950932893926,0.0691717072979386,0.0767531463852436,0.0601161548394275,0.0601161548394275,0.0601161548394275,0.0601161548394275,0.0601161548394277,0.0601161548394275,0.0601161548394275,0.0601161548394277,0.0601161548394275,0.0601161548394275,0.0601161548394275,0.0601161548394275,0.0601161548394275,0.0601161548394275,0.0601161548394275,0.0601161548394275,0.0601161548394278,0.0601161548394276,0.0601161548394278,0.0601161548394279,0.0601161548394278,0.0601161548394279,0.0601161548394277,0.0601161548394275,0.0601161548394274,0.0601161548394275,0.0601161548394276,0.0601161548394275,0.0601161548394275,0.0601161548394275,0.0601161548394277,0.0601161548394276,0.0601161548394275,0.0601161548394275,0.0601161548394276,0.0601161548394275,0.0601161548394276,0.0601161548394277,0.0601161548394278,0.0601161548394275,0.0601161548394275,0.0601161548394275,0.0601161548394275,0.0608794525329181,0.0601161548394275,0.0601161548394275,0.0601161548394275,0.0601161548394275,0.0601161548394275,0.0601161548394275
"131",0.0601862111660053,0.0601161548394275,0.0602222723131457,0.0602522809317844,0.0602610210078561,0.0602576335263032,0.0601161548394275,0.0601635949907754,0.0601161548394275,0.0601161548394275,0.0601651612605097,0.0601161548394275,0.0601995795685352,0.0602197902956416,0.0602458600250471,0.0602123101022876,0.060179319340685,0.0601538877988895,0.0601684151352146,0.0602253201117942,0.0602591488491204,0.0603044449486637,0.0602086629687246,0.0602461786271811,0.0601762693442687,0.0601858071781538,0.0601161548394275,0.0602674149140662,0.0612866751898055,0.0604871122833287,0.0601908512286952,0.0604593118274695,0.0602702765421836,0.0601963051419904,0.0601530774767079,0.0601344329560922,0.0601566743444952,0.0601528392029762,0.060143632586984,0.0601982285360384,0.0601942391556223,0.0601161548394275,0.0601731855859534,0.060144482735603,0.0601659152947262,0.060167663953737,0.0601518979005772,0.0601532776677138,0.0602068723950966,0.0601963648858726,0.0602703742907875,0.06022446949886,0.0601711275880591,0.0601469407555892,0.0601712412815611,0.0686142371203371,0.0629747324036747,0.0629747324036748,0.067821010596508,0.0601161548394275,0.0680662385380531,0.0644248087388246,0.0656622886884669,0.0625660493218383,0.063383407088408,0.0643641981235161,0.0680355808136557,0.067590446857091,0.06502489718719,0.0601161548394275,0.0633834070884084,0.064957330111973,0.0601161548394275,0.0646718001984285,0.0653077795926236,0.0651671151761888,0.0607369955053596,0.06243820045037,0.0606867348264608,0.0634071866742217,0.0611119925535345,0.0636414325599778,0.0601161548394275,0.0607369955053596,0.062406345171675,0.0605167671760267,0.0631349535732589,0.0684300160454054,0.0706148352163029,0.0601161548394275,0.0601161548394275,0.0705072587434331,0.0652853903078063,0.0625805249210149,0.0631294836618705,0.0624616278726926,0.0623498889726756,0.0618284061177928,0.0615929403835023,0.0614808616150031,0.0625848865881046,0.0645760545528977,0.0738258781298484,0.0615929403835023,0.061480861615003,0.0893818162910585,0.0898311034775369,0.139880001371763,0.142631267008525,0.118879642899437,0.0856465498481571,0.101684714170343,0.0861075808401037,0.133338068693432,0.108172786084319,0.0601161548394275,0.110887929576471,0.0724288062344869,0.0695464462348522,0.0601161548394275,0.0601161548394279,0.078814940067321,0.0851299062472282,0.0695464462348523,0.0672465613910732,0.0601161548394279,0.130959737843083,0.139375614419471,0.166787669980969,0.12473627957491,1,0.104198165850106,0.149050821219591,0.152482375619946,0.149050821219591,0.246921134247433,0.173778003669728,0.13238397995912,0.218166167320691,0.152683523139354,0.213810656255191,0.180732949199696,0.150319316582204,0.12701289903362,0.226067255267157,0.0601161548394275,0.0601161548394275,0.0601161548394275,0.0601161548394275,0.0601161548394276,0.0601161548394275,0.0601161548394275,0.0601161548394276,0.0601161548394275,0.0601161548394275,0.0601161548394275,0.0601161548394275,0.0601161548394275,0.0601161548394275,0.0601161548394275,0.0601161548394275,0.0601161548394273,0.0601161548394274,0.0601161548394273,0.0601161548394272,0.0601161548394273,0.0601161548394272,0.0601161548394274,0.0601161548394275,0.0601161548394277,0.0601161548394277,0.0601161548394278,0.0601161548394277,0.0601161548394276,0.0601161548394275,0.0601161548394277,0.0601161548394277,0.0601161548394278,0.0601161548394277,0.0601161548394277,0.0601161548394277,0.0601161548394276,0.0601161548394273,0.0601161548394273,0.0601161548394275,0.0601161548394275,0.0601161548394275,0.0601161548394275,0.0605167671760272,0.0601161548394275,0.0601161548394275,0.0601161548394275,0.0601161548394275,0.0601161548394275,0.0601161548394275
"132",0.0601161548394275,0.0601161548394275,0.0601161548394275,0.0983537787786748,0.0601161548394275,0.0983537787786748,0.0601161548394275,0.0983537787786748,0.0983537787786748,0.0601161548394275,0.0601161548394275,0.0601161548394275,0.0601161548394275,0.0983537787786748,0.0983537787786748,0.0983537787786748,0.0983537787786748,0.0983537787786748,0.0601161548394275,0.0601161548394275,0.0601161548394275,0.0601161548394275,0.0601161548394275,0.0601161548394275,0.0601161548394275,0.0601161548394275,0.0601161548394275,0.0601161548394275,0.0601161548394275,0.0601161548394275,0.0601161548394275,0.0983537787786748,0.0601161548394275,0.0601161548394275,0.0983537787786748,0.0983537787786748,0.0601161548394275,0.0601161548394275,0.0983537787786748,0.0601161548394275,0.0601161548394275,0.0601161548394275,0.0601161548394275,0.0983537787786748,0.0983537787786748,0.0601161548394275,0.0601161548394275,0.0601161548394275,0.0601161548394275,0.0601161548394275,0.0601161548394275,0.0983537787786748,0.0601161548394275,0.0983537787786748,0.0601161548394275,0.0601161548394275,0.0983537787786748,0.0601161548394275,0.0601161548394275,0.0601161548394275,0.0601161548394275,0.0601161548394275,0.0601161548394275,0.0983537787786748,0.0601161548394275,0.0983537787786748,0.0601161548394275,0.0601161548394275,0.0601161548394275,0.0983537787786748,0.0601161548394275,0.0983537787786748,0.0983537787786748,0.0601161548394275,0.0601161548394275,0.0601161548394275,0.0983537787786748,0.0601161548394275,0.0601161548394275,0.0601161548394275,0.0983537787786748,0.0983537787786748,0.0601161548394275,0.0983537787786748,0.0601161548394275,0.0601161548394275,0.0601161548394275,0.0601161548394275,0.0601161548394275,0.0983537787786748,0.0983537787786748,0.0601161548394275,0.0601161548394275,0.0983537787786748,0.0983537787786748,0.0983537787786748,0.0601161548394275,0.0983537787786748,0.0601161548394275,0.0983537787786748,0.0601161548394275,0.0601161548394275,0.0601161548394275,0.0983537787786748,0.0983537787786748,0.0601161548394275,0.0601161548394275,0.0601161548394275,0.0601161548394275,0.0601161548394275,0.0601161548394275,0.0601161548394275,0.0601161548394275,0.0601161548394275,0.0601161548394275,0.0983537787786748,0.0601161548394275,0.0601161548394275,0.0601161548394275,0.0601161548394275,0.0601161548394275,0.0601161548394275,0.0601161548394275,0.0601161548394275,0.0601161548394275,0.0601161548394275,0.104198165850106,0.104198165850106,0.104198165850106,0.104198165850106,0.104198165850106,1,0.104198165850106,0.104198165850106,0.104198165850106,0.104198165850106,0.104198165850106,0.104198165850106,0.0601161548394275,0.0601161548394275,0.0601161548394275,0.0601161548394275,0.0601161548394275,0.0601161548394275,0.0601161548394275,0.0601161548394275,0.0983537787786748,0.0983537787786748,0.0601161548394275,0.0601161548394275,0.0983537787786748,0.0601161548394275,0.0601161548394275,0.0983537787786748,0.0601161548394275,0.0601161548394275,0.0601161548394275,0.0983537787786748,0.0983537787786748,0.0983537787786748,0.0601161548394275,0.0983537787786748,0.0601161548394275,0.0601161548394275,0.0601161548394275,0.0601161548394275,0.0601161548394275,0.0601161548394275,0.0601161548394275,0.0601161548394275,0.0601161548394275,0.0601161548394275,0.0601161548394275,0.0601161548394275,0.0601161548394275,0.0601161548394275,0.0983537787786748,0.0601161548394275,0.0601161548394275,0.0601161548394275,0.0601161548394275,0.0601161548394275,0.0601161548394275,0.0601161548394275,0.0601161548394275,0.0601161548394275,0.0983537787786748,0.0601161548394275,0.0601161548394275,0.0983537787786748,0.0601161548394275,0.0601161548394275,0.0601161548394275,0.0601161548394275,0.0983537787786748
"133",0.0604039870434244,0.0601161548394275,0.0605521472448968,0.0606754401331154,0.0607113494575362,0.0606974317097893,0.0601161548394275,0.0603110666195257,0.0601161548394275,0.0601161548394275,0.060317501768094,0.0601161548394275,0.0604589122293723,0.0605419496709808,0.060649059307454,0.0605112166787633,0.0603756714098707,0.0602711838199039,0.0603308705810705,0.060564669377374,0.0607036575387399,0.0608897603049141,0.0604962321292875,0.0606503683106352,0.0603631402476819,0.0604023272259693,0.0601161548394275,0.0607376193493001,0.064925334377279,0.0616402641366684,0.0604230511242291,0.0615260436676112,0.0607493765847757,0.0604454589774646,0.0602678545442928,0.0601912519914122,0.0602826325726777,0.0602668755769862,0.0602290494347683,0.0604533614007729,0.0604369707018326,0.0601161548394275,0.0603504703719432,0.0602325423405854,0.0603205997799519,0.0603277842899249,0.0602630081583319,0.0602686770455747,0.0604888754096455,0.0604457044401387,0.0607497781929877,0.060561174563879,0.060342014917614,0.060242641318717,0.0603424820367593,0.0738928990106629,0.0647503641227072,0.0647503641227074,0.0709175647650234,0.0601161548394275,0.0712613489454616,0.0661564414407871,0.0722970538450974,0.0643735218927617,0.0656344168950486,0.0676893205995425,0.084803763167377,0.0723055314308979,0.068653172603572,0.0601161548394275,0.0656344168950491,0.0709849155969645,0.0601161548394275,0.0685770120846786,0.0716355667115019,0.0697610006580172,0.0611467061751964,0.0639361149845671,0.0610632770240166,0.065531875776772,0.06176917459602,0.0660605250771744,0.0601161548394275,0.0611467061751964,0.0639177078554811,0.0607811428166363,0.065048983103712,0.0869466555366805,0.0886693062608903,0.0601161548394275,0.0601161548394275,0.0879051236132817,0.0805087995129062,0.0702759993229071,0.0723417688401393,0.0693976519646083,0.0693862037575248,0.0671212596278136,0.0659928506782941,0.0655468462905159,0.0699401849113203,0.0786956041477399,0.119195514738391,0.0659928506782943,0.0655468462905157,0.0937909336326472,0.217661746614598,0.100866168680534,0.206866675564341,0.10478250943443,0.126055006789796,0.209166294586864,0.0946503968383974,0.12219623708492,0.138781126066605,0.0601161548394275,0.0758080322276442,0.0753526508402489,0.072645977757259,0.0601161548394275,0.0601161548394273,0.0818285042969599,0.0854590473454282,0.072645977757259,0.0695901708245127,0.0601161548394273,0.262009881752671,0.261543300257278,0.263594231721943,0.217608553412725,0.149050821219591,0.104198165850106,1,0.113636035265548,0.29147890656678,0.187120301046858,0.1177985835937,0.267939052445794,0.12464586544226,0.0832040700906104,0.0901580389491114,0.097394819173376,0.0820782059644116,0.0787551743665244,0.0956019522912898,0.0601161548394275,0.0601161548394275,0.0601161548394275,0.0601161548394275,0.0601161548394275,0.0601161548394275,0.0601161548394275,0.0601161548394275,0.0601161548394275,0.0601161548394275,0.0601161548394275,0.0601161548394275,0.0601161548394275,0.0601161548394275,0.0601161548394275,0.0601161548394275,0.0601161548394275,0.0601161548394276,0.0601161548394276,0.0601161548394276,0.0601161548394276,0.0601161548394275,0.0601161548394276,0.0601161548394275,0.0601161548394275,0.0601161548394275,0.0601161548394277,0.0601161548394275,0.0601161548394276,0.0601161548394275,0.0601161548394276,0.0601161548394276,0.0601161548394275,0.0601161548394276,0.0601161548394276,0.0601161548394276,0.0601161548394276,0.0601161548394274,0.0601161548394274,0.0601161548394275,0.0601161548394275,0.0601161548394275,0.0601161548394275,0.0607811428166368,0.0601161548394275,0.0601161548394275,0.0601161548394275,0.0601161548394275,0.0601161548394275,0.0601161548394275
"134",0.0601335631784895,0.0601161548394275,0.0601425240348041,0.0601499808946419,0.0601521527214436,0.0601513109640988,0.0601161548394275,0.060127943271396,0.0601161548394275,0.0601161548394275,0.0601283324747119,0.0601161548394275,0.0601368851009386,0.0601419072767699,0.060148385359634,0.0601400485189885,0.0601318506246378,0.0601255311253996,0.0601291410320098,0.0601432813841374,0.0601516875075839,0.0601629431628198,0.0601391422405579,0.0601484645292714,0.0601310927291786,0.0601334627913028,0.0601161548394275,0.0601537415470738,0.0604070181509021,0.0602083342795499,0.0601347161904803,0.0602014261274198,0.0601544526347794,0.0601360714367013,0.0601253297679494,0.0601206967797186,0.0601262235558064,0.0601252705591655,0.0601229828015761,0.0601365493820552,0.0601355580584973,0.0601161548394275,0.0601303264442064,0.0601231940555215,0.0601285198451322,0.0601289543704692,0.0601250366543613,0.0601253795135338,0.0601386972998324,0.0601360862824949,0.0601544769243898,0.0601430700148144,0.0601298150510614,0.0601238048503983,0.0601298433028297,0.0627314845813223,0.0609958971949567,0.0609958971949568,0.0625276158235814,0.0601161548394275,0.0626043671128858,0.0614646746690261,0.0617470091252243,0.0608633158502618,0.0611163909693794,0.0614071583627788,0.0622710899610242,0.0624146837003107,0.061613047214725,0.0601161548394275,0.0611163909693796,0.0615340878113943,0.0601161548394275,0.0614925558522143,0.0616399744703959,0.0616359139527052,0.0603066483558352,0.0608294530221201,0.0602912267928067,0.0611270708733369,0.0604217092889686,0.0611956136451794,0.0601161548394275,0.0603066483558352,0.0608188575352589,0.060239075351731,0.061044279882493,0.0623566586924018,0.0630723942291258,0.0601161548394275,0.0601161548394275,0.0630533390370205,0.0614208080035718,0.0607276990804146,0.060868629263987,0.0607074427183559,0.0606690112943887,0.0605423437049835,0.0604876681130386,0.0604594725836645,0.0607372109008843,0.0612183085719345,0.06345732794519,0.0604876681130386,0.0604594725836645,0.0694458966694221,0.0665865865179607,0.0861519097722713,0.0780002881038705,0.0807148764291863,0.066513336070608,0.0696224597653078,0.0682962767124022,0.0799578931667922,0.0731494890423888,0.0601161548394275,0.0839996114186171,0.0640398398522588,0.0630840925320434,0.0601161548394275,0.0601161548394275,0.0661366587247676,0.0684269971477393,0.0630840925320434,0.0623602639004235,0.0601161548394275,0.109878846982785,0.111321228432237,0.116260965804586,0.108668116997834,0.152482375619946,0.104198165850106,0.113636035265548,1,0.113636035265548,0.128540274586639,0.350091761728163,0.110203913190802,0.0973075035112635,0.116000584747297,0.171435924671637,0.116855277821526,0.115771582430285,0.0961363338465647,0.11250821263859,0.0601161548394275,0.0601161548394275,0.0601161548394275,0.0601161548394275,0.0601161548394273,0.0601161548394275,0.0601161548394275,0.0601161548394273,0.0601161548394275,0.0601161548394275,0.0601161548394275,0.0601161548394275,0.0601161548394275,0.0601161548394275,0.0601161548394275,0.0601161548394275,0.0601161548394275,0.0601161548394274,0.0601161548394274,0.0601161548394274,0.0601161548394274,0.0601161548394275,0.0601161548394274,0.0601161548394274,0.0601161548394274,0.0601161548394274,0.0601161548394274,0.0601161548394274,0.0601161548394274,0.0601161548394274,0.0601161548394274,0.0601161548394274,0.0601161548394274,0.0601161548394274,0.0601161548394274,0.0601161548394274,0.0601161548394274,0.0601161548394276,0.0601161548394275,0.0601161548394275,0.0601161548394275,0.0601161548394275,0.0601161548394275,0.0602390753517313,0.0601161548394275,0.0601161548394275,0.0601161548394275,0.0601161548394275,0.0601161548394275,0.0601161548394275
"135",0.0604039870434244,0.0601161548394275,0.0605521472448968,0.0606754401331154,0.0607113494575362,0.0606974317097893,0.0601161548394275,0.0603110666195257,0.0601161548394275,0.0601161548394275,0.060317501768094,0.0601161548394275,0.0604589122293723,0.0605419496709808,0.060649059307454,0.0605112166787633,0.0603756714098707,0.0602711838199039,0.0603308705810705,0.060564669377374,0.0607036575387399,0.0608897603049141,0.0604962321292875,0.0606503683106352,0.0603631402476819,0.0604023272259693,0.0601161548394275,0.0607376193493001,0.064925334377279,0.0616402641366684,0.0604230511242291,0.0615260436676112,0.0607493765847757,0.0604454589774646,0.0602678545442928,0.0601912519914122,0.0602826325726777,0.0602668755769862,0.0602290494347683,0.0604533614007729,0.0604369707018326,0.0601161548394275,0.0603504703719432,0.0602325423405854,0.0603205997799519,0.0603277842899249,0.0602630081583319,0.0602686770455747,0.0604888754096454,0.0604457044401387,0.0607497781929877,0.060561174563879,0.060342014917614,0.060242641318717,0.0603424820367593,0.0738928990106629,0.0647503641227072,0.0647503641227074,0.0709175647650234,0.0601161548394275,0.0712613489454616,0.0661564414407871,0.0722970538450974,0.0643735218927617,0.0656344168950486,0.0676893205995425,0.084803763167377,0.0723055314308979,0.068653172603572,0.0601161548394275,0.0656344168950492,0.0709849155969645,0.0601161548394275,0.0685770120846786,0.0716355667115019,0.0697610006580172,0.0611467061751964,0.0639361149845671,0.0610632770240166,0.065531875776772,0.06176917459602,0.0660605250771744,0.0601161548394275,0.0611467061751964,0.0639177078554811,0.0607811428166363,0.065048983103712,0.0869466555366805,0.0886693062608903,0.0601161548394275,0.0601161548394275,0.0879051236132817,0.0805087995129062,0.0702759993229071,0.0723417688401393,0.0693976519646083,0.0693862037575248,0.0671212596278136,0.065992850678294,0.0655468462905159,0.0699401849113203,0.0786956041477399,0.119195514738391,0.0659928506782943,0.0655468462905157,0.0937909336326473,0.217661746614598,0.100866168680534,0.206866675564341,0.10478250943443,0.126055006789796,0.209166294586864,0.0946503968383974,0.12219623708492,0.138781126066605,0.0601161548394275,0.0758080322276442,0.0753526508402489,0.072645977757259,0.0601161548394275,0.0601161548394272,0.0818285042969599,0.0854590473454282,0.072645977757259,0.0695901708245127,0.0601161548394272,0.262009881752671,0.261543300257278,0.263594231721943,0.217608553412725,0.149050821219591,0.104198165850106,0.29147890656678,0.113636035265548,1,0.187120301046858,0.1177985835937,0.267939052445794,0.12464586544226,0.0832040700906105,0.0901580389491115,0.097394819173376,0.0820782059644116,0.0787551743665244,0.0956019522912898,0.0601161548394275,0.0601161548394275,0.0601161548394275,0.0601161548394275,0.0601161548394278,0.0601161548394275,0.0601161548394275,0.0601161548394278,0.0601161548394275,0.0601161548394275,0.0601161548394275,0.0601161548394275,0.0601161548394275,0.0601161548394275,0.0601161548394275,0.0601161548394275,0.0601161548394275,0.0601161548394277,0.0601161548394276,0.0601161548394275,0.0601161548394276,0.0601161548394274,0.0601161548394277,0.0601161548394276,0.0601161548394275,0.0601161548394276,0.0601161548394277,0.0601161548394275,0.0601161548394276,0.0601161548394275,0.0601161548394277,0.0601161548394276,0.0601161548394276,0.0601161548394276,0.0601161548394276,0.0601161548394276,0.0601161548394277,0.0601161548394274,0.0601161548394274,0.0601161548394275,0.0601161548394275,0.0601161548394275,0.0601161548394275,0.0607811428166368,0.0601161548394275,0.0601161548394275,0.0601161548394275,0.0601161548394275,0.0601161548394275,0.0601161548394275
"136",0.060226381506975,0.0601161548394275,0.0602831201381798,0.060330335717298,0.0603440873583925,0.0603387574928229,0.0601161548394275,0.0601907972028865,0.0601161548394275,0.0601161548394275,0.0601932615726547,0.0601161548394275,0.0602474153597802,0.0602792149303044,0.0603202330586677,0.0602674455894563,0.0602155379047553,0.0601755239011719,0.060198381221127,0.0602879155464573,0.06034114170268,0.0604124106137046,0.0602617071872538,0.060320734347462,0.0602107390385085,0.0602257458722398,0.0601161548394275,0.0603541475343761,0.0619578522823556,0.0606998195109958,0.0602336821844801,0.0606560782565601,0.0603586500218254,0.0602422633750305,0.0601742489397505,0.0601449136394874,0.0601799082537507,0.0601738740397138,0.06015938834442,0.0602452896444147,0.0602390127508016,0.0601161548394275,0.0602058870512688,0.0601607259687825,0.0601944479705573,0.0601971993117257,0.0601723929939371,0.0601745639204031,0.0602588898976005,0.0602423573760915,0.060358803819539,0.0602865771915409,0.0602026489961094,0.0601645934189484,0.060202827881536,0.0700264633658288,0.0634497758461313,0.0634497758461314,0.0688248455064067,0.0601161548394275,0.0691020232178588,0.0649861660614339,0.0671061497307768,0.0630199490468932,0.0639626310852326,0.0651825185900892,0.0712914510954961,0.0688443838778342,0.065935456364872,0.0601161548394275,0.0639626310852331,0.0662563255434102,0.0601161548394275,0.0656049253437067,0.0666785222386672,0.066244927248652,0.0608441083896011,0.0628331769703421,0.0607851762969621,0.0639672641391292,0.0612838032219518,0.064264813909662,0.0601161548394275,0.0608441083896011,0.0628014689214714,0.0605858843347284,0.0636429871142459,0.0719975657553995,0.0742476241913885,0.0601161548394275,0.0601161548394275,0.074025616264701,0.0681110012612314,0.0639992895424501,0.0648319700172708,0.063748394235896,0.0636458678732817,0.0628053300283796,0.0624084941213854,0.0622345199348592,0.0639482418928354,0.0671752055795165,0.082137547004095,0.0624084941213856,0.0622345199348591,0.0920105233002012,0.113026490811698,0.130019297504806,0.198582519265615,0.115244602217376,0.0978163631727274,0.128836260551089,0.0891823502597595,0.139650653259531,0.123081104342215,0.0601161548394275,0.0935039998585344,0.0736161075159797,0.0706620438015396,0.0601161548394275,0.0601161548394275,0.0802759512903534,0.0858177750982458,0.0706620438015397,0.0680900840209643,0.0601161548394275,0.15326348360662,0.173438295293102,0.236603153805609,0.140967518763745,0.246921134247433,0.104198165850106,0.187120301046858,0.128540274586639,0.187120301046858,1,0.13927629980216,0.155655485288011,0.205029095398606,0.113529960477009,0.137600042087521,0.139434533163987,0.111441415970914,0.10135671778193,0.150840703454932,0.0601161548394275,0.0601161548394275,0.0601161548394275,0.0601161548394275,0.0601161548394274,0.0601161548394275,0.0601161548394275,0.0601161548394273,0.0601161548394275,0.0601161548394275,0.0601161548394275,0.0601161548394275,0.0601161548394275,0.0601161548394275,0.0601161548394275,0.0601161548394275,0.0601161548394271,0.0601161548394274,0.0601161548394271,0.060116154839427,0.0601161548394271,0.060116154839427,0.0601161548394273,0.0601161548394274,0.0601161548394277,0.0601161548394277,0.0601161548394278,0.0601161548394277,0.0601161548394276,0.0601161548394276,0.0601161548394277,0.0601161548394276,0.0601161548394277,0.0601161548394277,0.0601161548394277,0.0601161548394277,0.0601161548394276,0.0601161548394271,0.0601161548394271,0.0601161548394275,0.0601161548394275,0.0601161548394275,0.0601161548394275,0.0605858843347289,0.0601161548394275,0.0601161548394275,0.0601161548394275,0.0601161548394275,0.0601161548394275,0.0601161548394275
"137",0.0601412410822058,0.0601161548394275,0.0601541541014322,0.0601648997903567,0.0601680294958516,0.0601668164835685,0.0601161548394275,0.0601331425293665,0.0601161548394275,0.0601161548394275,0.0601337033898162,0.0601161548394275,0.0601460281301115,0.0601532653238338,0.0601626005486873,0.0601505867656554,0.0601387732108288,0.0601296665125066,0.060134868559256,0.0601552454777651,0.0601673591006013,0.060183579033983,0.0601492807754256,0.0601627146358922,0.0601376810475029,0.0601410964195057,0.0601161548394275,0.0601703190689895,0.06053530267547,0.0602489897874276,0.0601429026272057,0.0602390348123513,0.0601713437801212,0.0601448556013294,0.0601293763468646,0.060122699990945,0.0601306643375852,0.0601292910241969,0.0601259942569349,0.060145544343267,0.0601441157989722,0.0601161548394275,0.0601365767944898,0.060126298683896,0.0601339733994835,0.0601345995711168,0.0601289539562728,0.0601294480326123,0.0601486395947229,0.0601448769948224,0.0601713787826022,0.0601549408845388,0.0601358398526976,0.0601271788683014,0.0601358805648362,0.0638849691195676,0.0613839053258194,0.0613839053258195,0.0635911845641669,0.0601161548394275,0.0637017868146274,0.0620594359138669,0.0624662932646822,0.0611928493158785,0.0615575425733289,0.0619765521868734,0.0632215186216497,0.0634284440148393,0.0622732477938963,0.0601161548394275,0.0615575425733291,0.0621594635463281,0.0601161548394275,0.0620996140220665,0.0623120512472703,0.0623061998485683,0.0603906650372854,0.0611440513734158,0.0603684418330625,0.061572932821794,0.0605564733026573,0.0616717062090202,0.0601161548394275,0.0603906650372854,0.0611287827739929,0.0602932891313946,0.0614536270747744,0.0633448272246083,0.0643762361014312,0.0601161548394275,0.0601161548394275,0.0643487766652588,0.0619962219670601,0.0609974191142328,0.0612005061972276,0.0609682287351514,0.0609128472292804,0.0607303132213755,0.060651523098511,0.0606108920025389,0.061011126098956,0.061704410675562,0.064930943855016,0.060651523098511,0.0606108920025389,0.0735607556007181,0.0694403539712197,0.0976349133398562,0.0858880396443362,0.0897998902539432,0.0693347966001597,0.0738151914014735,0.0719040986823394,0.0887090414468357,0.0788978079805614,0.0601161548394275,0.0945333492653789,0.0657703711587879,0.0643930939111304,0.0601161548394275,0.0601161548394275,0.0687919866679104,0.0720924730335785,0.0643930939111304,0.0633500225004688,0.0601161548394275,0.112384296964209,0.114462837087476,0.121581233078172,0.110639577595334,0.173778003669728,0.104198165850106,0.1177985835937,0.350091761728163,0.1177985835937,0.13927629980216,1,0.112852732797419,0.113710653355913,0.1406482705801,0.220533226340951,0.141879923863313,0.140318267372965,0.112022942286033,0.135615596625447,0.0601161548394275,0.0601161548394275,0.0601161548394275,0.0601161548394275,0.0601161548394275,0.0601161548394275,0.0601161548394275,0.0601161548394275,0.0601161548394275,0.0601161548394275,0.0601161548394275,0.0601161548394275,0.0601161548394275,0.0601161548394275,0.0601161548394275,0.0601161548394275,0.0601161548394275,0.0601161548394276,0.0601161548394275,0.0601161548394275,0.0601161548394275,0.0601161548394274,0.0601161548394275,0.0601161548394275,0.0601161548394275,0.0601161548394275,0.0601161548394275,0.0601161548394275,0.0601161548394275,0.0601161548394275,0.0601161548394275,0.0601161548394275,0.0601161548394275,0.0601161548394275,0.0601161548394275,0.0601161548394275,0.0601161548394275,0.0601161548394275,0.0601161548394274,0.0601161548394275,0.0601161548394275,0.0601161548394275,0.0601161548394275,0.0602932891313949,0.0601161548394275,0.0601161548394275,0.0601161548394275,0.0601161548394275,0.0601161548394275,0.0601161548394275
"138",0.060451214025462,0.0601161548394275,0.0606236840820389,0.0607672066420469,0.0608090079027968,0.0607928065564333,0.0601161548394275,0.0603430473882159,0.0601161548394275,0.0601161548394275,0.0603505384042014,0.0601161548394275,0.060515151235548,0.0606118133088301,0.0607364972987203,0.0605760377034121,0.0604182524144998,0.0602966206917154,0.0603661007475806,0.0606382608231296,0.060800053908021,0.0610166920759787,0.0605585945164417,0.0607380210807512,0.0604036651621187,0.0604492818681919,0.0601161548394275,0.0608395881103949,0.0657144157673954,0.0618903372049517,0.0604734061058067,0.0617573756500617,0.0608532744515819,0.0604994905986523,0.0602927451546461,0.0602035737948748,0.0603099479349224,0.0602916055601728,0.0602475729736645,0.060508689637136,0.0604896095822664,0.0601161548394275,0.0603889164363224,0.0602516389890849,0.0603541447321837,0.0603625080634237,0.060287103582533,0.0602937026104351,0.0605500307196848,0.0604997763363934,0.0608537419549354,0.0606341925870231,0.0603790736264985,0.0602633949890929,0.0603796173896997,0.072407899424856,0.0642508412470062,0.0642508412470063,0.0689946465009603,0.0601161548394275,0.0692772285898185,0.0650811209496717,0.072416441940776,0.0640429136054713,0.0651390794499021,0.0671812442971397,0.0874635320860077,0.0710241281740988,0.0679930426975045,0.0601161548394275,0.0651390794499025,0.071169719498797,0.0601161548394275,0.0681479430736498,0.0717872914102333,0.0693754016089998,0.0610464314211639,0.0635493074300285,0.0609711200971347,0.0649842331379061,0.0616083323907362,0.0655227634501004,0.0601161548394275,0.0610464314211638,0.0635478089669971,0.0607164381255308,0.0645347290551198,0.0900505757320769,0.0907705775105803,0.0601161548394275,0.0601161548394275,0.0898239198700647,0.0837049594817187,0.0719491700180016,0.0743202794371951,0.0708576283819454,0.0709236183552014,0.0682653604886352,0.0669232807631638,0.0664066625624963,0.071495578177227,0.081789372526531,0.129376739869539,0.0669232807631639,0.0664066625624961,0.0839275356738706,0.222249835985426,0.0865245039982247,0.152038252382622,0.0904349625737227,0.105268613971475,0.162971743913547,0.0875142123544074,0.100227505198299,0.113119858627902,0.0601161548394275,0.0702188494445934,0.0718090086139342,0.0700568047302084,0.0601161548394275,0.060116154839428,0.076239704040331,0.0784217154081387,0.0700568047302084,0.0676324522831342,0.060116154839428,0.27484980601468,0.199530365971124,0.201355070344604,0.264657990609818,0.13238397995912,0.104198165850106,0.267939052445794,0.110203913190802,0.267939052445794,0.155655485288011,0.112852732797419,1,0.100920238711262,0.0749095631778518,0.0792331777244881,0.0841167859772402,0.0741796330784667,0.072090089349488,0.0826191269827234,0.0601161548394275,0.0601161548394275,0.0601161548394275,0.0601161548394275,0.0601161548394282,0.0601161548394275,0.0601161548394275,0.0601161548394282,0.0601161548394275,0.0601161548394275,0.0601161548394275,0.0601161548394275,0.0601161548394275,0.0601161548394275,0.0601161548394275,0.0601161548394275,0.0601161548394277,0.0601161548394276,0.0601161548394276,0.0601161548394277,0.0601161548394276,0.0601161548394277,0.0601161548394276,0.0601161548394275,0.0601161548394275,0.0601161548394275,0.0601161548394276,0.0601161548394275,0.0601161548394276,0.0601161548394275,0.0601161548394277,0.0601161548394276,0.0601161548394275,0.0601161548394275,0.0601161548394276,0.0601161548394276,0.0601161548394276,0.0601161548394276,0.0601161548394276,0.0601161548394275,0.0601161548394275,0.0601161548394275,0.0601161548394275,0.0607164381255312,0.0601161548394275,0.0601161548394275,0.0601161548394275,0.0601161548394275,0.0601161548394275,0.0601161548394275
"139",0.0602220197711997,0.0601161548394275,0.060276513220516,0.0603218604506659,0.0603350679310207,0.0603299489714493,0.0601161548394275,0.0601878435595052,0.0601161548394275,0.0601161548394275,0.0601902104126741,0.0601161548394275,0.0602422213017518,0.0602727625440737,0.0603121575603365,0.0602614589231482,0.0602116052568659,0.0601731746315596,0.0601951274735657,0.0602811188715936,0.0603322388366834,0.0604006875938758,0.060255947592985,0.0603126390128308,0.0602069962846535,0.0602214092889149,0.0601161548394275,0.0603447300197681,0.0618849752027604,0.0606767235476008,0.0602290315564888,0.0606347131610083,0.0603490543410708,0.0602372731841489,0.0601719501211312,0.0601437756364082,0.0601773854926601,0.0601715900561153,0.0601576775685288,0.0602401797022265,0.0602341511890827,0.0601161548394275,0.0602023362934776,0.060158962262288,0.0601913498640951,0.060193992333033,0.0601701676162141,0.0601722526378092,0.0602532417851838,0.0602373634655312,0.0603492020529161,0.0602798334761889,0.0601992263701159,0.060162676675116,0.0601993981769377,0.0737330048400371,0.0646965790599488,0.064696579059949,0.0725239261374216,0.0601161548394275,0.0729188371273874,0.0670547392687076,0.0688860138938568,0.0640312528486251,0.0653432939778228,0.0668978130293214,0.0723713455505056,0.0720898876693088,0.067960412405928,0.0601161548394275,0.0653432939778233,0.0677626349503018,0.0601161548394275,0.0673764335682563,0.0683211499742394,0.0681561286176227,0.0611100725304024,0.063834833417477,0.0610296090867857,0.0653865703044861,0.0617104136818389,0.0657564532282046,0.0601161548394275,0.0611100725304023,0.063782571702606,0.0607575040783191,0.0649518830819331,0.0729482410496121,0.0765157785388159,0.0601161548394275,0.0601161548394275,0.0763650290105339,0.0679585985824043,0.0638388884412603,0.0646753965933552,0.063673512502509,0.0634882462166445,0.0627047000035375,0.0623547806907039,0.0621848830169705,0.0638584495379565,0.0668463174270455,0.0807325705690908,0.062354780690704,0.0621848830169704,0.107521851600881,0.103734222317576,0.2031767422242,0.190192900483542,0.154249870718114,0.10089367051384,0.124017606099664,0.102042091002508,0.197788715622639,0.139590460335154,0.0601161548394275,0.123088692356809,0.0799870774666532,0.0753278556146576,0.0601161548394275,0.060116154839428,0.0903058414839305,0.100394493862348,0.0753278556146576,0.0716179850927321,0.060116154839428,0.0987650448597005,0.107995949963946,0.139327259912356,0.0900753067107533,0.218166167320691,0.0601161548394275,0.12464586544226,0.0973075035112635,0.12464586544226,0.205029095398606,0.113710653355913,0.100920238711262,1,0.196163510326875,0.22258274371407,0.253799901212264,0.191596106537123,0.178744028469351,0.25853084793625,0.0601161548394275,0.0601161548394275,0.0601161548394275,0.0601161548394275,0.0601161548394275,0.0601161548394275,0.0601161548394275,0.0601161548394274,0.0601161548394275,0.0601161548394275,0.0601161548394275,0.0601161548394275,0.0601161548394275,0.0601161548394275,0.0601161548394275,0.0601161548394275,0.0601161548394272,0.0601161548394274,0.0601161548394272,0.0601161548394271,0.0601161548394271,0.0601161548394271,0.0601161548394273,0.0601161548394275,0.0601161548394276,0.0601161548394277,0.0601161548394278,0.0601161548394276,0.0601161548394276,0.0601161548394276,0.0601161548394277,0.0601161548394277,0.0601161548394277,0.0601161548394276,0.0601161548394278,0.0601161548394277,0.0601161548394277,0.0601161548394273,0.0601161548394272,0.0601161548394275,0.0601161548394275,0.0601161548394275,0.0601161548394275,0.0607575040783198,0.0601161548394275,0.0601161548394275,0.0601161548394275,0.0601161548394275,0.0601161548394275,0.0601161548394275
"140",0.0601625060710561,0.0601161548394275,0.0601863651379744,0.0602062196821864,0.060212002361785,0.0602097611089281,0.0601161548394275,0.0601475425748551,0.0601161548394275,0.0601161548394275,0.0601485788628652,0.0601161548394275,0.0601713509813224,0.0601847229655417,0.0602019714301018,0.0601797738597054,0.0601579462460221,0.0601411200242943,0.0601507317176819,0.0601883816470901,0.0602107636890282,0.0602407328596136,0.060177360813792,0.0602021822262147,0.0601559282828017,0.0601622387813568,0.0601161548394275,0.0602162327495637,0.060890603951113,0.060361590694353,0.0601655760667441,0.0603431971326026,0.0602181260830309,0.0601691845288313,0.0601405838923991,0.0601282481543453,0.0601429636810647,0.0601404262438118,0.0601343348883093,0.0601704571003089,0.0601678176142731,0.0601161548394275,0.0601538879817616,0.0601348973704924,0.0601490777530621,0.0601502347149358,0.0601398034517283,0.0601407163443858,0.0601761761200312,0.0601692240570602,0.0602181907562505,0.0601878188577022,0.060152526352602,0.0601365236654938,0.0601526015754134,0.0676887492421778,0.0626634175920456,0.0626634175920458,0.0671377565775888,0.0601161548394275,0.067361238105977,0.0640427243513015,0.0647640292478016,0.0622728865072167,0.0630071494333978,0.0638382409586602,0.0660800376316025,0.0667697801636186,0.0644368798085724,0.0601161548394275,0.0630071494333982,0.0641514614808498,0.0601161548394275,0.064076456167596,0.0644561328650551,0.0644826807390513,0.0606671620902784,0.0621801919727225,0.0606225548343016,0.0630413550853213,0.0609999787112414,0.0632363542362919,0.0601161548394275,0.0606671620902783,0.062148739926298,0.0604717054893113,0.0628026035549272,0.066292822443709,0.0684075333942104,0.0601161548394275,0.0601161548394275,0.0683660805568354,0.0636142719687275,0.0617434430908388,0.0621241470401221,0.0617007412943206,0.0615855165919229,0.0612517793432762,0.0611108389807989,0.0610353486876702,0.0617789611484155,0.0630433719495286,0.0689330344316241,0.061110838980799,0.0610353486876701,0.0874449869952773,0.076234999893883,0.136458847142563,0.104205489314853,0.12236268859856,0.0771325086256254,0.0843421747758119,0.0839782608759778,0.114001128189341,0.0959408351957466,0.0601161548394275,0.138522714045705,0.0716107657995169,0.0687738796301853,0.0601161548394275,0.0601161548394272,0.0778148337336436,0.0848066971344242,0.0687738796301853,0.0666624104090397,0.0601161548394272,0.0740807392459143,0.0772316891743048,0.088396350415638,0.0712554988726368,0.152683523139354,0.0601161548394275,0.0832040700906104,0.116000584747297,0.0832040700906105,0.113529960477009,0.1406482705801,0.0749095631778518,0.196163510326875,1,0.282085090634354,0.29046598645043,0.289441126988017,0.285475366553269,0.215005002993991,0.0601161548394275,0.0601161548394275,0.0601161548394275,0.0601161548394275,0.0601161548394278,0.0601161548394275,0.0601161548394275,0.0601161548394277,0.0601161548394275,0.0601161548394275,0.0601161548394275,0.0601161548394275,0.0601161548394275,0.0601161548394275,0.0601161548394275,0.0601161548394275,0.0601161548394276,0.0601161548394277,0.0601161548394276,0.0601161548394276,0.0601161548394276,0.0601161548394275,0.0601161548394278,0.0601161548394277,0.0601161548394277,0.0601161548394277,0.0601161548394277,0.0601161548394277,0.0601161548394277,0.0601161548394276,0.0601161548394276,0.0601161548394277,0.0601161548394277,0.0601161548394277,0.0601161548394276,0.0601161548394276,0.0601161548394277,0.0601161548394275,0.0601161548394274,0.0601161548394275,0.0601161548394275,0.0601161548394275,0.0601161548394275,0.0604717054893118,0.0601161548394275,0.0601161548394275,0.0601161548394275,0.0601161548394275,0.0601161548394275,0.0601161548394275
"141",0.0601715676960393,0.0601161548394275,0.0602000911895387,0.0602238272796674,0.0602307404680374,0.0602280610522196,0.0601161548394275,0.0601536788495023,0.0601161548394275,0.0601161548394275,0.0601549177309061,0.0601161548394275,0.0601821417784771,0.060198127973841,0.0602187484980396,0.0601922113221697,0.0601661164292247,0.0601460006959601,0.0601574914669446,0.0602025019244109,0.0602292596358465,0.0602650877529015,0.0601893265279041,0.0602190005046069,0.0601637039559709,0.0601712481514388,0.0601161548394275,0.0602357978929029,0.0610420080707469,0.0604095731879487,0.0601752378731819,0.060387583701067,0.0602380613713963,0.0601795517864309,0.0601453597507514,0.0601306123867665,0.0601482047860064,0.0601451712820039,0.0601378890718626,0.0601810731445126,0.0601779176412802,0.0601161548394275,0.0601612647778739,0.0601385615188176,0.060155514153698,0.0601568973005993,0.0601444267346167,0.0601455180969853,0.0601879102275562,0.0601795990423938,0.0602381386881735,0.0602018291101935,0.0601596369514119,0.0601405057530604,0.0601597268802172,0.068441066909739,0.0629164815580781,0.0629164815580782,0.0677921279041161,0.0601161548394275,0.0680364365756031,0.0644086571677733,0.0653073620173464,0.0624944590424976,0.0633000278700485,0.0642255757824929,0.0669755749412757,0.0674326512457511,0.0648809449932089,0.0601161548394275,0.0633000278700489,0.0646296076267106,0.0601161548394275,0.0644974063586477,0.0649666577169862,0.0649537325962292,0.0607225188281263,0.0623866695495654,0.0606734301208233,0.06333402330089,0.0610887717467237,0.0635522032647786,0.0601161548394275,0.0607225188281263,0.0623529428285901,0.060507425752678,0.0630704895261811,0.0672479506013207,0.069526223705234,0.0601161548394275,0.0601161548394275,0.0694655687154563,0.0642690242462051,0.0620627744001507,0.0625113722834315,0.0619982959405923,0.0618759640525149,0.0614727657379529,0.0612987266911617,0.0612089768982173,0.0620930516794476,0.0636244439718068,0.0707515144545408,0.0612987266911618,0.0612089768982173,0.089813855717911,0.0807123243846504,0.142991123539565,0.117043522159588,0.125684386350953,0.0804791593180994,0.090375877486929,0.0861544758304898,0.123274816728744,0.101602839858349,0.0601161548394275,0.136140096590184,0.0726057205718716,0.0695634608235986,0.0601161548394275,0.0601161548394275,0.0792801495975416,0.0865705748456704,0.0695634608235987,0.0672594264161275,0.0601161548394275,0.078198452521231,0.0827897277804006,0.0985135115222684,0.0743445519961282,0.213810656255191,0.0601161548394275,0.0901580389491114,0.171435924671637,0.0901580389491115,0.137600042087521,0.220533226340951,0.0792331777244881,0.22258274371407,0.282085090634354,1,0.284805682449633,0.281356148458351,0.21885476849097,0.270968446237256,0.0601161548394275,0.0601161548394275,0.0601161548394275,0.0601161548394275,0.0601161548394278,0.0601161548394275,0.0601161548394275,0.0601161548394278,0.0601161548394275,0.0601161548394275,0.0601161548394275,0.0601161548394275,0.0601161548394275,0.0601161548394275,0.0601161548394275,0.0601161548394275,0.0601161548394276,0.0601161548394277,0.0601161548394276,0.0601161548394276,0.0601161548394276,0.0601161548394275,0.0601161548394277,0.0601161548394277,0.0601161548394277,0.0601161548394277,0.0601161548394277,0.0601161548394277,0.0601161548394276,0.0601161548394276,0.0601161548394276,0.0601161548394276,0.0601161548394277,0.0601161548394277,0.0601161548394276,0.0601161548394276,0.0601161548394276,0.0601161548394275,0.0601161548394275,0.0601161548394275,0.0601161548394275,0.0601161548394275,0.0601161548394275,0.0605074257526785,0.0601161548394275,0.0601161548394275,0.0601161548394275,0.0601161548394275,0.0601161548394275,0.0601161548394275
"142",0.0601952461205108,0.0601161548394275,0.0602359579657355,0.0602698367059952,0.060279703963487,0.0602758796085894,0.0601161548394275,0.0601697132049343,0.0601161548394275,0.0601161548394275,0.0601714814717829,0.0601161548394275,0.0602103386058548,0.0602331558498716,0.0602625877141574,0.0602247109583967,0.0601874654771318,0.0601587541055999,0.0601751549889575,0.0602393988298432,0.0602775903580498,0.0603287281598154,0.0602205934649473,0.060262947405454,0.0601840221318172,0.0601947900315571,0.0601161548394275,0.0602869224726213,0.0614376336917723,0.0605349535532448,0.0602004845981814,0.0605035677559011,0.0602901531563417,0.0602066418863309,0.0601578392785947,0.0601367902300259,0.0601619000236421,0.0601575702754141,0.060147176309746,0.0602088133347453,0.0602043094558916,0.0601161548394275,0.0601805406704323,0.0601481360994843,0.0601723327515318,0.0601743069298555,0.0601565075760647,0.0601580652876343,0.0602185719664038,0.0602067093352024,0.0602902635112901,0.0602384385159077,0.0601782172587169,0.0601509111229423,0.0601783456149289,0.0736693796486748,0.0646751768731334,0.0646751768731335,0.0727207161282307,0.0601161548394275,0.0731218904936427,0.067164786748893,0.068364013259198,0.0639698751248843,0.0652854630724859,0.0667626122138167,0.0705272174776553,0.0720230279401577,0.0678364196927859,0.0601161548394275,0.0652854630724865,0.0672714126040786,0.0601161548394275,0.0671803308414127,0.0678148741312629,0.0678989259509768,0.0611017986066175,0.0638090799387042,0.061022004985468,0.0653498143089734,0.0616971421843343,0.065695514375415,0.0601161548394275,0.0611017986066175,0.0637520504089759,0.0607521651304664,0.0649234254954337,0.0708746917637071,0.0746999150959705,0.0601161548394275,0.0601161548394275,0.0746388114963058,0.0661104278643272,0.0628918337782004,0.063547115453365,0.0628306209414237,0.0626206292021298,0.0620548154549963,0.0618191333952216,0.0616898879945746,0.0629630118152926,0.0651033642307818,0.0750785674425839,0.0618191333952218,0.0616898879945745,0.109328923307511,0.086469901383051,0.197665160254424,0.131687579136374,0.174006824092548,0.0891346319419473,0.100328340685851,0.102992599006946,0.153156525856926,0.122409604380266,0.0601161548394275,0.20927192695282,0.0808164479089982,0.075672721935394,0.0601161548394275,0.0601161548394276,0.09204699538479,0.104904486604185,0.0756727219353941,0.0718787444870828,0.0601161548394276,0.0827405859677061,0.0874019803967373,0.10439084579,0.0783330320470134,0.180732949199696,0.0601161548394275,0.097394819173376,0.116855277821526,0.097394819173376,0.139434533163987,0.141879923863313,0.0841167859772402,0.253799901212264,0.29046598645043,0.284805682449633,1,0.277389050080332,0.269125987340063,0.263511966472193,0.0601161548394275,0.0601161548394275,0.0601161548394275,0.0601161548394275,0.0601161548394278,0.0601161548394275,0.0601161548394275,0.0601161548394278,0.0601161548394275,0.0601161548394275,0.0601161548394275,0.0601161548394275,0.0601161548394275,0.0601161548394275,0.0601161548394275,0.0601161548394275,0.0601161548394276,0.0601161548394277,0.0601161548394276,0.0601161548394276,0.0601161548394276,0.0601161548394275,0.0601161548394277,0.0601161548394277,0.0601161548394275,0.0601161548394276,0.0601161548394277,0.0601161548394275,0.0601161548394276,0.0601161548394276,0.0601161548394276,0.0601161548394277,0.0601161548394276,0.0601161548394276,0.0601161548394277,0.0601161548394276,0.0601161548394277,0.0601161548394276,0.0601161548394275,0.0601161548394275,0.0601161548394275,0.0601161548394275,0.0601161548394275,0.060752165130467,0.0601161548394275,0.0601161548394275,0.0601161548394275,0.0601161548394275,0.0601161548394275,0.0601161548394275
"143",0.0601599290015384,0.0601161548394275,0.0601824615346858,0.0602012121914955,0.0602066733614642,0.0602045567194152,0.0601161548394275,0.0601457974566918,0.0601161548394275,0.0601161548394275,0.0601467761284067,0.0601161548394275,0.060168282146045,0.0601809106649515,0.0601972001368229,0.0601762367231042,0.0601556226969758,0.0601397319917724,0.0601488092872342,0.0601843659284597,0.0602055035573371,0.0602338064801601,0.060173957839474,0.06019739921294,0.0601537169299437,0.0601596765728063,0.0601161548394275,0.0602106685450638,0.0608475455656374,0.0603479447730245,0.0601628283093713,0.0603305738699101,0.0602124566115986,0.0601662361455566,0.0601392256681286,0.060127575781419,0.0601414731435716,0.0601390767846022,0.0601333241007172,0.0601674379636789,0.0601649452297091,0.0601161548394275,0.060151790067046,0.0601338553096065,0.0601472472809435,0.0601483399172087,0.0601384886189665,0.0601393507559535,0.0601728390131794,0.0601662734760662,0.0602125176890694,0.060183834429446,0.0601505041427357,0.0601353911846747,0.0601505751832545,0.0672206411275256,0.0625059557894937,0.0625059557894938,0.0667009148459796,0.0601161548394275,0.0669104927008922,0.0637984368669333,0.0644819908837103,0.0621400382792863,0.0628288058238864,0.0636092913314244,0.0657309689765181,0.0663585987810086,0.0641707473146258,0.0601161548394275,0.0628288058238868,0.0639070096956469,0.0601161548394275,0.0638334243505087,0.06419298395066,0.064215167796144,0.0606331407864168,0.0620526931579083,0.0605912877537424,0.0628606636862209,0.0609454080309888,0.0630438549961246,0.0601161548394275,0.0606331407864168,0.062023240316705,0.0604497524266625,0.0626366021109691,0.0659330865954058,0.0679140657523371,0.0601161548394275,0.0601161548394275,0.0678742000117254,0.0634178977280077,0.061653045391817,0.0620121602266548,0.0616118494483321,0.061504028124134,0.0611885736449504,0.061055110839107,0.0609838499627116,0.0616858008156634,0.0628811916629104,0.0684489563042922,0.0610551108391071,0.0609838499627116,0.0857332410053684,0.0754245610720036,0.131671605533701,0.10202696160846,0.118329767746849,0.0761877122025721,0.0830791401246423,0.0824906271780354,0.110923667999604,0.0938622723658575,0.0601161548394275,0.133018179862429,0.0708907083571987,0.0682341316663419,0.0601161548394275,0.0601161548394274,0.0767018246739029,0.0832358683659307,0.0682341316663419,0.0662542976311574,0.0601161548394274,0.0733940541834954,0.0764231172481389,0.0871207027642899,0.0706950932893926,0.150319316582204,0.0601161548394275,0.0820782059644116,0.115771582430285,0.0820782059644116,0.111441415970914,0.140318267372965,0.0741796330784667,0.191596106537123,0.289441126988017,0.281356148458351,0.277389050080332,1,0.219553859872196,0.211062239600998,0.0601161548394275,0.0601161548394275,0.0601161548394275,0.0601161548394275,0.060116154839428,0.0601161548394275,0.0601161548394275,0.060116154839428,0.0601161548394275,0.0601161548394275,0.0601161548394275,0.0601161548394275,0.0601161548394275,0.0601161548394275,0.0601161548394275,0.0601161548394275,0.0601161548394276,0.0601161548394278,0.0601161548394277,0.0601161548394277,0.0601161548394277,0.0601161548394275,0.0601161548394278,0.0601161548394277,0.0601161548394277,0.0601161548394277,0.0601161548394277,0.0601161548394277,0.0601161548394277,0.0601161548394276,0.0601161548394276,0.0601161548394276,0.0601161548394277,0.0601161548394277,0.0601161548394276,0.0601161548394276,0.0601161548394276,0.0601161548394275,0.0601161548394275,0.0601161548394275,0.0601161548394275,0.0601161548394275,0.0601161548394275,0.060449752426663,0.0601161548394275,0.0601161548394275,0.0601161548394275,0.0601161548394275,0.0601161548394275,0.0601161548394275
"144",0.0601547288147803,0.0601161548394275,0.0601745845775487,0.0601911077350176,0.0601959201409121,0.0601940549470559,0.0601161548394275,0.0601422760381577,0.0601161548394275,0.0601161548394275,0.06014313844778,0.0601161548394275,0.060162089640774,0.0601732179446306,0.0601875722956033,0.0601690992474603,0.0601509340811282,0.0601369311250167,0.060144930075871,0.0601762627373343,0.0601948893046062,0.0602198299589726,0.060167091085642,0.0601877477223132,0.0601492547112218,0.0601545063735224,0.0601161548394275,0.0601994407134661,0.0607606594166847,0.0603204091016323,0.0601572836970097,0.0603051017889099,0.0602010163652003,0.0601602866965574,0.060136484950497,0.0601262190214391,0.060138465435289,0.0601363537537088,0.0601312844645278,0.0601613457437302,0.0601591491360951,0.0601161548394275,0.0601475567515501,0.0601317525680303,0.0601435536293725,0.0601445164650348,0.0601358354596822,0.0601365951784132,0.0601661051712159,0.0601603195923592,0.0602010701869239,0.0601757943781729,0.0601464235896514,0.0601331059875856,0.0601464861908546,0.0665897051998412,0.0622937221080891,0.0622937221080892,0.066128860862904,0.0601161548394275,0.0663202315475404,0.0634785369619183,0.0640702412414367,0.061958148892647,0.0625862317039846,0.0632939018278275,0.0651430706211034,0.0658036741176724,0.0638063038513615,0.0601161548394275,0.062586231703985,0.0635475982762287,0.0601161548394275,0.0634951995620131,0.0638075541083191,0.0638401710197713,0.0605870469307844,0.0618802943808398,0.0605489254650066,0.0626163231634411,0.0608714727971257,0.0627821239521081,0.0601161548394275,0.0605870469307843,0.06185320683092,0.0604200092603058,0.0624124731356223,0.0653159131730911,0.0671346699128668,0.0601161548394275,0.0601161548394275,0.067102787375396,0.0630341869525923,0.0614701187417439,0.061788483899786,0.0614377458812748,0.0613382216381832,0.0610614753488423,0.060945489821282,0.060882548493198,0.0615025481503643,0.0625501409435075,0.0674313195500121,0.0609454898212821,0.060882548493198,0.0835601997826642,0.073217968596109,0.125626807774282,0.0958137696567416,0.114002996444914,0.0742726358498786,0.0799715745793598,0.0805608581217417,0.105256851698787,0.0902459532562531,0.0601161548394275,0.129539971356622,0.0699771394634343,0.0675339667532567,0.0601161548394275,0.0601161548394271,0.0753151833926353,0.0813856066880649,0.0675339667532568,0.0657248908213193,0.0601161548394271,0.0714106693883015,0.0738386972716994,0.0825701080662103,0.0691717072979386,0.12701289903362,0.0601161548394275,0.0787551743665244,0.0961363338465647,0.0787551743665244,0.10135671778193,0.112022942286033,0.072090089349488,0.178744028469351,0.285475366553269,0.21885476849097,0.269125987340063,0.219553859872196,1,0.18833082366592,0.0601161548394275,0.0601161548394275,0.0601161548394275,0.0601161548394275,0.0601161548394272,0.0601161548394275,0.0601161548394275,0.0601161548394272,0.0601161548394275,0.0601161548394275,0.0601161548394275,0.0601161548394275,0.0601161548394275,0.0601161548394275,0.0601161548394275,0.0601161548394275,0.0601161548394275,0.0601161548394277,0.0601161548394275,0.0601161548394275,0.0601161548394275,0.0601161548394274,0.0601161548394276,0.0601161548394277,0.0601161548394276,0.0601161548394276,0.0601161548394277,0.0601161548394276,0.0601161548394277,0.0601161548394276,0.0601161548394276,0.0601161548394276,0.0601161548394276,0.0601161548394277,0.0601161548394276,0.0601161548394276,0.0601161548394277,0.0601161548394274,0.0601161548394274,0.0601161548394275,0.0601161548394275,0.0601161548394275,0.0601161548394275,0.0604200092603062,0.0601161548394275,0.0601161548394275,0.0601161548394275,0.0601161548394275,0.0601161548394275,0.0601161548394275
"145",0.060178178320069,0.0601161548394275,0.0602101045995475,0.0602366723496443,0.0602444102651976,0.0602414112013474,0.0601161548394275,0.0601581553760313,0.0601161548394275,0.0601161548394275,0.0601595420530853,0.0601161548394275,0.0601900138657795,0.0602079071768145,0.0602309876812614,0.060201284682454,0.0601720767298885,0.0601495612367519,0.0601624228298063,0.0602128029294447,0.0602427527731942,0.0602828551007127,0.0601980557389883,0.060231269751622,0.0601693764542256,0.060177820654546,0.0601161548394275,0.0602500710290063,0.0611524601931123,0.06044457730981,0.0601822863407501,0.0604199645286376,0.0602526045351835,0.0601871148937476,0.0601488438282807,0.0601323371383075,0.0601520282695792,0.060148632875653,0.0601404819148952,0.0601888177462853,0.0601852857989067,0.0601161548394275,0.0601666462878935,0.0601412345831978,0.0601602096277199,0.0601617577808078,0.0601477995055067,0.06014902106485,0.0601964704773255,0.0601871677872362,0.0602526910756709,0.0602120498500665,0.0601648242655469,0.0601434107600326,0.0601649249226474,0.0688556408199184,0.0630559355712527,0.0630559355712529,0.068137050014853,0.0601161548394275,0.0683923367684579,0.0646015420243197,0.0656363724678736,0.062619210550287,0.0634634778655022,0.0644453911978939,0.0675790283348622,0.0677986059985135,0.065131027142246,0.0601161548394275,0.0634634778655026,0.0649211252173257,0.0601161548394275,0.0647393559784386,0.06527678373475,0.0652268270165537,0.0607532472038107,0.0625009670975692,0.0607016708549787,0.0634960481426377,0.0611380605209277,0.0637283839429536,0.0601161548394275,0.0607532472038107,0.0624662953081876,0.0605272539744074,0.0632184721415003,0.067898194054026,0.0702497173697983,0.0601161548394275,0.0601161548394275,0.0701730076908534,0.0647413076452723,0.0622959534075792,0.0627928765104259,0.0622131124198592,0.0620884388045051,0.0616337900225121,0.0614345824470294,0.0613345220535565,0.0623201607672203,0.0640499701073837,0.0720956071555061,0.0614345824470295,0.0613345220535564,0.0909955318116142,0.0842384595741861,0.147859733332589,0.128386243479182,0.125980309219771,0.0831937343573566,0.0953163857181858,0.0872831604844457,0.132926514091228,0.106144903821051,0.0601161548394275,0.127176836070327,0.0730923832800473,0.0699729737599056,0.0601161548394275,0.0601161548394278,0.0799582236185629,0.0871976512517414,0.0699729737599057,0.06756906623547,0.0601161548394279,0.0814200738012267,0.0868972221678775,0.105466757453116,0.0767531463852436,0.226067255267157,0.0601161548394275,0.0956019522912898,0.11250821263859,0.0956019522912898,0.150840703454932,0.135615596625447,0.0826191269827234,0.25853084793625,0.215005002993991,0.270968446237256,0.263511966472193,0.211062239600998,0.18833082366592,1,0.0601161548394275,0.0601161548394275,0.0601161548394275,0.0601161548394275,0.0601161548394277,0.0601161548394275,0.0601161548394275,0.0601161548394277,0.0601161548394275,0.0601161548394275,0.0601161548394275,0.0601161548394275,0.0601161548394275,0.0601161548394275,0.0601161548394275,0.0601161548394275,0.0601161548394273,0.0601161548394276,0.0601161548394274,0.0601161548394273,0.0601161548394274,0.0601161548394273,0.0601161548394275,0.0601161548394276,0.0601161548394276,0.0601161548394276,0.0601161548394277,0.0601161548394276,0.0601161548394276,0.0601161548394275,0.0601161548394276,0.0601161548394276,0.0601161548394276,0.0601161548394276,0.0601161548394276,0.0601161548394276,0.0601161548394276,0.0601161548394274,0.0601161548394274,0.0601161548394275,0.0601161548394275,0.0601161548394275,0.0601161548394275,0.060527253974408,0.0601161548394275,0.0601161548394275,0.0601161548394275,0.0601161548394275,0.0601161548394275,0.0601161548394275
"146",0.0601161548394275,0.0601161548394275,0.0601161548394275,0.0601161548394275,0.0601161548394275,0.0601161548394275,0.0601161548394275,0.0601161548394275,0.0601161548394275,0.0601161548394275,0.0601161548394275,0.0601161548394275,0.0601161548394275,0.0601161548394275,0.0601161548394275,0.0601161548394275,0.0601161548394275,0.0601161548394275,0.0601161548394275,0.0601161548394275,0.0601161548394275,0.0601161548394275,0.0601161548394275,0.0601161548394275,0.0601161548394275,0.0601161548394275,0.0601161548394275,0.0601161548394275,0.0601161548394275,0.0601161548394275,0.0601161548394275,0.0601161548394275,0.0601161548394275,0.0601161548394275,0.0601161548394275,0.0601161548394275,0.0601161548394275,0.0601161548394275,0.0601161548394275,0.0601161548394275,0.0601161548394275,0.0601161548394275,0.0601161548394275,0.0601161548394275,0.0601161548394275,0.0601161548394275,0.0601161548394275,0.0601161548394275,0.0601161548394275,0.0601161548394275,0.0601161548394275,0.0601161548394275,0.0601161548394275,0.0601161548394275,0.0601161548394275,0.0601161548394275,0.0601161548394275,0.0601161548394275,0.0601161548394275,0.0601161548394275,0.0601161548394275,0.0601161548394275,0.0601161548394275,0.0601161548394275,0.0601161548394275,0.0601161548394275,0.0601161548394275,0.0601161548394275,0.0601161548394275,0.0601161548394275,0.0601161548394275,0.0601161548394275,0.0601161548394275,0.0601161548394275,0.0601161548394275,0.0601161548394275,0.0601161548394275,0.0601161548394275,0.0983537787786748,0.0601161548394275,0.0601161548394275,0.0601161548394275,0.0601161548394275,0.0601161548394275,0.0601161548394275,0.0601161548394275,0.0601161548394275,0.0601161548394275,0.0601161548394275,0.0601161548394275,0.0601161548394275,0.0601161548394275,0.0601161548394275,0.0601161548394275,0.0601161548394275,0.0601161548394275,0.0601161548394275,0.0601161548394275,0.0601161548394275,0.0601161548394275,0.0601161548394275,0.0601161548394275,0.0601161548394275,0.0601161548394275,0.0601161548394275,0.0601161548394275,0.0601161548394275,0.0601161548394275,0.0601161548394275,0.0601161548394275,0.0601161548394275,0.0601161548394275,0.0601161548394275,0.0601161548394275,0.0601161548394275,0.0601161548394275,0.0601161548394275,0.0601161548394275,0.0601161548394275,0.0601161548394275,0.0601161548394275,0.0601161548394275,0.0601161548394275,0.0601161548394275,0.0601161548394275,0.0601161548394275,0.0601161548394275,0.0601161548394275,0.0601161548394275,0.0601161548394275,0.0601161548394275,0.0601161548394275,0.0601161548394275,0.0601161548394275,0.0601161548394275,0.0601161548394275,0.0601161548394275,0.0601161548394275,0.0601161548394275,0.0601161548394275,0.0601161548394275,0.0601161548394275,0.0601161548394275,0.0601161548394275,0.0601161548394275,1,0.104198165850106,0.104198165850106,0.104198165850106,0.104198165850106,0.104198165850106,0.104198165850106,0.104198165850106,0.104198165850106,0.104198165850106,0.142435789789353,0.104198165850106,0.104198165850106,0.104198165850106,0.104198165850106,0.104198165850106,0.0601161548394275,0.0601161548394275,0.0601161548394275,0.0601161548394275,0.0601161548394275,0.0601161548394275,0.0601161548394275,0.0601161548394275,0.0601161548394275,0.0601161548394275,0.0601161548394275,0.0601161548394275,0.0601161548394275,0.0601161548394275,0.0601161548394275,0.0601161548394275,0.0601161548394275,0.0601161548394275,0.0983537787786748,0.0601161548394275,0.0601161548394275,0.0601161548394275,0.0601161548394275,0.0601161548394275,0.0601161548394275,0.0601161548394275,0.0601161548394275,0.0601161548394275,0.0601161548394275,0.0601161548394275,0.0601161548394275,0.0601161548394275,0.0601161548394275,0.0601161548394275
"147",0.0601161548394275,0.0601161548394275,0.0601161548394275,0.0983537787786748,0.0601161548394275,0.0983537787786748,0.0601161548394275,0.0983537787786748,0.0983537787786748,0.0601161548394275,0.0601161548394275,0.0601161548394275,0.0601161548394275,0.0983537787786748,0.0983537787786748,0.0983537787786748,0.0983537787786748,0.0983537787786748,0.0601161548394275,0.0601161548394275,0.0601161548394275,0.0601161548394275,0.0601161548394275,0.0601161548394275,0.0601161548394275,0.0601161548394275,0.0601161548394275,0.0601161548394275,0.0601161548394275,0.0601161548394275,0.0601161548394275,0.0983537787786748,0.0601161548394275,0.0601161548394275,0.0983537787786748,0.0983537787786748,0.0601161548394275,0.0601161548394275,0.0983537787786748,0.0601161548394275,0.0601161548394275,0.0601161548394275,0.0601161548394275,0.0983537787786748,0.0983537787786748,0.0601161548394275,0.0601161548394275,0.0601161548394275,0.0601161548394275,0.0601161548394275,0.0601161548394275,0.0983537787786748,0.0601161548394275,0.0983537787786748,0.0601161548394275,0.0601161548394275,0.0983537787786748,0.0601161548394275,0.0601161548394275,0.0601161548394275,0.0601161548394275,0.0601161548394275,0.0601161548394275,0.0983537787786748,0.0601161548394275,0.0983537787786748,0.0601161548394275,0.0601161548394275,0.0601161548394275,0.0983537787786748,0.0601161548394275,0.0983537787786748,0.0983537787786748,0.0601161548394275,0.0601161548394275,0.0601161548394275,0.0983537787786748,0.0601161548394275,0.0601161548394275,0.0601161548394275,0.0983537787786748,0.0983537787786748,0.0601161548394275,0.0983537787786748,0.0601161548394275,0.0601161548394275,0.0601161548394275,0.0601161548394275,0.0601161548394275,0.0983537787786748,0.0983537787786748,0.0601161548394275,0.0601161548394275,0.0983537787786748,0.0983537787786748,0.0983537787786748,0.0601161548394275,0.0983537787786748,0.0601161548394275,0.0983537787786748,0.0601161548394275,0.0601161548394275,0.0601161548394275,0.0983537787786748,0.0983537787786748,0.0601161548394275,0.0601161548394275,0.0601161548394275,0.0601161548394275,0.0601161548394275,0.0601161548394275,0.0601161548394275,0.0601161548394275,0.0601161548394275,0.0601161548394275,0.0983537787786748,0.0601161548394275,0.0601161548394275,0.0601161548394275,0.0601161548394275,0.0601161548394275,0.0601161548394275,0.0601161548394275,0.0601161548394275,0.0601161548394275,0.0601161548394275,0.0601161548394275,0.0601161548394275,0.0601161548394275,0.0601161548394275,0.0601161548394275,0.0983537787786748,0.0601161548394275,0.0601161548394275,0.0601161548394275,0.0601161548394275,0.0601161548394275,0.0601161548394275,0.0601161548394275,0.0601161548394275,0.0601161548394275,0.0601161548394275,0.0601161548394275,0.0601161548394275,0.0601161548394275,0.104198165850106,1,0.142435789789353,0.104198165850106,0.104198165850106,0.142435789789353,0.104198165850106,0.104198165850106,0.142435789789353,0.104198165850106,0.104198165850106,0.104198165850106,0.142435789789353,0.142435789789353,0.142435789789353,0.104198165850106,0.0983537787786748,0.0601161548394275,0.0601161548394275,0.0601161548394275,0.0601161548394275,0.0601161548394275,0.0601161548394275,0.0601161548394275,0.0601161548394275,0.0601161548394275,0.0601161548394275,0.0601161548394275,0.0601161548394275,0.0601161548394275,0.0601161548394275,0.0983537787786748,0.0601161548394275,0.0601161548394275,0.0601161548394275,0.0601161548394275,0.0601161548394275,0.0601161548394275,0.0601161548394275,0.0601161548394275,0.0601161548394275,0.0983537787786748,0.0601161548394275,0.0601161548394275,0.0983537787786748,0.0601161548394275,0.0601161548394275,0.0601161548394275,0.0601161548394275,0.0983537787786748
"148",0.0601161548394275,0.0601161548394275,0.0601161548394275,0.0983537787786748,0.0601161548394275,0.0983537787786748,0.0601161548394275,0.0983537787786748,0.0983537787786748,0.0601161548394275,0.0601161548394275,0.0601161548394275,0.0601161548394275,0.0983537787786748,0.0983537787786748,0.0983537787786748,0.0983537787786748,0.0983537787786748,0.0601161548394275,0.0601161548394275,0.0601161548394275,0.0601161548394275,0.0601161548394275,0.0601161548394275,0.0601161548394275,0.0601161548394275,0.0601161548394275,0.0601161548394275,0.0601161548394275,0.0601161548394275,0.0601161548394275,0.0983537787786748,0.0601161548394275,0.0601161548394275,0.0983537787786748,0.0983537787786748,0.0601161548394275,0.0601161548394275,0.0983537787786748,0.0601161548394275,0.0601161548394275,0.0601161548394275,0.0601161548394275,0.0983537787786748,0.0983537787786748,0.0601161548394275,0.0601161548394275,0.0601161548394275,0.0601161548394275,0.0601161548394275,0.0601161548394275,0.0983537787786748,0.0601161548394275,0.0983537787786748,0.0601161548394275,0.0601161548394275,0.0983537787786748,0.0601161548394275,0.0601161548394275,0.0601161548394275,0.0601161548394275,0.0601161548394275,0.0601161548394275,0.0983537787786748,0.0601161548394275,0.0983537787786748,0.0601161548394275,0.0601161548394275,0.0601161548394275,0.0983537787786748,0.0601161548394275,0.0983537787786748,0.0983537787786748,0.0601161548394275,0.0601161548394275,0.0601161548394275,0.0983537787786748,0.0601161548394275,0.0601161548394275,0.0601161548394275,0.0983537787786748,0.0983537787786748,0.0601161548394275,0.0983537787786748,0.0601161548394275,0.0601161548394275,0.0601161548394275,0.0601161548394275,0.0601161548394275,0.0983537787786748,0.0983537787786748,0.0601161548394275,0.0601161548394275,0.0983537787786748,0.0983537787786748,0.0983537787786748,0.0601161548394275,0.0983537787786748,0.0601161548394275,0.0983537787786748,0.0601161548394275,0.0601161548394275,0.0601161548394275,0.0983537787786748,0.0983537787786748,0.0601161548394275,0.0601161548394275,0.0601161548394275,0.0601161548394275,0.0601161548394275,0.0601161548394275,0.0601161548394275,0.0601161548394275,0.0601161548394275,0.0601161548394275,0.0983537787786748,0.0601161548394275,0.0601161548394275,0.0601161548394275,0.0601161548394275,0.0601161548394275,0.0601161548394275,0.0601161548394275,0.0601161548394275,0.0601161548394275,0.0601161548394275,0.0601161548394275,0.0601161548394275,0.0601161548394275,0.0601161548394275,0.0601161548394275,0.0983537787786748,0.0601161548394275,0.0601161548394275,0.0601161548394275,0.0601161548394275,0.0601161548394275,0.0601161548394275,0.0601161548394275,0.0601161548394275,0.0601161548394275,0.0601161548394275,0.0601161548394275,0.0601161548394275,0.0601161548394275,0.104198165850106,0.142435789789353,1,0.104198165850106,0.104198165850106,0.142435789789353,0.104198165850106,0.104198165850106,0.142435789789353,0.104198165850106,0.104198165850106,0.104198165850106,0.142435789789353,0.142435789789353,0.142435789789353,0.104198165850106,0.0983537787786748,0.0601161548394275,0.0601161548394275,0.0601161548394275,0.0601161548394275,0.0601161548394275,0.0601161548394275,0.0601161548394275,0.0601161548394275,0.0601161548394275,0.0601161548394275,0.0601161548394275,0.0601161548394275,0.0601161548394275,0.0601161548394275,0.0983537787786748,0.0601161548394275,0.0601161548394275,0.0601161548394275,0.0601161548394275,0.0601161548394275,0.0601161548394275,0.0601161548394275,0.0601161548394275,0.0601161548394275,0.0983537787786748,0.0601161548394275,0.0601161548394275,0.0983537787786748,0.0601161548394275,0.0601161548394275,0.0601161548394275,0.0601161548394275,0.0983537787786748
"149",0.0601161548394275,0.0601161548394275,0.0601161548394275,0.0601161548394275,0.0601161548394275,0.0601161548394275,0.0601161548394275,0.0601161548394275,0.0601161548394275,0.0601161548394275,0.0601161548394275,0.0601161548394275,0.0601161548394275,0.0601161548394275,0.0601161548394275,0.0601161548394275,0.0601161548394275,0.0601161548394275,0.0601161548394275,0.0601161548394275,0.0601161548394275,0.0601161548394275,0.0601161548394275,0.0601161548394275,0.0601161548394275,0.0601161548394275,0.0601161548394275,0.0601161548394275,0.0601161548394275,0.0601161548394275,0.0601161548394275,0.0601161548394275,0.0601161548394275,0.0601161548394275,0.0601161548394275,0.0601161548394275,0.0601161548394275,0.0601161548394275,0.0601161548394275,0.0601161548394275,0.0601161548394275,0.0601161548394275,0.0601161548394275,0.0601161548394275,0.0601161548394275,0.0601161548394275,0.0601161548394275,0.0601161548394275,0.0601161548394275,0.0601161548394275,0.0601161548394275,0.0601161548394275,0.0601161548394275,0.0601161548394275,0.0601161548394275,0.0601161548394275,0.0601161548394275,0.0601161548394275,0.0601161548394275,0.0601161548394275,0.0601161548394275,0.0601161548394275,0.0601161548394275,0.0601161548394275,0.0601161548394275,0.0601161548394275,0.0601161548394275,0.0601161548394275,0.0601161548394275,0.0601161548394275,0.0601161548394275,0.0601161548394275,0.0601161548394275,0.0601161548394275,0.0601161548394275,0.0601161548394275,0.0601161548394275,0.0601161548394275,0.0601161548394275,0.0601161548394275,0.0601161548394275,0.0601161548394275,0.0601161548394275,0.0601161548394275,0.0601161548394275,0.0601161548394275,0.0601161548394275,0.0601161548394275,0.0601161548394275,0.0601161548394275,0.0601161548394275,0.0601161548394275,0.0601161548394275,0.0601161548394275,0.0601161548394275,0.0601161548394275,0.0601161548394275,0.0601161548394275,0.0601161548394275,0.0601161548394275,0.0601161548394275,0.0601161548394275,0.0601161548394275,0.0601161548394275,0.0601161548394275,0.0601161548394275,0.0601161548394275,0.0601161548394275,0.0601161548394275,0.0601161548394275,0.0601161548394275,0.0601161548394275,0.0601161548394275,0.0601161548394275,0.0601161548394275,0.0601161548394275,0.0601161548394275,0.0601161548394275,0.0601161548394275,0.0601161548394275,0.0601161548394275,0.0601161548394275,0.0601161548394275,0.0601161548394275,0.0601161548394275,0.0601161548394275,0.0601161548394275,0.0601161548394275,0.0601161548394275,0.0601161548394275,0.0601161548394275,0.0601161548394275,0.0601161548394275,0.0601161548394275,0.0601161548394275,0.0601161548394275,0.0601161548394275,0.0601161548394275,0.0601161548394275,0.0601161548394275,0.0601161548394275,0.0601161548394275,0.0601161548394275,0.0601161548394275,0.0601161548394275,0.104198165850106,0.104198165850106,0.104198165850106,1,0.104198165850106,0.104198165850106,0.104198165850106,0.104198165850106,0.104198165850106,0.104198165850106,0.104198165850106,0.104198165850106,0.104198165850106,0.104198165850106,0.104198165850106,0.104198165850106,0.0601161548394275,0.0601161548394275,0.0601161548394275,0.0601161548394275,0.0601161548394275,0.0601161548394275,0.0601161548394275,0.0601161548394275,0.0601161548394275,0.0601161548394275,0.0601161548394275,0.0601161548394275,0.0601161548394275,0.0601161548394275,0.0601161548394275,0.0601161548394275,0.0601161548394275,0.0601161548394275,0.0601161548394275,0.0601161548394275,0.0601161548394275,0.0601161548394275,0.0601161548394275,0.0601161548394275,0.0601161548394275,0.0601161548394275,0.0601161548394275,0.0601161548394275,0.0601161548394275,0.0601161548394275,0.0601161548394275,0.0601161548394275,0.0601161548394275,0.0601161548394275
"150",0.0601161548394276,0.0601161548394275,0.0601161548394274,0.0601161548394273,0.0601161548394272,0.0601161548394271,0.0601161548394275,0.0601161548394265,0.0601161548394275,0.0601161548394275,0.0601161548394271,0.0601161548394275,0.0601161548394278,0.0601161548394273,0.0601161548394278,0.0601161548394273,0.0601161548394268,0.0601161548394272,0.0601161548394271,0.0601161548394274,0.0601161548394271,0.0601161548394272,0.0601161548394273,0.0601161548394275,0.0601161548394274,0.0601161548394274,0.0601161548394275,0.060116154839427,0.060116154839427,0.0601161548394268,0.0601161548394275,0.060116154839427,0.0601161548394267,0.0601161548394274,0.0601161548394273,0.0601161548394276,0.0601161548394271,0.0601161548394275,0.0601161548394276,0.0601161548394272,0.0601161548394273,0.0601161548394275,0.0601161548394276,0.0601161548394275,0.0601161548394272,0.0601161548394276,0.0601161548394275,0.0601161548394278,0.0601161548394273,0.0601161548394278,0.0601161548394269,0.0601161548394273,0.0601161548394274,0.0601161548394278,0.0601161548394271,0.0601161548394279,0.0601161548394276,0.0601161548394276,0.0601161548394277,0.0601161548394275,0.0601161548394275,0.0601161548394279,0.0601161548394275,0.0601161548394268,0.0601161548394277,0.0601161548394276,0.0601161548394274,0.0601161548394272,0.0601161548394275,0.0601161548394275,0.0601161548394277,0.0601161548394273,0.0601161548394275,0.0601161548394275,0.0601161548394273,0.0601161548394275,0.0601161548394277,0.0601161548394274,0.0601161548394276,0.0601161548394274,0.0601161548394278,0.0601161548394272,0.0601161548394275,0.0601161548394277,0.0601161548394273,0.0601161548394277,0.0601161548394274,0.0601161548394276,0.0601161548394275,0.0601161548394275,0.0601161548394275,0.0601161548394275,0.0601161548394275,0.0601161548394272,0.0601161548394269,0.060116154839427,0.0601161548394275,0.060116154839427,0.0601161548394272,0.0601161548394272,0.060116154839427,0.0601161548394277,0.0601161548394278,0.0601161548394271,0.0601161548394272,0.0601161548394272,0.0601161548394276,0.0601161548394274,0.0601161548394276,0.060116154839427,0.0601161548394274,0.0601161548394276,0.0601161548394273,0.0601161548394275,0.0601161548394273,0.0601161548394275,0.0601161548394273,0.0601161548394277,0.0601161548394274,0.0601161548394275,0.0601161548394274,0.0601161548394273,0.060116154839427,0.0601161548394275,0.0601161548394277,0.0601161548394275,0.0601161548394279,0.0601161548394271,0.0601161548394275,0.0601161548394277,0.0601161548394276,0.0601161548394275,0.0601161548394275,0.0601161548394273,0.0601161548394278,0.0601161548394274,0.0601161548394275,0.0601161548394282,0.0601161548394275,0.0601161548394278,0.0601161548394278,0.0601161548394278,0.060116154839428,0.0601161548394272,0.0601161548394277,0.104198165850106,0.104198165850106,0.104198165850106,0.104198165850106,1,0.104198165850106,0.104198165850106,0.430803424202447,0.104198165850106,0.104198165850106,0.104198165850106,0.104198165850106,0.104198165850106,0.104198165850106,0.104198165850106,0.104198165850106,0.0601161548394285,0.0601161548394283,0.0601161548394283,0.0601161548394285,0.0601161548394283,0.0601161548394285,0.0601161548394284,0.0601161548394288,0.06011615483943,0.06011615483943,0.06011615483943,0.0601161548394297,0.0601161548394296,0.0601161548394293,0.0601161548394286,0.0601161548394288,0.0601161548394296,0.06011615483943,0.0601161548394288,0.0601161548394293,0.0601161548394291,0.0601161548394284,0.0601161548394285,0.0601161548394275,0.0601161548394275,0.0601161548394275,0.0601161548394275,0.0601161548394276,0.0601161548394275,0.0601161548394275,0.0601161548394275,0.0601161548394275,0.0601161548394275,0.0601161548394275
"151",0.0601161548394275,0.0601161548394275,0.0601161548394275,0.0983537787786748,0.0601161548394275,0.0983537787786748,0.0601161548394275,0.0983537787786748,0.0983537787786748,0.0601161548394275,0.0601161548394275,0.0601161548394275,0.0601161548394275,0.0983537787786748,0.0983537787786748,0.0983537787786748,0.0983537787786748,0.0983537787786748,0.0601161548394275,0.0601161548394275,0.0601161548394275,0.0601161548394275,0.0601161548394275,0.0601161548394275,0.0601161548394275,0.0601161548394275,0.0601161548394275,0.0601161548394275,0.0601161548394275,0.0601161548394275,0.0601161548394275,0.0983537787786748,0.0601161548394275,0.0601161548394275,0.0983537787786748,0.0983537787786748,0.0601161548394275,0.0601161548394275,0.0983537787786748,0.0601161548394275,0.0601161548394275,0.0601161548394275,0.0601161548394275,0.0983537787786748,0.0983537787786748,0.0601161548394275,0.0601161548394275,0.0601161548394275,0.0601161548394275,0.0601161548394275,0.0601161548394275,0.0983537787786748,0.0601161548394275,0.0983537787786748,0.0601161548394275,0.0601161548394275,0.0983537787786748,0.0601161548394275,0.0601161548394275,0.0601161548394275,0.0601161548394275,0.0601161548394275,0.0601161548394275,0.0983537787786748,0.0601161548394275,0.0983537787786748,0.0601161548394275,0.0601161548394275,0.0601161548394275,0.0983537787786748,0.0601161548394275,0.0983537787786748,0.0983537787786748,0.0601161548394275,0.0601161548394275,0.0601161548394275,0.0983537787786748,0.0601161548394275,0.0601161548394275,0.0601161548394275,0.0983537787786748,0.0983537787786748,0.0601161548394275,0.0983537787786748,0.0601161548394275,0.0601161548394275,0.0601161548394275,0.0601161548394275,0.0601161548394275,0.0983537787786748,0.0983537787786748,0.0601161548394275,0.0601161548394275,0.0983537787786748,0.0983537787786748,0.0983537787786748,0.0601161548394275,0.0983537787786748,0.0601161548394275,0.0983537787786748,0.0601161548394275,0.0601161548394275,0.0601161548394275,0.0983537787786748,0.0983537787786748,0.0601161548394275,0.0601161548394275,0.0601161548394275,0.0601161548394275,0.0601161548394275,0.0601161548394275,0.0601161548394275,0.0601161548394275,0.0601161548394275,0.0601161548394275,0.0983537787786748,0.0601161548394275,0.0601161548394275,0.0601161548394275,0.0601161548394275,0.0601161548394275,0.0601161548394275,0.0601161548394275,0.0601161548394275,0.0601161548394275,0.0601161548394275,0.0601161548394275,0.0601161548394275,0.0601161548394275,0.0601161548394275,0.0601161548394275,0.0983537787786748,0.0601161548394275,0.0601161548394275,0.0601161548394275,0.0601161548394275,0.0601161548394275,0.0601161548394275,0.0601161548394275,0.0601161548394275,0.0601161548394275,0.0601161548394275,0.0601161548394275,0.0601161548394275,0.0601161548394275,0.104198165850106,0.142435789789353,0.142435789789353,0.104198165850106,0.104198165850106,1,0.104198165850106,0.104198165850106,0.142435789789353,0.104198165850106,0.104198165850106,0.104198165850106,0.142435789789353,0.142435789789353,0.142435789789353,0.104198165850106,0.0983537787786748,0.0601161548394275,0.0601161548394275,0.0601161548394275,0.0601161548394275,0.0601161548394275,0.0601161548394275,0.0601161548394275,0.0601161548394275,0.0601161548394275,0.0601161548394275,0.0601161548394275,0.0601161548394275,0.0601161548394275,0.0601161548394275,0.0983537787786748,0.0601161548394275,0.0601161548394275,0.0601161548394275,0.0601161548394275,0.0601161548394275,0.0601161548394275,0.0601161548394275,0.0601161548394275,0.0601161548394275,0.0983537787786748,0.0601161548394275,0.0601161548394275,0.0983537787786748,0.0601161548394275,0.0601161548394275,0.0601161548394275,0.0601161548394275,0.0983537787786748
"152",0.0601161548394275,0.0983537787786748,0.0983537787786748,0.0601161548394275,0.0601161548394275,0.0601161548394275,0.0983537787786748,0.0601161548394275,0.0601161548394275,0.0983537787786748,0.0601161548394275,0.0983537787786748,0.0601161548394275,0.0601161548394275,0.0601161548394275,0.0601161548394275,0.0601161548394275,0.0601161548394275,0.0601161548394275,0.0983537787786748,0.0983537787786748,0.0983537787786748,0.0983537787786748,0.0601161548394275,0.0601161548394275,0.0983537787786748,0.0601161548394275,0.0983537787786748,0.0601161548394275,0.0601161548394275,0.0983537787786748,0.0601161548394275,0.0983537787786748,0.0601161548394275,0.0601161548394275,0.0601161548394275,0.0601161548394275,0.0601161548394275,0.0601161548394275,0.0983537787786748,0.0983537787786748,0.0601161548394275,0.0983537787786748,0.0601161548394275,0.0601161548394275,0.0983537787786748,0.0601161548394275,0.0601161548394275,0.0983537787786748,0.0983537787786748,0.0983537787786748,0.0601161548394275,0.0983537787786748,0.0601161548394275,0.0983537787786748,0.0601161548394275,0.0601161548394275,0.0601161548394275,0.0601161548394275,0.0601161548394275,0.0601161548394275,0.0601161548394275,0.0601161548394275,0.0601161548394275,0.0601161548394275,0.0601161548394275,0.0601161548394275,0.0601161548394275,0.0601161548394275,0.0601161548394275,0.0601161548394275,0.0601161548394275,0.0601161548394275,0.0601161548394275,0.0601161548394275,0.0601161548394275,0.0601161548394275,0.0983537787786748,0.0601161548394275,0.0983537787786748,0.0601161548394275,0.0601161548394275,0.0601161548394275,0.0601161548394275,0.0601161548394275,0.0601161548394275,0.0983537787786748,0.0601161548394275,0.0601161548394275,0.0601161548394275,0.0601161548394275,0.0601161548394275,0.0601161548394275,0.0601161548394275,0.0601161548394275,0.0601161548394275,0.0601161548394275,0.0601161548394275,0.0601161548394275,0.0601161548394275,0.0601161548394275,0.0983537787786748,0.0601161548394275,0.0601161548394275,0.0601161548394275,0.0601161548394275,0.0601161548394275,0.0601161548394275,0.0601161548394275,0.0601161548394275,0.0601161548394275,0.0601161548394275,0.0601161548394275,0.0601161548394275,0.0601161548394275,0.0601161548394275,0.0601161548394275,0.0601161548394275,0.0601161548394275,0.0601161548394275,0.0601161548394275,0.0601161548394275,0.0601161548394275,0.0601161548394275,0.0601161548394275,0.0601161548394275,0.0601161548394275,0.0601161548394275,0.0601161548394275,0.0601161548394275,0.0601161548394275,0.0601161548394275,0.0601161548394275,0.0601161548394275,0.0601161548394275,0.0601161548394275,0.0601161548394275,0.0601161548394275,0.0601161548394275,0.0601161548394275,0.0601161548394275,0.0601161548394275,0.0601161548394275,0.0601161548394275,0.0601161548394275,0.104198165850106,0.104198165850106,0.104198165850106,0.104198165850106,0.104198165850106,0.104198165850106,1,0.104198165850106,0.104198165850106,0.142435789789353,0.104198165850106,0.104198165850106,0.104198165850106,0.104198165850106,0.104198165850106,0.104198165850106,0.0601161548394275,0.0601161548394275,0.0601161548394275,0.0601161548394275,0.0601161548394275,0.0601161548394275,0.0601161548394275,0.0601161548394275,0.0601161548394275,0.0601161548394275,0.0601161548394275,0.0601161548394275,0.0601161548394275,0.0601161548394275,0.0983537787786748,0.0601161548394275,0.0601161548394275,0.0601161548394275,0.0601161548394275,0.0601161548394275,0.0601161548394275,0.0601161548394275,0.0601161548394275,0.0601161548394275,0.0601161548394275,0.0601161548394275,0.0983537787786748,0.0601161548394275,0.0601161548394275,0.0601161548394275,0.0601161548394275,0.0983537787786748,0.0601161548394275,0.0601161548394275
"153",0.0601161548394276,0.0601161548394275,0.0601161548394274,0.0601161548394272,0.0601161548394271,0.0601161548394271,0.0601161548394275,0.0601161548394266,0.0601161548394275,0.0601161548394275,0.0601161548394272,0.0601161548394275,0.0601161548394278,0.0601161548394273,0.0601161548394278,0.0601161548394273,0.0601161548394268,0.0601161548394272,0.0601161548394271,0.0601161548394273,0.0601161548394271,0.0601161548394271,0.0601161548394273,0.0601161548394275,0.0601161548394274,0.0601161548394274,0.0601161548394275,0.060116154839427,0.060116154839427,0.0601161548394268,0.0601161548394275,0.060116154839427,0.0601161548394267,0.0601161548394274,0.0601161548394273,0.0601161548394276,0.0601161548394271,0.0601161548394275,0.0601161548394276,0.0601161548394272,0.0601161548394273,0.0601161548394275,0.0601161548394275,0.0601161548394275,0.0601161548394273,0.0601161548394276,0.0601161548394275,0.0601161548394277,0.0601161548394273,0.0601161548394278,0.0601161548394269,0.0601161548394272,0.0601161548394274,0.0601161548394278,0.0601161548394271,0.0601161548394279,0.0601161548394276,0.0601161548394276,0.0601161548394277,0.0601161548394275,0.0601161548394276,0.0601161548394279,0.0601161548394276,0.0601161548394267,0.0601161548394277,0.0601161548394275,0.0601161548394274,0.0601161548394272,0.0601161548394275,0.0601161548394275,0.0601161548394277,0.0601161548394272,0.0601161548394275,0.0601161548394275,0.0601161548394273,0.0601161548394274,0.0601161548394277,0.0601161548394274,0.0601161548394276,0.0601161548394274,0.0601161548394279,0.0601161548394271,0.0601161548394275,0.0601161548394277,0.0601161548394272,0.0601161548394277,0.0601161548394274,0.0601161548394276,0.0601161548394274,0.0601161548394275,0.0601161548394275,0.0601161548394275,0.0601161548394276,0.0601161548394272,0.0601161548394269,0.060116154839427,0.0601161548394275,0.060116154839427,0.0601161548394272,0.0601161548394272,0.060116154839427,0.0601161548394276,0.0601161548394278,0.0601161548394272,0.0601161548394273,0.0601161548394272,0.0601161548394276,0.0601161548394274,0.0601161548394275,0.0601161548394269,0.0601161548394274,0.0601161548394276,0.0601161548394273,0.0601161548394274,0.0601161548394272,0.0601161548394275,0.0601161548394272,0.0601161548394277,0.0601161548394274,0.0601161548394275,0.0601161548394274,0.0601161548394273,0.060116154839427,0.0601161548394275,0.0601161548394277,0.0601161548394275,0.0601161548394279,0.0601161548394271,0.0601161548394275,0.0601161548394277,0.0601161548394276,0.0601161548394275,0.0601161548394275,0.0601161548394273,0.0601161548394278,0.0601161548394273,0.0601161548394275,0.0601161548394282,0.0601161548394274,0.0601161548394277,0.0601161548394278,0.0601161548394278,0.060116154839428,0.0601161548394272,0.0601161548394277,0.104198165850106,0.104198165850106,0.104198165850106,0.104198165850106,0.430803424202447,0.104198165850106,0.104198165850106,1,0.104198165850106,0.104198165850106,0.104198165850106,0.104198165850106,0.104198165850106,0.104198165850106,0.104198165850106,0.104198165850106,0.0601161548394286,0.0601161548394283,0.0601161548394283,0.0601161548394286,0.0601161548394283,0.0601161548394286,0.0601161548394284,0.0601161548394288,0.0601161548394299,0.0601161548394299,0.0601161548394299,0.0601161548394296,0.0601161548394295,0.0601161548394292,0.0601161548394284,0.0601161548394286,0.0601161548394295,0.0601161548394299,0.0601161548394287,0.0601161548394292,0.0601161548394289,0.0601161548394285,0.0601161548394286,0.0601161548394275,0.0601161548394275,0.0601161548394275,0.0601161548394275,0.0601161548394276,0.0601161548394275,0.0601161548394275,0.0601161548394275,0.0601161548394275,0.0601161548394275,0.0601161548394275
"154",0.0601161548394275,0.0601161548394275,0.0601161548394275,0.0983537787786748,0.0601161548394275,0.0983537787786748,0.0601161548394275,0.0983537787786748,0.0983537787786748,0.0601161548394275,0.0601161548394275,0.0601161548394275,0.0601161548394275,0.0983537787786748,0.0983537787786748,0.0983537787786748,0.0983537787786748,0.0983537787786748,0.0601161548394275,0.0601161548394275,0.0601161548394275,0.0601161548394275,0.0601161548394275,0.0601161548394275,0.0601161548394275,0.0601161548394275,0.0601161548394275,0.0601161548394275,0.0601161548394275,0.0601161548394275,0.0601161548394275,0.0983537787786748,0.0601161548394275,0.0601161548394275,0.0983537787786748,0.0983537787786748,0.0601161548394275,0.0601161548394275,0.0983537787786748,0.0601161548394275,0.0601161548394275,0.0601161548394275,0.0601161548394275,0.0983537787786748,0.0983537787786748,0.0601161548394275,0.0601161548394275,0.0601161548394275,0.0601161548394275,0.0601161548394275,0.0601161548394275,0.0983537787786748,0.0601161548394275,0.0983537787786748,0.0601161548394275,0.0601161548394275,0.0983537787786748,0.0601161548394275,0.0601161548394275,0.0601161548394275,0.0601161548394275,0.0601161548394275,0.0601161548394275,0.0983537787786748,0.0601161548394275,0.0983537787786748,0.0601161548394275,0.0601161548394275,0.0601161548394275,0.0983537787786748,0.0601161548394275,0.0983537787786748,0.0983537787786748,0.0601161548394275,0.0601161548394275,0.0601161548394275,0.0983537787786748,0.0601161548394275,0.0601161548394275,0.0601161548394275,0.0983537787786748,0.0983537787786748,0.0601161548394275,0.0983537787786748,0.0601161548394275,0.0601161548394275,0.0601161548394275,0.0601161548394275,0.0601161548394275,0.0983537787786748,0.0983537787786748,0.0601161548394275,0.0601161548394275,0.0983537787786748,0.0983537787786748,0.0983537787786748,0.0601161548394275,0.0983537787786748,0.0601161548394275,0.0983537787786748,0.0601161548394275,0.0601161548394275,0.0601161548394275,0.0983537787786748,0.0983537787786748,0.0601161548394275,0.0601161548394275,0.0601161548394275,0.0601161548394275,0.0601161548394275,0.0601161548394275,0.0601161548394275,0.0601161548394275,0.0601161548394275,0.0601161548394275,0.0983537787786748,0.0601161548394275,0.0601161548394275,0.0601161548394275,0.0601161548394275,0.0601161548394275,0.0601161548394275,0.0601161548394275,0.0601161548394275,0.0601161548394275,0.0601161548394275,0.0601161548394275,0.0601161548394275,0.0601161548394275,0.0601161548394275,0.0601161548394275,0.0983537787786748,0.0601161548394275,0.0601161548394275,0.0601161548394275,0.0601161548394275,0.0601161548394275,0.0601161548394275,0.0601161548394275,0.0601161548394275,0.0601161548394275,0.0601161548394275,0.0601161548394275,0.0601161548394275,0.0601161548394275,0.104198165850106,0.142435789789353,0.142435789789353,0.104198165850106,0.104198165850106,0.142435789789353,0.104198165850106,0.104198165850106,1,0.104198165850106,0.104198165850106,0.104198165850106,0.142435789789353,0.142435789789353,0.142435789789353,0.104198165850106,0.0983537787786748,0.0601161548394275,0.0601161548394275,0.0601161548394275,0.0601161548394275,0.0601161548394275,0.0601161548394275,0.0601161548394275,0.0601161548394275,0.0601161548394275,0.0601161548394275,0.0601161548394275,0.0601161548394275,0.0601161548394275,0.0601161548394275,0.0983537787786748,0.0601161548394275,0.0601161548394275,0.0601161548394275,0.0601161548394275,0.0601161548394275,0.0601161548394275,0.0601161548394275,0.0601161548394275,0.0601161548394275,0.0983537787786748,0.0601161548394275,0.0601161548394275,0.0983537787786748,0.0601161548394275,0.0601161548394275,0.0601161548394275,0.0601161548394275,0.0983537787786748
"155",0.0601161548394275,0.0983537787786748,0.0983537787786748,0.0601161548394275,0.0601161548394275,0.0601161548394275,0.0983537787786748,0.0601161548394275,0.0601161548394275,0.0983537787786748,0.0601161548394275,0.0983537787786748,0.0601161548394275,0.0601161548394275,0.0601161548394275,0.0601161548394275,0.0601161548394275,0.0601161548394275,0.0601161548394275,0.0983537787786748,0.0983537787786748,0.0983537787786748,0.0983537787786748,0.0601161548394275,0.0601161548394275,0.0983537787786748,0.0601161548394275,0.0983537787786748,0.0601161548394275,0.0601161548394275,0.0983537787786748,0.0601161548394275,0.0983537787786748,0.0601161548394275,0.0601161548394275,0.0601161548394275,0.0601161548394275,0.0601161548394275,0.0601161548394275,0.0983537787786748,0.0983537787786748,0.0601161548394275,0.0983537787786748,0.0601161548394275,0.0601161548394275,0.0983537787786748,0.0601161548394275,0.0601161548394275,0.0983537787786748,0.0983537787786748,0.0983537787786748,0.0601161548394275,0.0983537787786748,0.0601161548394275,0.0983537787786748,0.0601161548394275,0.0601161548394275,0.0601161548394275,0.0601161548394275,0.0601161548394275,0.0601161548394275,0.0601161548394275,0.0601161548394275,0.0601161548394275,0.0601161548394275,0.0601161548394275,0.0601161548394275,0.0601161548394275,0.0601161548394275,0.0601161548394275,0.0601161548394275,0.0601161548394275,0.0601161548394275,0.0601161548394275,0.0601161548394275,0.0601161548394275,0.0601161548394275,0.0983537787786748,0.0601161548394275,0.0983537787786748,0.0601161548394275,0.0601161548394275,0.0601161548394275,0.0601161548394275,0.0601161548394275,0.0601161548394275,0.0983537787786748,0.0601161548394275,0.0601161548394275,0.0601161548394275,0.0601161548394275,0.0601161548394275,0.0601161548394275,0.0601161548394275,0.0601161548394275,0.0601161548394275,0.0601161548394275,0.0601161548394275,0.0601161548394275,0.0601161548394275,0.0601161548394275,0.0983537787786748,0.0601161548394275,0.0601161548394275,0.0601161548394275,0.0601161548394275,0.0601161548394275,0.0601161548394275,0.0601161548394275,0.0601161548394275,0.0601161548394275,0.0601161548394275,0.0601161548394275,0.0601161548394275,0.0601161548394275,0.0601161548394275,0.0601161548394275,0.0601161548394275,0.0601161548394275,0.0601161548394275,0.0601161548394275,0.0601161548394275,0.0601161548394275,0.0601161548394275,0.0601161548394275,0.0601161548394275,0.0601161548394275,0.0601161548394275,0.0601161548394275,0.0601161548394275,0.0601161548394275,0.0601161548394275,0.0601161548394275,0.0601161548394275,0.0601161548394275,0.0601161548394275,0.0601161548394275,0.0601161548394275,0.0601161548394275,0.0601161548394275,0.0601161548394275,0.0601161548394275,0.0601161548394275,0.0601161548394275,0.0601161548394275,0.104198165850106,0.104198165850106,0.104198165850106,0.104198165850106,0.104198165850106,0.104198165850106,0.142435789789353,0.104198165850106,0.104198165850106,1,0.104198165850106,0.104198165850106,0.104198165850106,0.104198165850106,0.104198165850106,0.104198165850106,0.0601161548394275,0.0601161548394275,0.0601161548394275,0.0601161548394275,0.0601161548394275,0.0601161548394275,0.0601161548394275,0.0601161548394275,0.0601161548394275,0.0601161548394275,0.0601161548394275,0.0601161548394275,0.0601161548394275,0.0601161548394275,0.0983537787786748,0.0601161548394275,0.0601161548394275,0.0601161548394275,0.0601161548394275,0.0601161548394275,0.0601161548394275,0.0601161548394275,0.0601161548394275,0.0601161548394275,0.0601161548394275,0.0601161548394275,0.0983537787786748,0.0601161548394275,0.0601161548394275,0.0601161548394275,0.0601161548394275,0.0983537787786748,0.0601161548394275,0.0601161548394275
"156",0.0601161548394275,0.0601161548394275,0.0601161548394275,0.0601161548394275,0.0601161548394275,0.0601161548394275,0.0601161548394275,0.0601161548394275,0.0601161548394275,0.0601161548394275,0.0601161548394275,0.0601161548394275,0.0601161548394275,0.0601161548394275,0.0601161548394275,0.0601161548394275,0.0601161548394275,0.0601161548394275,0.0601161548394275,0.0601161548394275,0.0601161548394275,0.0601161548394275,0.0601161548394275,0.0601161548394275,0.0601161548394275,0.0601161548394275,0.0601161548394275,0.0601161548394275,0.0601161548394275,0.0601161548394275,0.0601161548394275,0.0601161548394275,0.0601161548394275,0.0601161548394275,0.0601161548394275,0.0601161548394275,0.0601161548394275,0.0601161548394275,0.0601161548394275,0.0601161548394275,0.0601161548394275,0.0601161548394275,0.0601161548394275,0.0601161548394275,0.0601161548394275,0.0601161548394275,0.0601161548394275,0.0601161548394275,0.0601161548394275,0.0601161548394275,0.0601161548394275,0.0601161548394275,0.0601161548394275,0.0601161548394275,0.0601161548394275,0.0601161548394275,0.0601161548394275,0.0601161548394275,0.0601161548394275,0.0601161548394275,0.0601161548394275,0.0601161548394275,0.0601161548394275,0.0601161548394275,0.0601161548394275,0.0601161548394275,0.0601161548394275,0.0601161548394275,0.0601161548394275,0.0601161548394275,0.0601161548394275,0.0601161548394275,0.0601161548394275,0.0601161548394275,0.0601161548394275,0.0601161548394275,0.0601161548394275,0.0601161548394275,0.0983537787786748,0.0601161548394275,0.0601161548394275,0.0601161548394275,0.0601161548394275,0.0601161548394275,0.0601161548394275,0.0601161548394275,0.0601161548394275,0.0601161548394275,0.0601161548394275,0.0601161548394275,0.0601161548394275,0.0601161548394275,0.0601161548394275,0.0601161548394275,0.0601161548394275,0.0601161548394275,0.0601161548394275,0.0601161548394275,0.0601161548394275,0.0601161548394275,0.0601161548394275,0.0601161548394275,0.0601161548394275,0.0601161548394275,0.0601161548394275,0.0601161548394275,0.0601161548394275,0.0601161548394275,0.0601161548394275,0.0601161548394275,0.0601161548394275,0.0601161548394275,0.0601161548394275,0.0601161548394275,0.0601161548394275,0.0601161548394275,0.0601161548394275,0.0601161548394275,0.0601161548394275,0.0601161548394275,0.0601161548394275,0.0601161548394275,0.0601161548394275,0.0601161548394275,0.0601161548394275,0.0601161548394275,0.0601161548394275,0.0601161548394275,0.0601161548394275,0.0601161548394275,0.0601161548394275,0.0601161548394275,0.0601161548394275,0.0601161548394275,0.0601161548394275,0.0601161548394275,0.0601161548394275,0.0601161548394275,0.0601161548394275,0.0601161548394275,0.0601161548394275,0.0601161548394275,0.0601161548394275,0.0601161548394275,0.0601161548394275,0.142435789789353,0.104198165850106,0.104198165850106,0.104198165850106,0.104198165850106,0.104198165850106,0.104198165850106,0.104198165850106,0.104198165850106,0.104198165850106,1,0.104198165850106,0.104198165850106,0.104198165850106,0.104198165850106,0.104198165850106,0.0601161548394275,0.0601161548394275,0.0601161548394275,0.0601161548394275,0.0601161548394275,0.0601161548394275,0.0601161548394275,0.0601161548394275,0.0601161548394275,0.0601161548394275,0.0601161548394275,0.0601161548394275,0.0601161548394275,0.0601161548394275,0.0601161548394275,0.0601161548394275,0.0601161548394275,0.0601161548394275,0.0983537787786748,0.0601161548394275,0.0601161548394275,0.0601161548394275,0.0601161548394275,0.0601161548394275,0.0601161548394275,0.0601161548394275,0.0601161548394275,0.0601161548394275,0.0601161548394275,0.0601161548394275,0.0601161548394275,0.0601161548394275,0.0601161548394275,0.0601161548394275
"157",0.0601161548394275,0.0601161548394275,0.0601161548394275,0.0601161548394275,0.0601161548394275,0.0601161548394275,0.0601161548394275,0.0601161548394275,0.0601161548394275,0.0601161548394275,0.0601161548394275,0.0601161548394275,0.0601161548394275,0.0601161548394275,0.0601161548394275,0.0601161548394275,0.0601161548394275,0.0601161548394275,0.0601161548394275,0.0601161548394275,0.0601161548394275,0.0601161548394275,0.0601161548394275,0.0601161548394275,0.0601161548394275,0.0601161548394275,0.0601161548394275,0.0601161548394275,0.0601161548394275,0.0601161548394275,0.0601161548394275,0.0601161548394275,0.0601161548394275,0.0601161548394275,0.0601161548394275,0.0601161548394275,0.0601161548394275,0.0601161548394275,0.0601161548394275,0.0601161548394275,0.0601161548394275,0.0601161548394275,0.0601161548394275,0.0601161548394275,0.0601161548394275,0.0601161548394275,0.0601161548394275,0.0601161548394275,0.0601161548394275,0.0601161548394275,0.0601161548394275,0.0601161548394275,0.0601161548394275,0.0601161548394275,0.0601161548394275,0.0601161548394275,0.0601161548394275,0.0601161548394275,0.0601161548394275,0.0601161548394275,0.0601161548394275,0.0601161548394275,0.0601161548394275,0.0601161548394275,0.0601161548394275,0.0601161548394275,0.0601161548394275,0.0601161548394275,0.0601161548394275,0.0601161548394275,0.0601161548394275,0.0601161548394275,0.0601161548394275,0.0601161548394275,0.0601161548394275,0.0601161548394275,0.0601161548394275,0.0601161548394275,0.0601161548394275,0.0601161548394275,0.0601161548394275,0.0601161548394275,0.0983537787786748,0.0601161548394275,0.0601161548394275,0.0601161548394275,0.0601161548394275,0.0601161548394275,0.0601161548394275,0.0601161548394275,0.0601161548394275,0.0601161548394275,0.0601161548394275,0.0601161548394275,0.0601161548394275,0.0601161548394275,0.0601161548394275,0.0601161548394275,0.0601161548394275,0.0601161548394275,0.0601161548394275,0.0601161548394275,0.0601161548394275,0.0601161548394275,0.0601161548394275,0.0601161548394275,0.0601161548394275,0.0601161548394275,0.0601161548394275,0.0601161548394275,0.0601161548394275,0.0601161548394275,0.0601161548394275,0.0601161548394275,0.0601161548394275,0.0601161548394275,0.0601161548394275,0.0601161548394275,0.0601161548394275,0.0601161548394275,0.0601161548394275,0.0601161548394275,0.0601161548394275,0.0601161548394275,0.0601161548394275,0.0601161548394275,0.0601161548394275,0.0601161548394275,0.0601161548394275,0.0601161548394275,0.0601161548394275,0.0601161548394275,0.0601161548394275,0.0601161548394275,0.0601161548394275,0.0601161548394275,0.0601161548394275,0.0601161548394275,0.0601161548394275,0.0601161548394275,0.0601161548394275,0.0601161548394275,0.0601161548394275,0.0601161548394275,0.0601161548394275,0.104198165850106,0.104198165850106,0.104198165850106,0.104198165850106,0.104198165850106,0.104198165850106,0.104198165850106,0.104198165850106,0.104198165850106,0.104198165850106,0.104198165850106,1,0.104198165850106,0.104198165850106,0.104198165850106,0.142435789789353,0.0601161548394275,0.0601161548394275,0.0601161548394275,0.0601161548394275,0.0601161548394275,0.0601161548394275,0.0601161548394275,0.0601161548394275,0.0601161548394275,0.0601161548394275,0.0601161548394275,0.0601161548394275,0.0601161548394275,0.0601161548394275,0.0601161548394275,0.0601161548394275,0.0601161548394275,0.0601161548394275,0.0601161548394275,0.0601161548394275,0.0601161548394275,0.0601161548394275,0.0601161548394275,0.0601161548394275,0.0601161548394275,0.0601161548394275,0.0601161548394275,0.0601161548394275,0.0601161548394275,0.0983537787786748,0.0983537787786748,0.0601161548394275,0.0601161548394275,0.0601161548394275
"158",0.0601161548394275,0.0601161548394275,0.0601161548394275,0.0983537787786748,0.0601161548394275,0.0983537787786748,0.0601161548394275,0.0983537787786748,0.0983537787786748,0.0601161548394275,0.0601161548394275,0.0601161548394275,0.0601161548394275,0.0983537787786748,0.0983537787786748,0.0983537787786748,0.0983537787786748,0.0983537787786748,0.0601161548394275,0.0601161548394275,0.0601161548394275,0.0601161548394275,0.0601161548394275,0.0601161548394275,0.0601161548394275,0.0601161548394275,0.0601161548394275,0.0601161548394275,0.0601161548394275,0.0601161548394275,0.0601161548394275,0.0983537787786748,0.0601161548394275,0.0601161548394275,0.0983537787786748,0.0983537787786748,0.0601161548394275,0.0601161548394275,0.0983537787786748,0.0601161548394275,0.0601161548394275,0.0601161548394275,0.0601161548394275,0.0983537787786748,0.0983537787786748,0.0601161548394275,0.0601161548394275,0.0601161548394275,0.0601161548394275,0.0601161548394275,0.0601161548394275,0.0983537787786748,0.0601161548394275,0.0983537787786748,0.0601161548394275,0.0601161548394275,0.0983537787786748,0.0601161548394275,0.0601161548394275,0.0601161548394275,0.0601161548394275,0.0601161548394275,0.0601161548394275,0.0983537787786748,0.0601161548394275,0.0983537787786748,0.0601161548394275,0.0601161548394275,0.0601161548394275,0.0983537787786748,0.0601161548394275,0.0983537787786748,0.0983537787786748,0.0601161548394275,0.0601161548394275,0.0601161548394275,0.0983537787786748,0.0601161548394275,0.0601161548394275,0.0601161548394275,0.0983537787786748,0.0983537787786748,0.0601161548394275,0.0983537787786748,0.0601161548394275,0.0601161548394275,0.0601161548394275,0.0601161548394275,0.0601161548394275,0.0983537787786748,0.0983537787786748,0.0601161548394275,0.0601161548394275,0.0983537787786748,0.0983537787786748,0.0983537787786748,0.0601161548394275,0.0983537787786748,0.0601161548394275,0.0983537787786748,0.0601161548394275,0.0601161548394275,0.0601161548394275,0.0983537787786748,0.0983537787786748,0.0601161548394275,0.0601161548394275,0.0601161548394275,0.0601161548394275,0.0601161548394275,0.0601161548394275,0.0601161548394275,0.0601161548394275,0.0601161548394275,0.0601161548394275,0.0983537787786748,0.0601161548394275,0.0601161548394275,0.0601161548394275,0.0601161548394275,0.0601161548394275,0.0601161548394275,0.0601161548394275,0.0601161548394275,0.0601161548394275,0.0601161548394275,0.0601161548394275,0.0601161548394275,0.0601161548394275,0.0601161548394275,0.0601161548394275,0.0983537787786748,0.0601161548394275,0.0601161548394275,0.0601161548394275,0.0601161548394275,0.0601161548394275,0.0601161548394275,0.0601161548394275,0.0601161548394275,0.0601161548394275,0.0601161548394275,0.0601161548394275,0.0601161548394275,0.0601161548394275,0.104198165850106,0.142435789789353,0.142435789789353,0.104198165850106,0.104198165850106,0.142435789789353,0.104198165850106,0.104198165850106,0.142435789789353,0.104198165850106,0.104198165850106,0.104198165850106,1,0.142435789789353,0.142435789789353,0.104198165850106,0.0983537787786748,0.0601161548394275,0.0601161548394275,0.0601161548394275,0.0601161548394275,0.0601161548394275,0.0601161548394275,0.0601161548394275,0.0601161548394275,0.0601161548394275,0.0601161548394275,0.0601161548394275,0.0601161548394275,0.0601161548394275,0.0601161548394275,0.0983537787786748,0.0601161548394275,0.0601161548394275,0.0601161548394275,0.0601161548394275,0.0601161548394275,0.0601161548394275,0.0601161548394275,0.0601161548394275,0.0601161548394275,0.0983537787786748,0.0601161548394275,0.0601161548394275,0.0983537787786748,0.0601161548394275,0.0601161548394275,0.0601161548394275,0.0601161548394275,0.0983537787786748
"159",0.0601161548394275,0.0601161548394275,0.0601161548394275,0.0983537787786748,0.0601161548394275,0.0983537787786748,0.0601161548394275,0.0983537787786748,0.0983537787786748,0.0601161548394275,0.0601161548394275,0.0601161548394275,0.0601161548394275,0.0983537787786748,0.0983537787786748,0.0983537787786748,0.0983537787786748,0.0983537787786748,0.0601161548394275,0.0601161548394275,0.0601161548394275,0.0601161548394275,0.0601161548394275,0.0601161548394275,0.0601161548394275,0.0601161548394275,0.0601161548394275,0.0601161548394275,0.0601161548394275,0.0601161548394275,0.0601161548394275,0.0983537787786748,0.0601161548394275,0.0601161548394275,0.0983537787786748,0.0983537787786748,0.0601161548394275,0.0601161548394275,0.0983537787786748,0.0601161548394275,0.0601161548394275,0.0601161548394275,0.0601161548394275,0.0983537787786748,0.0983537787786748,0.0601161548394275,0.0601161548394275,0.0601161548394275,0.0601161548394275,0.0601161548394275,0.0601161548394275,0.0983537787786748,0.0601161548394275,0.0983537787786748,0.0601161548394275,0.0601161548394275,0.0983537787786748,0.0601161548394275,0.0601161548394275,0.0601161548394275,0.0601161548394275,0.0601161548394275,0.0601161548394275,0.0983537787786748,0.0601161548394275,0.0983537787786748,0.0601161548394275,0.0601161548394275,0.0601161548394275,0.0983537787786748,0.0601161548394275,0.0983537787786748,0.0983537787786748,0.0601161548394275,0.0601161548394275,0.0601161548394275,0.0983537787786748,0.0601161548394275,0.0601161548394275,0.0601161548394275,0.0983537787786748,0.0983537787786748,0.0601161548394275,0.0983537787786748,0.0601161548394275,0.0601161548394275,0.0601161548394275,0.0601161548394275,0.0601161548394275,0.0983537787786748,0.0983537787786748,0.0601161548394275,0.0601161548394275,0.0983537787786748,0.0983537787786748,0.0983537787786748,0.0601161548394275,0.0983537787786748,0.0601161548394275,0.0983537787786748,0.0601161548394275,0.0601161548394275,0.0601161548394275,0.0983537787786748,0.0983537787786748,0.0601161548394275,0.0601161548394275,0.0601161548394275,0.0601161548394275,0.0601161548394275,0.0601161548394275,0.0601161548394275,0.0601161548394275,0.0601161548394275,0.0601161548394275,0.0983537787786748,0.0601161548394275,0.0601161548394275,0.0601161548394275,0.0601161548394275,0.0601161548394275,0.0601161548394275,0.0601161548394275,0.0601161548394275,0.0601161548394275,0.0601161548394275,0.0601161548394275,0.0601161548394275,0.0601161548394275,0.0601161548394275,0.0601161548394275,0.0983537787786748,0.0601161548394275,0.0601161548394275,0.0601161548394275,0.0601161548394275,0.0601161548394275,0.0601161548394275,0.0601161548394275,0.0601161548394275,0.0601161548394275,0.0601161548394275,0.0601161548394275,0.0601161548394275,0.0601161548394275,0.104198165850106,0.142435789789353,0.142435789789353,0.104198165850106,0.104198165850106,0.142435789789353,0.104198165850106,0.104198165850106,0.142435789789353,0.104198165850106,0.104198165850106,0.104198165850106,0.142435789789353,1,0.142435789789353,0.104198165850106,0.0983537787786748,0.0601161548394275,0.0601161548394275,0.0601161548394275,0.0601161548394275,0.0601161548394275,0.0601161548394275,0.0601161548394275,0.0601161548394275,0.0601161548394275,0.0601161548394275,0.0601161548394275,0.0601161548394275,0.0601161548394275,0.0601161548394275,0.0983537787786748,0.0601161548394275,0.0601161548394275,0.0601161548394275,0.0601161548394275,0.0601161548394275,0.0601161548394275,0.0601161548394275,0.0601161548394275,0.0601161548394275,0.0983537787786748,0.0601161548394275,0.0601161548394275,0.0983537787786748,0.0601161548394275,0.0601161548394275,0.0601161548394275,0.0601161548394275,0.0983537787786748
"160",0.0601161548394275,0.0601161548394275,0.0601161548394275,0.0983537787786748,0.0601161548394275,0.0983537787786748,0.0601161548394275,0.0983537787786748,0.0983537787786748,0.0601161548394275,0.0601161548394275,0.0601161548394275,0.0601161548394275,0.0983537787786748,0.0983537787786748,0.0983537787786748,0.0983537787786748,0.0983537787786748,0.0601161548394275,0.0601161548394275,0.0601161548394275,0.0601161548394275,0.0601161548394275,0.0601161548394275,0.0601161548394275,0.0601161548394275,0.0601161548394275,0.0601161548394275,0.0601161548394275,0.0601161548394275,0.0601161548394275,0.0983537787786748,0.0601161548394275,0.0601161548394275,0.0983537787786748,0.0983537787786748,0.0601161548394275,0.0601161548394275,0.0983537787786748,0.0601161548394275,0.0601161548394275,0.0601161548394275,0.0601161548394275,0.0983537787786748,0.0983537787786748,0.0601161548394275,0.0601161548394275,0.0601161548394275,0.0601161548394275,0.0601161548394275,0.0601161548394275,0.0983537787786748,0.0601161548394275,0.0983537787786748,0.0601161548394275,0.0601161548394275,0.0983537787786748,0.0601161548394275,0.0601161548394275,0.0601161548394275,0.0601161548394275,0.0601161548394275,0.0601161548394275,0.0983537787786748,0.0601161548394275,0.0983537787786748,0.0601161548394275,0.0601161548394275,0.0601161548394275,0.0983537787786748,0.0601161548394275,0.0983537787786748,0.0983537787786748,0.0601161548394275,0.0601161548394275,0.0601161548394275,0.0983537787786748,0.0601161548394275,0.0601161548394275,0.0601161548394275,0.0983537787786748,0.0983537787786748,0.0601161548394275,0.0983537787786748,0.0601161548394275,0.0601161548394275,0.0601161548394275,0.0601161548394275,0.0601161548394275,0.0983537787786748,0.0983537787786748,0.0601161548394275,0.0601161548394275,0.0983537787786748,0.0983537787786748,0.0983537787786748,0.0601161548394275,0.0983537787786748,0.0601161548394275,0.0983537787786748,0.0601161548394275,0.0601161548394275,0.0601161548394275,0.0983537787786748,0.0983537787786748,0.0601161548394275,0.0601161548394275,0.0601161548394275,0.0601161548394275,0.0601161548394275,0.0601161548394275,0.0601161548394275,0.0601161548394275,0.0601161548394275,0.0601161548394275,0.0983537787786748,0.0601161548394275,0.0601161548394275,0.0601161548394275,0.0601161548394275,0.0601161548394275,0.0601161548394275,0.0601161548394275,0.0601161548394275,0.0601161548394275,0.0601161548394275,0.0601161548394275,0.0601161548394275,0.0601161548394275,0.0601161548394275,0.0601161548394275,0.0983537787786748,0.0601161548394275,0.0601161548394275,0.0601161548394275,0.0601161548394275,0.0601161548394275,0.0601161548394275,0.0601161548394275,0.0601161548394275,0.0601161548394275,0.0601161548394275,0.0601161548394275,0.0601161548394275,0.0601161548394275,0.104198165850106,0.142435789789353,0.142435789789353,0.104198165850106,0.104198165850106,0.142435789789353,0.104198165850106,0.104198165850106,0.142435789789353,0.104198165850106,0.104198165850106,0.104198165850106,0.142435789789353,0.142435789789353,1,0.104198165850106,0.0983537787786748,0.0601161548394275,0.0601161548394275,0.0601161548394275,0.0601161548394275,0.0601161548394275,0.0601161548394275,0.0601161548394275,0.0601161548394275,0.0601161548394275,0.0601161548394275,0.0601161548394275,0.0601161548394275,0.0601161548394275,0.0601161548394275,0.0983537787786748,0.0601161548394275,0.0601161548394275,0.0601161548394275,0.0601161548394275,0.0601161548394275,0.0601161548394275,0.0601161548394275,0.0601161548394275,0.0601161548394275,0.0983537787786748,0.0601161548394275,0.0601161548394275,0.0983537787786748,0.0601161548394275,0.0601161548394275,0.0601161548394275,0.0601161548394275,0.0983537787786748
"161",0.0601161548394275,0.0601161548394275,0.0601161548394275,0.0601161548394275,0.0601161548394275,0.0601161548394275,0.0601161548394275,0.0601161548394275,0.0601161548394275,0.0601161548394275,0.0601161548394275,0.0601161548394275,0.0601161548394275,0.0601161548394275,0.0601161548394275,0.0601161548394275,0.0601161548394275,0.0601161548394275,0.0601161548394275,0.0601161548394275,0.0601161548394275,0.0601161548394275,0.0601161548394275,0.0601161548394275,0.0601161548394275,0.0601161548394275,0.0601161548394275,0.0601161548394275,0.0601161548394275,0.0601161548394275,0.0601161548394275,0.0601161548394275,0.0601161548394275,0.0601161548394275,0.0601161548394275,0.0601161548394275,0.0601161548394275,0.0601161548394275,0.0601161548394275,0.0601161548394275,0.0601161548394275,0.0601161548394275,0.0601161548394275,0.0601161548394275,0.0601161548394275,0.0601161548394275,0.0601161548394275,0.0601161548394275,0.0601161548394275,0.0601161548394275,0.0601161548394275,0.0601161548394275,0.0601161548394275,0.0601161548394275,0.0601161548394275,0.0601161548394275,0.0601161548394275,0.0601161548394275,0.0601161548394275,0.0601161548394275,0.0601161548394275,0.0601161548394275,0.0601161548394275,0.0601161548394275,0.0601161548394275,0.0601161548394275,0.0601161548394275,0.0601161548394275,0.0601161548394275,0.0601161548394275,0.0601161548394275,0.0601161548394275,0.0601161548394275,0.0601161548394275,0.0601161548394275,0.0601161548394275,0.0601161548394275,0.0601161548394275,0.0601161548394275,0.0601161548394275,0.0601161548394275,0.0601161548394275,0.0983537787786748,0.0601161548394275,0.0601161548394275,0.0601161548394275,0.0601161548394275,0.0601161548394275,0.0601161548394275,0.0601161548394275,0.0601161548394275,0.0601161548394275,0.0601161548394275,0.0601161548394275,0.0601161548394275,0.0601161548394275,0.0601161548394275,0.0601161548394275,0.0601161548394275,0.0601161548394275,0.0601161548394275,0.0601161548394275,0.0601161548394275,0.0601161548394275,0.0601161548394275,0.0601161548394275,0.0601161548394275,0.0601161548394275,0.0601161548394275,0.0601161548394275,0.0601161548394275,0.0601161548394275,0.0601161548394275,0.0601161548394275,0.0601161548394275,0.0601161548394275,0.0601161548394275,0.0601161548394275,0.0601161548394275,0.0601161548394275,0.0601161548394275,0.0601161548394275,0.0601161548394275,0.0601161548394275,0.0601161548394275,0.0601161548394275,0.0601161548394275,0.0601161548394275,0.0601161548394275,0.0601161548394275,0.0601161548394275,0.0601161548394275,0.0601161548394275,0.0601161548394275,0.0601161548394275,0.0601161548394275,0.0601161548394275,0.0601161548394275,0.0601161548394275,0.0601161548394275,0.0601161548394275,0.0601161548394275,0.0601161548394275,0.0601161548394275,0.0601161548394275,0.104198165850106,0.104198165850106,0.104198165850106,0.104198165850106,0.104198165850106,0.104198165850106,0.104198165850106,0.104198165850106,0.104198165850106,0.104198165850106,0.104198165850106,0.142435789789353,0.104198165850106,0.104198165850106,0.104198165850106,1,0.0601161548394275,0.0601161548394275,0.0601161548394275,0.0601161548394275,0.0601161548394275,0.0601161548394275,0.0601161548394275,0.0601161548394275,0.0601161548394275,0.0601161548394275,0.0601161548394275,0.0601161548394275,0.0601161548394275,0.0601161548394275,0.0601161548394275,0.0601161548394275,0.0601161548394275,0.0601161548394275,0.0601161548394275,0.0601161548394275,0.0601161548394275,0.0601161548394275,0.0601161548394275,0.0601161548394275,0.0601161548394275,0.0601161548394275,0.0601161548394275,0.0601161548394275,0.0601161548394275,0.0983537787786748,0.0983537787786748,0.0601161548394275,0.0601161548394275,0.0601161548394275
"162",0.0601161548394276,0.0601161548394275,0.0601161548394272,0.0983537787786746,0.0601161548394274,0.0983537787786748,0.0601161548394275,0.0983537787786745,0.0983537787786748,0.0601161548394275,0.0601161548394272,0.0601161548394275,0.0601161548394278,0.0983537787786744,0.098353778778675,0.0983537787786748,0.0983537787786746,0.0983537787786745,0.0601161548394275,0.060116154839428,0.060116154839428,0.0601161548394281,0.060116154839428,0.0601161548394279,0.0601161548394278,0.0601161548394279,0.0601161548394275,0.0601161548394273,0.0601161548394272,0.0601161548394276,0.0601161548394272,0.098353778778675,0.0601161548394274,0.0601161548394271,0.0983537787786745,0.0983537787786747,0.0601161548394273,0.0601161548394273,0.0983537787786746,0.0601161548394283,0.0601161548394282,0.0601161548394275,0.0601161548394275,0.0983537787786744,0.0983537787786753,0.060116154839427,0.0601161548394271,0.0601161548394273,0.0601161548394272,0.0601161548394271,0.060116154839428,0.0983537787786753,0.0601161548394268,0.0983537787786744,0.0601161548394284,0.0601161548394275,0.0983537787786747,0.0601161548394275,0.0601161548394277,0.0601161548394275,0.0601161548394276,0.0601161548394275,0.0601161548394273,0.0983537787786748,0.0601161548394276,0.098353778778675,0.0601161548394279,0.0601161548394273,0.0601161548394272,0.0983537787786748,0.0601161548394275,0.0983537787786748,0.0983537787786748,0.0601161548394271,0.0601161548394273,0.0601161548394272,0.0983537787786747,0.060116154839428,0.0601161548394273,0.0601161548394279,0.0983537787786747,0.0983537787786749,0.0601161548394275,0.0983537787786748,0.0601161548394279,0.0601161548394271,0.0601161548394279,0.0601161548394281,0.0601161548394281,0.0983537787786748,0.0983537787786748,0.060116154839428,0.0601161548394277,0.0983537787786741,0.0983537787786743,0.0983537787786747,0.060116154839427,0.0983537787786743,0.0601161548394276,0.0983537787786749,0.0601161548394277,0.060116154839427,0.060116154839428,0.098353778778675,0.098353778778675,0.0601161548394278,0.0601161548394278,0.0601161548394276,0.0601161548394272,0.0601161548394277,0.0601161548394274,0.0601161548394276,0.0601161548394278,0.0601161548394274,0.0601161548394274,0.0983537787786748,0.0601161548394274,0.0601161548394279,0.0601161548394272,0.0601161548394275,0.0601161548394277,0.0601161548394279,0.0601161548394279,0.0601161548394272,0.0601161548394271,0.0601161548394277,0.0601161548394276,0.0601161548394276,0.0601161548394273,0.0601161548394278,0.0601161548394273,0.0983537787786748,0.0601161548394275,0.0601161548394275,0.0601161548394275,0.0601161548394271,0.0601161548394275,0.0601161548394277,0.0601161548394272,0.0601161548394276,0.0601161548394276,0.0601161548394276,0.0601161548394276,0.0601161548394275,0.0601161548394273,0.0601161548394275,0.0983537787786748,0.0983537787786748,0.0601161548394275,0.0601161548394285,0.0983537787786748,0.0601161548394275,0.0601161548394286,0.0983537787786748,0.0601161548394275,0.0601161548394275,0.0601161548394275,0.0983537787786748,0.0983537787786748,0.0983537787786748,0.0601161548394275,1,0.159604875073346,0.262691145583405,0.342805849184074,0.259317693853611,0.347582363029877,0.194769212468765,0.136792306605944,0.0654137732753017,0.0658898375747239,0.0679270030575237,0.0651860481743374,0.0749659521695689,0.0679753091937661,0.0642849409295007,0.103762168238221,0.0648526353622577,0.0682100130828297,0.064841403896957,0.0643083276659863,0.0675318701160235,0.177889583813277,0.217571540419938,0.0601161548394275,0.0601161548394275,0.0983537787786748,0.0601161548394275,0.0601161548394271,0.0983537787786748,0.0601161548394275,0.0601161548394275,0.0601161548394275,0.0601161548394275,0.0983537787786748
"163",0.0601161548394275,0.0601161548394275,0.0601161548394278,0.0601161548394277,0.0601161548394278,0.0601161548394276,0.0601161548394275,0.0601161548394272,0.0601161548394275,0.0601161548394275,0.0601161548394272,0.0601161548394275,0.0601161548394275,0.0601161548394277,0.0601161548394275,0.0601161548394274,0.0601161548394272,0.0601161548394273,0.0601161548394274,0.0601161548394277,0.0601161548394278,0.060116154839428,0.0601161548394276,0.0601161548394275,0.0601161548394274,0.0601161548394274,0.0601161548394275,0.0601161548394272,0.0601161548394273,0.0601161548394276,0.0601161548394272,0.0601161548394277,0.0601161548394275,0.0601161548394271,0.0601161548394273,0.0601161548394274,0.0601161548394273,0.0601161548394272,0.0601161548394273,0.0601161548394284,0.0601161548394282,0.0601161548394275,0.0601161548394276,0.0601161548394271,0.060116154839428,0.0601161548394271,0.0601161548394272,0.0601161548394273,0.0601161548394274,0.0601161548394271,0.0601161548394281,0.0601161548394281,0.0601161548394268,0.0601161548394273,0.0601161548394283,0.0601161548394274,0.0601161548394274,0.0601161548394274,0.0601161548394277,0.0601161548394275,0.0601161548394273,0.0601161548394277,0.0601161548394275,0.0601161548394275,0.0601161548394275,0.0601161548394276,0.0601161548394279,0.0601161548394274,0.0601161548394272,0.0601161548394275,0.0601161548394275,0.0601161548394275,0.0601161548394275,0.0601161548394272,0.0601161548394275,0.0601161548394273,0.0601161548394276,0.0601161548394279,0.0601161548394274,0.0601161548394278,0.0601161548394275,0.0601161548394277,0.0601161548394275,0.0601161548394276,0.0601161548394279,0.0601161548394273,0.0601161548394279,0.060116154839428,0.060116154839428,0.0601161548394275,0.0601161548394275,0.0601161548394279,0.0601161548394277,0.0601161548394272,0.0601161548394273,0.0601161548394276,0.0601161548394272,0.0601161548394272,0.0601161548394277,0.0601161548394276,0.0601161548394277,0.0601161548394273,0.0601161548394279,0.0601161548394277,0.0601161548394276,0.0601161548394276,0.0601161548394276,0.0601161548394275,0.0601161548394274,0.0601161548394275,0.0601161548394275,0.0601161548394275,0.0601161548394275,0.0601161548394275,0.0601161548394275,0.0601161548394275,0.0601161548394275,0.0601161548394277,0.0601161548394273,0.0601161548394275,0.0601161548394274,0.0601161548394276,0.0601161548394276,0.0601161548394273,0.0601161548394272,0.0601161548394274,0.0601161548394276,0.0601161548394277,0.0601161548394274,0.0601161548394276,0.0601161548394274,0.0601161548394275,0.0601161548394276,0.0601161548394274,0.0601161548394277,0.0601161548394274,0.0601161548394276,0.0601161548394276,0.0601161548394274,0.0601161548394277,0.0601161548394277,0.0601161548394277,0.0601161548394278,0.0601161548394277,0.0601161548394276,0.0601161548394275,0.0601161548394275,0.0601161548394275,0.0601161548394275,0.0601161548394283,0.0601161548394275,0.0601161548394275,0.0601161548394283,0.0601161548394275,0.0601161548394275,0.0601161548394275,0.0601161548394275,0.0601161548394275,0.0601161548394275,0.0601161548394275,0.0601161548394275,0.159604875073346,1,0.189048605478574,0.186479899729497,0.230765427589195,0.158866384325061,0.320967813928997,0.312648541428801,0.0939961874778927,0.0970407770793668,0.110069128192736,0.0925398096834838,0.155085549919468,0.110378062007499,0.0867769290163732,0.09470460503247,0.0904075238097305,0.11187907147394,0.0903356948519515,0.086926494977952,0.107542121554452,0.0865700644206292,0.0954833048792292,0.0601161548394275,0.0601161548394275,0.0601161548394275,0.0601161548394275,0.0601161548394273,0.0601161548394275,0.0601161548394275,0.0601161548394275,0.0601161548394275,0.0601161548394275,0.0601161548394275
"164",0.0601161548394277,0.0601161548394275,0.0601161548394273,0.0601161548394274,0.0601161548394274,0.0601161548394275,0.0601161548394275,0.0601161548394272,0.0601161548394275,0.0601161548394275,0.0601161548394272,0.0601161548394275,0.0601161548394278,0.0601161548394273,0.0601161548394277,0.0601161548394275,0.0601161548394273,0.0601161548394273,0.0601161548394275,0.060116154839428,0.060116154839428,0.0601161548394281,0.0601161548394279,0.0601161548394278,0.0601161548394278,0.0601161548394279,0.0601161548394275,0.0601161548394272,0.0601161548394272,0.0601161548394276,0.0601161548394272,0.0601161548394277,0.0601161548394274,0.0601161548394271,0.0601161548394273,0.0601161548394275,0.0601161548394273,0.0601161548394273,0.0601161548394273,0.0601161548394283,0.0601161548394282,0.0601161548394275,0.0601161548394275,0.0601161548394271,0.060116154839428,0.060116154839427,0.0601161548394271,0.0601161548394273,0.0601161548394273,0.060116154839427,0.0601161548394281,0.0601161548394281,0.0601161548394267,0.0601161548394272,0.0601161548394283,0.0601161548394275,0.0601161548394275,0.0601161548394275,0.0601161548394277,0.0601161548394275,0.0601161548394275,0.0601161548394276,0.0601161548394273,0.0601161548394275,0.0601161548394275,0.0601161548394276,0.0601161548394279,0.0601161548394273,0.0601161548394272,0.0601161548394275,0.0601161548394275,0.0601161548394275,0.0601161548394275,0.0601161548394271,0.0601161548394273,0.0601161548394271,0.0601161548394275,0.060116154839428,0.0601161548394273,0.0601161548394279,0.0601161548394274,0.0601161548394276,0.0601161548394275,0.0601161548394275,0.0601161548394279,0.0601161548394272,0.0601161548394279,0.0601161548394281,0.0601161548394281,0.0601161548394275,0.0601161548394275,0.060116154839428,0.0601161548394278,0.0601161548394269,0.0601161548394271,0.0601161548394275,0.060116154839427,0.060116154839427,0.0601161548394277,0.0601161548394277,0.0601161548394278,0.0601161548394272,0.060116154839428,0.0601161548394277,0.0601161548394277,0.0601161548394278,0.0601161548394277,0.0601161548394276,0.0601161548394273,0.0601161548394276,0.0601161548394274,0.0601161548394276,0.0601161548394277,0.0601161548394274,0.0601161548394275,0.0601161548394275,0.0601161548394273,0.0601161548394279,0.0601161548394272,0.0601161548394275,0.0601161548394277,0.0601161548394278,0.0601161548394278,0.0601161548394272,0.060116154839427,0.0601161548394277,0.0601161548394276,0.0601161548394277,0.0601161548394273,0.0601161548394278,0.0601161548394273,0.0601161548394275,0.0601161548394276,0.0601161548394274,0.0601161548394276,0.0601161548394271,0.0601161548394275,0.0601161548394276,0.0601161548394272,0.0601161548394276,0.0601161548394276,0.0601161548394276,0.0601161548394277,0.0601161548394275,0.0601161548394274,0.0601161548394275,0.0601161548394275,0.0601161548394275,0.0601161548394275,0.0601161548394283,0.0601161548394275,0.0601161548394275,0.0601161548394283,0.0601161548394275,0.0601161548394275,0.0601161548394275,0.0601161548394275,0.0601161548394275,0.0601161548394275,0.0601161548394275,0.0601161548394275,0.262691145583405,0.189048605478574,1,0.339568166396843,0.341749905171544,0.260578664967933,0.242899655812991,0.154113188980283,0.0682289855700284,0.0689580356374968,0.0720777731067456,0.0678802448633139,0.0828572966527674,0.0721517496513633,0.0665002793871342,0.0683986215254653,0.067369652841529,0.072511177750392,0.0673524528529033,0.0665360940908063,0.0714726622046909,0.135788560111265,0.161285220338297,0.0601161548394275,0.0601161548394275,0.0601161548394275,0.0601161548394275,0.0601161548394272,0.0601161548394275,0.0601161548394275,0.0601161548394275,0.0601161548394275,0.0601161548394275,0.0601161548394275
"165",0.0601161548394276,0.0601161548394275,0.0601161548394272,0.0601161548394274,0.0601161548394274,0.0601161548394275,0.0601161548394275,0.0601161548394271,0.0601161548394275,0.0601161548394275,0.0601161548394272,0.0601161548394275,0.0601161548394278,0.0601161548394272,0.0601161548394277,0.0601161548394274,0.0601161548394272,0.0601161548394272,0.0601161548394275,0.0601161548394281,0.0601161548394281,0.0601161548394282,0.060116154839428,0.0601161548394279,0.0601161548394278,0.060116154839428,0.0601161548394275,0.0601161548394271,0.0601161548394271,0.0601161548394276,0.0601161548394271,0.0601161548394277,0.0601161548394274,0.060116154839427,0.0601161548394272,0.0601161548394274,0.0601161548394273,0.0601161548394273,0.0601161548394273,0.0601161548394285,0.0601161548394283,0.0601161548394275,0.0601161548394275,0.060116154839427,0.0601161548394282,0.0601161548394269,0.060116154839427,0.0601161548394272,0.0601161548394272,0.0601161548394269,0.0601161548394282,0.0601161548394282,0.0601161548394266,0.0601161548394271,0.0601161548394285,0.0601161548394275,0.0601161548394275,0.0601161548394275,0.0601161548394277,0.0601161548394275,0.0601161548394276,0.0601161548394275,0.0601161548394273,0.0601161548394275,0.0601161548394276,0.0601161548394276,0.0601161548394279,0.0601161548394272,0.0601161548394271,0.0601161548394275,0.0601161548394275,0.0601161548394275,0.0601161548394275,0.060116154839427,0.0601161548394272,0.0601161548394271,0.0601161548394274,0.0601161548394281,0.0601161548394273,0.060116154839428,0.0601161548394274,0.0601161548394276,0.0601161548394275,0.0601161548394275,0.0601161548394279,0.0601161548394271,0.060116154839428,0.0601161548394282,0.0601161548394282,0.0601161548394275,0.0601161548394275,0.0601161548394281,0.0601161548394278,0.0601161548394268,0.060116154839427,0.0601161548394275,0.0601161548394269,0.0601161548394269,0.0601161548394277,0.0601161548394276,0.0601161548394277,0.060116154839427,0.0601161548394281,0.0601161548394278,0.0601161548394277,0.0601161548394279,0.0601161548394278,0.0601161548394276,0.0601161548394272,0.0601161548394277,0.0601161548394274,0.0601161548394276,0.0601161548394278,0.0601161548394274,0.0601161548394274,0.0601161548394275,0.0601161548394273,0.0601161548394279,0.0601161548394271,0.0601161548394275,0.0601161548394277,0.0601161548394279,0.0601161548394279,0.0601161548394271,0.060116154839427,0.0601161548394277,0.0601161548394276,0.0601161548394276,0.0601161548394272,0.0601161548394279,0.0601161548394272,0.0601161548394275,0.0601161548394276,0.0601161548394274,0.0601161548394275,0.060116154839427,0.0601161548394275,0.0601161548394277,0.0601161548394271,0.0601161548394276,0.0601161548394276,0.0601161548394276,0.0601161548394277,0.0601161548394275,0.0601161548394273,0.0601161548394275,0.0601161548394275,0.0601161548394275,0.0601161548394275,0.0601161548394285,0.0601161548394275,0.0601161548394275,0.0601161548394286,0.0601161548394275,0.0601161548394275,0.0601161548394275,0.0601161548394275,0.0601161548394275,0.0601161548394275,0.0601161548394275,0.0601161548394275,0.342805849184074,0.186479899729497,0.339568166396843,1,0.334558421884359,0.339625556236123,0.238700699199055,0.152602094783938,0.0679833831308402,0.0686903624216823,0.071715655034688,0.0676451999682254,0.0821688464576675,0.0717873920626181,0.0663070106486303,0.0681478836402392,0.0671500652695557,0.0721359390745436,0.0671333859819405,0.066341741121795,0.0711288628574356,0.174039291022531,0.212423950328972,0.0601161548394275,0.0601161548394275,0.0601161548394275,0.0601161548394275,0.0601161548394271,0.0601161548394275,0.0601161548394275,0.0601161548394275,0.0601161548394275,0.0601161548394275,0.0601161548394275
"166",0.0601161548394277,0.0601161548394275,0.0601161548394273,0.0601161548394275,0.0601161548394275,0.0601161548394276,0.0601161548394275,0.0601161548394272,0.0601161548394275,0.0601161548394275,0.0601161548394272,0.0601161548394275,0.0601161548394278,0.0601161548394273,0.0601161548394277,0.0601161548394275,0.0601161548394273,0.0601161548394272,0.0601161548394274,0.060116154839428,0.060116154839428,0.0601161548394282,0.0601161548394279,0.0601161548394279,0.0601161548394277,0.0601161548394279,0.0601161548394275,0.0601161548394272,0.0601161548394271,0.0601161548394276,0.0601161548394272,0.0601161548394277,0.0601161548394274,0.060116154839427,0.0601161548394272,0.0601161548394274,0.0601161548394273,0.0601161548394273,0.0601161548394273,0.0601161548394285,0.0601161548394283,0.0601161548394275,0.0601161548394276,0.060116154839427,0.0601161548394281,0.060116154839427,0.0601161548394271,0.0601161548394273,0.0601161548394273,0.060116154839427,0.0601161548394282,0.0601161548394282,0.0601161548394266,0.0601161548394272,0.0601161548394284,0.0601161548394275,0.0601161548394275,0.0601161548394275,0.0601161548394277,0.0601161548394275,0.0601161548394274,0.0601161548394276,0.0601161548394273,0.0601161548394274,0.0601161548394275,0.0601161548394275,0.0601161548394279,0.0601161548394273,0.0601161548394271,0.0601161548394275,0.0601161548394274,0.0601161548394274,0.0601161548394275,0.060116154839427,0.0601161548394273,0.0601161548394271,0.0601161548394274,0.060116154839428,0.0601161548394273,0.0601161548394279,0.0601161548394273,0.0601161548394276,0.0601161548394275,0.0601161548394275,0.0601161548394279,0.0601161548394271,0.060116154839428,0.0601161548394282,0.0601161548394282,0.0601161548394275,0.0601161548394275,0.0601161548394281,0.0601161548394278,0.0601161548394268,0.0601161548394271,0.0601161548394275,0.0601161548394269,0.060116154839427,0.0601161548394277,0.0601161548394277,0.0601161548394278,0.0601161548394271,0.060116154839428,0.0601161548394277,0.0601161548394277,0.0601161548394278,0.0601161548394277,0.0601161548394275,0.0601161548394272,0.0601161548394276,0.0601161548394275,0.0601161548394276,0.0601161548394277,0.0601161548394275,0.0601161548394275,0.0601161548394275,0.0601161548394274,0.0601161548394279,0.0601161548394272,0.0601161548394275,0.0601161548394277,0.0601161548394278,0.0601161548394277,0.0601161548394272,0.060116154839427,0.0601161548394277,0.0601161548394276,0.0601161548394277,0.0601161548394273,0.0601161548394278,0.0601161548394273,0.0601161548394275,0.0601161548394276,0.0601161548394274,0.0601161548394276,0.0601161548394271,0.0601161548394275,0.0601161548394276,0.0601161548394271,0.0601161548394276,0.0601161548394276,0.0601161548394276,0.0601161548394277,0.0601161548394275,0.0601161548394274,0.0601161548394275,0.0601161548394275,0.0601161548394275,0.0601161548394275,0.0601161548394283,0.0601161548394275,0.0601161548394275,0.0601161548394283,0.0601161548394275,0.0601161548394275,0.0601161548394275,0.0601161548394275,0.0601161548394275,0.0601161548394275,0.0601161548394275,0.0601161548394275,0.259317693853611,0.230765427589195,0.341749905171544,0.334558421884359,1,0.25725017643713,0.311092412486915,0.178653970969001,0.0722176686915771,0.0733051571137258,0.077958717313963,0.0716974691911494,0.0940380067560211,0.0780690645169496,0.0696390420058653,0.0724707063713602,0.070935843979234,0.0786052058791551,0.0709101875952268,0.0696924650522706,0.0770561028990363,0.134177907028135,0.159131882319269,0.0601161548394275,0.0601161548394275,0.0601161548394275,0.0601161548394275,0.0601161548394271,0.0601161548394275,0.0601161548394275,0.0601161548394275,0.0601161548394275,0.0601161548394275,0.0601161548394275
"167",0.0601161548394276,0.0601161548394275,0.0601161548394271,0.0601161548394273,0.0601161548394273,0.0601161548394275,0.0601161548394275,0.0601161548394271,0.0601161548394275,0.0601161548394275,0.0601161548394272,0.0601161548394275,0.0601161548394278,0.0601161548394271,0.0601161548394277,0.0601161548394274,0.0601161548394273,0.0601161548394272,0.0601161548394276,0.060116154839428,0.0601161548394281,0.0601161548394281,0.0601161548394281,0.060116154839428,0.0601161548394279,0.060116154839428,0.0601161548394275,0.0601161548394272,0.0601161548394272,0.0601161548394276,0.0601161548394272,0.0601161548394277,0.0601161548394274,0.060116154839427,0.0601161548394273,0.0601161548394274,0.0601161548394273,0.0601161548394273,0.0601161548394273,0.0601161548394283,0.0601161548394283,0.0601161548394275,0.0601161548394275,0.060116154839427,0.0601161548394282,0.060116154839427,0.060116154839427,0.0601161548394273,0.0601161548394272,0.060116154839427,0.0601161548394281,0.060116154839428,0.0601161548394267,0.0601161548394271,0.0601161548394285,0.0601161548394275,0.0601161548394274,0.0601161548394274,0.0601161548394277,0.0601161548394275,0.0601161548394275,0.0601161548394275,0.0601161548394273,0.0601161548394276,0.0601161548394276,0.0601161548394277,0.0601161548394279,0.0601161548394272,0.0601161548394271,0.0601161548394275,0.0601161548394275,0.0601161548394275,0.0601161548394275,0.0601161548394271,0.0601161548394272,0.0601161548394271,0.0601161548394275,0.060116154839428,0.0601161548394273,0.0601161548394279,0.0601161548394274,0.0601161548394277,0.0601161548394275,0.0601161548394275,0.0601161548394279,0.0601161548394271,0.0601161548394279,0.0601161548394282,0.0601161548394282,0.0601161548394275,0.0601161548394275,0.060116154839428,0.0601161548394277,0.0601161548394268,0.060116154839427,0.0601161548394274,0.0601161548394269,0.060116154839427,0.0601161548394277,0.0601161548394276,0.0601161548394277,0.060116154839427,0.060116154839428,0.0601161548394278,0.0601161548394277,0.0601161548394279,0.0601161548394279,0.0601161548394276,0.0601161548394272,0.0601161548394278,0.0601161548394274,0.0601161548394276,0.0601161548394278,0.0601161548394274,0.0601161548394274,0.0601161548394275,0.0601161548394274,0.0601161548394279,0.0601161548394271,0.0601161548394275,0.0601161548394276,0.0601161548394279,0.0601161548394279,0.0601161548394271,0.060116154839427,0.0601161548394276,0.0601161548394276,0.0601161548394276,0.0601161548394272,0.0601161548394279,0.0601161548394272,0.0601161548394275,0.0601161548394275,0.0601161548394275,0.0601161548394274,0.060116154839427,0.0601161548394274,0.0601161548394277,0.0601161548394271,0.0601161548394275,0.0601161548394275,0.0601161548394275,0.0601161548394275,0.0601161548394274,0.0601161548394273,0.0601161548394275,0.0601161548394275,0.0601161548394275,0.0601161548394275,0.0601161548394285,0.0601161548394275,0.0601161548394275,0.0601161548394286,0.0601161548394275,0.0601161548394275,0.0601161548394275,0.0601161548394275,0.0601161548394275,0.0601161548394275,0.0601161548394275,0.0601161548394275,0.347582363029877,0.158866384325061,0.260578664967933,0.339625556236123,0.25725017643713,1,0.193562032310837,0.136357874174674,0.0653431637361742,0.0658128827917507,0.0678228958252739,0.0651184738791826,0.0747680259960796,0.0678705581110657,0.0642293770816879,0.0654524583434103,0.0647895049743576,0.0681021337390742,0.0647784232081336,0.0642524521070329,0.067433029430474,0.231583113807883,0.289356284586269,0.0601161548394275,0.0601161548394275,0.0601161548394275,0.0601161548394275,0.0601161548394271,0.0601161548394275,0.0601161548394275,0.0601161548394275,0.0601161548394275,0.0601161548394275,0.0601161548394275
"168",0.0601161548394275,0.0601161548394275,0.0601161548394276,0.0601161548394276,0.0601161548394277,0.0601161548394276,0.0601161548394275,0.0601161548394272,0.0601161548394275,0.0601161548394275,0.0601161548394271,0.0601161548394275,0.0601161548394276,0.0601161548394275,0.0601161548394276,0.0601161548394274,0.0601161548394272,0.0601161548394272,0.0601161548394274,0.0601161548394278,0.0601161548394279,0.0601161548394281,0.0601161548394278,0.0601161548394277,0.0601161548394276,0.0601161548394276,0.0601161548394275,0.0601161548394272,0.0601161548394273,0.0601161548394276,0.0601161548394272,0.0601161548394277,0.0601161548394274,0.0601161548394271,0.0601161548394273,0.0601161548394274,0.0601161548394273,0.0601161548394272,0.0601161548394273,0.0601161548394283,0.0601161548394282,0.0601161548394275,0.0601161548394276,0.0601161548394271,0.060116154839428,0.060116154839427,0.0601161548394272,0.0601161548394273,0.0601161548394273,0.060116154839427,0.0601161548394281,0.0601161548394281,0.0601161548394268,0.0601161548394273,0.0601161548394283,0.0601161548394274,0.0601161548394274,0.0601161548394275,0.0601161548394277,0.0601161548394275,0.0601161548394274,0.0601161548394277,0.0601161548394274,0.0601161548394274,0.0601161548394275,0.0601161548394275,0.0601161548394279,0.0601161548394273,0.0601161548394272,0.0601161548394275,0.0601161548394274,0.0601161548394275,0.0601161548394275,0.0601161548394271,0.0601161548394274,0.0601161548394272,0.0601161548394275,0.0601161548394279,0.0601161548394274,0.0601161548394278,0.0601161548394274,0.0601161548394277,0.0601161548394275,0.0601161548394275,0.0601161548394279,0.0601161548394272,0.0601161548394279,0.0601161548394281,0.0601161548394281,0.0601161548394275,0.0601161548394275,0.060116154839428,0.0601161548394278,0.060116154839427,0.0601161548394272,0.0601161548394276,0.060116154839427,0.0601161548394271,0.0601161548394277,0.0601161548394277,0.0601161548394278,0.0601161548394272,0.060116154839428,0.0601161548394277,0.0601161548394277,0.0601161548394276,0.0601161548394276,0.0601161548394275,0.0601161548394273,0.0601161548394275,0.0601161548394275,0.0601161548394276,0.0601161548394276,0.0601161548394275,0.0601161548394275,0.0601161548394275,0.0601161548394275,0.0601161548394278,0.0601161548394272,0.0601161548394275,0.0601161548394275,0.0601161548394277,0.0601161548394276,0.0601161548394272,0.0601161548394272,0.0601161548394275,0.0601161548394276,0.0601161548394277,0.0601161548394274,0.0601161548394277,0.0601161548394274,0.0601161548394275,0.0601161548394276,0.0601161548394274,0.0601161548394277,0.0601161548394273,0.0601161548394275,0.0601161548394276,0.0601161548394273,0.0601161548394278,0.0601161548394277,0.0601161548394277,0.0601161548394278,0.0601161548394276,0.0601161548394275,0.0601161548394275,0.0601161548394275,0.0601161548394275,0.0601161548394275,0.0601161548394284,0.0601161548394275,0.0601161548394275,0.0601161548394284,0.0601161548394275,0.0601161548394275,0.0601161548394275,0.0601161548394275,0.0601161548394275,0.0601161548394275,0.0601161548394275,0.0601161548394275,0.194769212468765,0.320967813928997,0.242899655812991,0.238700699199055,0.311092412486915,0.193562032310837,1,0.23171738726081,0.0808422167207373,0.0827047400883125,0.0906748153910307,0.0799512796720165,0.118213547491428,0.0908638052137484,0.0764258456030558,0.0812755901543068,0.0786468568150596,0.0917820456244905,0.0786029155520837,0.0765173423677755,0.0891289226665922,0.103359262244908,0.117929366270515,0.0601161548394275,0.0601161548394275,0.0601161548394275,0.0601161548394275,0.0601161548394272,0.0601161548394275,0.0601161548394275,0.0601161548394275,0.0601161548394275,0.0601161548394275,0.0601161548394275
"169",0.0601161548394273,0.0601161548394275,0.0601161548394281,0.060116154839428,0.0601161548394281,0.0601161548394277,0.0601161548394275,0.0601161548394272,0.0601161548394275,0.0601161548394275,0.0601161548394272,0.0601161548394275,0.0601161548394273,0.0601161548394279,0.0601161548394275,0.0601161548394273,0.0601161548394272,0.0601161548394273,0.0601161548394273,0.0601161548394275,0.0601161548394277,0.060116154839428,0.0601161548394275,0.0601161548394274,0.0601161548394273,0.0601161548394273,0.0601161548394275,0.0601161548394272,0.0601161548394274,0.0601161548394277,0.0601161548394271,0.0601161548394278,0.0601161548394274,0.060116154839427,0.0601161548394273,0.0601161548394274,0.0601161548394272,0.0601161548394272,0.0601161548394273,0.0601161548394283,0.0601161548394282,0.0601161548394275,0.0601161548394277,0.0601161548394271,0.060116154839428,0.0601161548394271,0.0601161548394271,0.0601161548394273,0.0601161548394274,0.060116154839427,0.0601161548394281,0.060116154839428,0.0601161548394269,0.0601161548394274,0.0601161548394283,0.0601161548394274,0.0601161548394274,0.0601161548394274,0.0601161548394276,0.0601161548394275,0.0601161548394273,0.0601161548394276,0.0601161548394276,0.0601161548394275,0.0601161548394275,0.0601161548394276,0.0601161548394278,0.0601161548394274,0.0601161548394273,0.0601161548394275,0.0601161548394275,0.0601161548394275,0.0601161548394275,0.0601161548394273,0.0601161548394276,0.0601161548394274,0.0601161548394277,0.0601161548394278,0.0601161548394275,0.0601161548394277,0.0601161548394276,0.0601161548394278,0.0601161548394275,0.0601161548394277,0.0601161548394279,0.0601161548394273,0.0601161548394278,0.0601161548394279,0.0601161548394279,0.0601161548394275,0.0601161548394275,0.0601161548394278,0.0601161548394276,0.0601161548394273,0.0601161548394273,0.0601161548394276,0.0601161548394272,0.0601161548394274,0.0601161548394276,0.0601161548394276,0.0601161548394276,0.0601161548394273,0.0601161548394277,0.0601161548394276,0.0601161548394276,0.0601161548394275,0.0601161548394274,0.0601161548394276,0.0601161548394274,0.0601161548394275,0.0601161548394274,0.0601161548394274,0.0601161548394275,0.0601161548394276,0.0601161548394275,0.0601161548394275,0.0601161548394276,0.0601161548394276,0.0601161548394274,0.0601161548394275,0.0601161548394274,0.0601161548394275,0.0601161548394276,0.0601161548394274,0.0601161548394273,0.0601161548394274,0.0601161548394276,0.0601161548394277,0.0601161548394275,0.0601161548394275,0.0601161548394275,0.0601161548394275,0.0601161548394275,0.0601161548394274,0.0601161548394276,0.0601161548394274,0.0601161548394275,0.0601161548394275,0.0601161548394275,0.0601161548394277,0.0601161548394277,0.0601161548394277,0.0601161548394277,0.0601161548394277,0.0601161548394276,0.0601161548394275,0.0601161548394275,0.0601161548394275,0.0601161548394275,0.0601161548394288,0.0601161548394275,0.0601161548394275,0.0601161548394288,0.0601161548394275,0.0601161548394275,0.0601161548394275,0.0601161548394275,0.0601161548394275,0.0601161548394275,0.0601161548394275,0.0601161548394275,0.136792306605944,0.312648541428801,0.154113188980283,0.152602094783938,0.178653970969001,0.136357874174674,0.23171738726081,1,0.117708748886783,0.122884240151199,0.14503110596994,0.115233055430757,0.221554423690381,0.145556261892042,0.105436747075746,0.118912986352318,0.111608387295682,0.148107824630618,0.111486285406042,0.105690993929651,0.140735452862793,0.0756782133792663,0.0809216111224475,0.0601161548394275,0.0601161548394275,0.0601161548394275,0.0601161548394275,0.0601161548394273,0.0601161548394275,0.0601161548394275,0.0601161548394275,0.0601161548394275,0.0601161548394275,0.0601161548394275
"170",0.0601161548394269,0.0601161548394275,0.0601161548394287,0.0601161548394286,0.0601161548394287,0.060116154839428,0.0601161548394275,0.0601161548394272,0.0601161548394275,0.0601161548394275,0.0601161548394272,0.0601161548394275,0.060116154839427,0.0601161548394286,0.0601161548394273,0.0601161548394271,0.060116154839427,0.0601161548394273,0.060116154839427,0.0601161548394272,0.0601161548394272,0.0601161548394278,0.060116154839427,0.0601161548394268,0.0601161548394271,0.0601161548394271,0.0601161548394275,0.0601161548394272,0.0601161548394276,0.0601161548394278,0.060116154839427,0.060116154839428,0.0601161548394275,0.060116154839427,0.0601161548394272,0.0601161548394274,0.060116154839427,0.0601161548394273,0.0601161548394275,0.0601161548394283,0.0601161548394282,0.0601161548394275,0.0601161548394278,0.0601161548394268,0.0601161548394282,0.0601161548394271,0.0601161548394269,0.0601161548394274,0.0601161548394273,0.0601161548394268,0.060116154839428,0.0601161548394279,0.0601161548394266,0.0601161548394274,0.0601161548394284,0.0601161548394274,0.0601161548394274,0.0601161548394274,0.0601161548394273,0.0601161548394275,0.0601161548394274,0.0601161548394272,0.0601161548394276,0.0601161548394276,0.0601161548394276,0.0601161548394278,0.0601161548394277,0.0601161548394274,0.0601161548394273,0.0601161548394275,0.0601161548394276,0.0601161548394276,0.0601161548394275,0.0601161548394274,0.0601161548394276,0.0601161548394275,0.0601161548394281,0.0601161548394277,0.0601161548394276,0.0601161548394276,0.060116154839428,0.0601161548394278,0.0601161548394275,0.0601161548394281,0.0601161548394279,0.0601161548394272,0.0601161548394275,0.0601161548394277,0.0601161548394278,0.0601161548394275,0.0601161548394275,0.0601161548394276,0.0601161548394274,0.0601161548394275,0.0601161548394274,0.0601161548394275,0.0601161548394273,0.0601161548394275,0.0601161548394275,0.0601161548394275,0.0601161548394275,0.0601161548394274,0.0601161548394275,0.0601161548394275,0.0601161548394274,0.0601161548394275,0.0601161548394273,0.0601161548394274,0.0601161548394275,0.0601161548394274,0.0601161548394274,0.0601161548394273,0.0601161548394274,0.0601161548394276,0.0601161548394274,0.0601161548394275,0.0601161548394276,0.0601161548394275,0.0601161548394274,0.0601161548394275,0.0601161548394282,0.0601161548394275,0.0601161548394276,0.0601161548394275,0.0601161548394275,0.0601161548394282,0.0601161548394275,0.0601161548394276,0.0601161548394276,0.0601161548394274,0.0601161548394277,0.0601161548394275,0.0601161548394275,0.0601161548394274,0.0601161548394275,0.0601161548394277,0.0601161548394275,0.0601161548394275,0.0601161548394276,0.0601161548394277,0.0601161548394277,0.0601161548394275,0.0601161548394277,0.0601161548394276,0.0601161548394276,0.0601161548394275,0.0601161548394275,0.0601161548394275,0.0601161548394275,0.06011615483943,0.0601161548394275,0.0601161548394275,0.0601161548394299,0.0601161548394275,0.0601161548394275,0.0601161548394275,0.0601161548394275,0.0601161548394275,0.0601161548394275,0.0601161548394275,0.0601161548394275,0.0654137732753017,0.0939961874778927,0.0682289855700284,0.0679833831308402,0.0722176686915771,0.0653431637361742,0.0808422167207373,0.117708748886783,1,0.315921668187704,0.311579264117279,0.297581298941754,0.230609393905257,0.202696365134041,0.211035503202449,0.221012433333975,0.303574462464069,0.265623279955563,0.220295014079172,0.291647852314869,0.221320403282133,0.0626455004920207,0.0634977248460537,0.0601161548394275,0.0601161548394275,0.0601161548394275,0.0601161548394275,0.0601161548394272,0.0601161548394275,0.0601161548394275,0.0601161548394275,0.0601161548394275,0.0601161548394275,0.0601161548394275
"171",0.060116154839427,0.0601161548394275,0.0601161548394288,0.0601161548394286,0.0601161548394287,0.0601161548394281,0.0601161548394275,0.0601161548394272,0.0601161548394275,0.0601161548394275,0.0601161548394272,0.0601161548394275,0.060116154839427,0.0601161548394286,0.0601161548394274,0.0601161548394271,0.0601161548394271,0.0601161548394273,0.060116154839427,0.0601161548394273,0.0601161548394272,0.0601161548394278,0.060116154839427,0.0601161548394268,0.0601161548394271,0.0601161548394271,0.0601161548394275,0.0601161548394272,0.0601161548394276,0.0601161548394278,0.060116154839427,0.060116154839428,0.0601161548394275,0.060116154839427,0.0601161548394272,0.0601161548394274,0.060116154839427,0.0601161548394273,0.0601161548394275,0.0601161548394283,0.0601161548394282,0.0601161548394275,0.0601161548394278,0.0601161548394268,0.0601161548394282,0.0601161548394271,0.0601161548394269,0.0601161548394274,0.0601161548394273,0.0601161548394268,0.060116154839428,0.0601161548394279,0.0601161548394266,0.0601161548394273,0.0601161548394284,0.0601161548394274,0.0601161548394274,0.0601161548394274,0.0601161548394274,0.0601161548394275,0.0601161548394273,0.0601161548394272,0.0601161548394276,0.0601161548394276,0.0601161548394277,0.0601161548394278,0.0601161548394277,0.0601161548394274,0.0601161548394274,0.0601161548394275,0.0601161548394277,0.0601161548394277,0.0601161548394275,0.0601161548394274,0.0601161548394276,0.0601161548394275,0.0601161548394281,0.0601161548394277,0.0601161548394276,0.0601161548394277,0.060116154839428,0.0601161548394278,0.0601161548394275,0.0601161548394281,0.0601161548394279,0.0601161548394273,0.0601161548394276,0.0601161548394277,0.0601161548394278,0.0601161548394275,0.0601161548394275,0.0601161548394277,0.0601161548394274,0.0601161548394275,0.0601161548394274,0.0601161548394275,0.0601161548394273,0.0601161548394275,0.0601161548394275,0.0601161548394275,0.0601161548394274,0.0601161548394273,0.0601161548394275,0.0601161548394275,0.0601161548394274,0.0601161548394275,0.0601161548394273,0.0601161548394275,0.0601161548394275,0.0601161548394274,0.0601161548394273,0.0601161548394273,0.0601161548394275,0.0601161548394276,0.0601161548394274,0.0601161548394275,0.0601161548394276,0.0601161548394275,0.0601161548394274,0.0601161548394275,0.060116154839428,0.0601161548394275,0.0601161548394276,0.0601161548394275,0.0601161548394275,0.060116154839428,0.0601161548394276,0.0601161548394276,0.0601161548394277,0.0601161548394275,0.0601161548394277,0.0601161548394275,0.0601161548394275,0.0601161548394274,0.0601161548394276,0.0601161548394277,0.0601161548394275,0.0601161548394275,0.0601161548394277,0.0601161548394277,0.0601161548394277,0.0601161548394276,0.0601161548394277,0.0601161548394276,0.0601161548394276,0.0601161548394275,0.0601161548394275,0.0601161548394275,0.0601161548394275,0.06011615483943,0.0601161548394275,0.0601161548394275,0.0601161548394299,0.0601161548394275,0.0601161548394275,0.0601161548394275,0.0601161548394275,0.0601161548394275,0.0601161548394275,0.0601161548394275,0.0601161548394275,0.0658898375747239,0.0970407770793668,0.0689580356374968,0.0686903624216823,0.0733051571137258,0.0658128827917507,0.0827047400883125,0.122884240151199,0.315921668187704,1,0.308473631973024,0.305834845046319,0.24196919141647,0.218113709736029,0.209625831731623,0.220588119045402,0.302278077849627,0.299357071042506,0.219019535171496,0.239910502367591,0.223513154174338,0.0628727971878238,0.0638016056890475,0.0601161548394275,0.0601161548394275,0.0601161548394275,0.0601161548394275,0.0601161548394272,0.0601161548394275,0.0601161548394275,0.0601161548394275,0.0601161548394275,0.0601161548394275,0.0601161548394275
"172",0.0601161548394269,0.0601161548394275,0.060116154839429,0.0601161548394288,0.060116154839429,0.0601161548394281,0.0601161548394275,0.0601161548394271,0.0601161548394275,0.0601161548394275,0.0601161548394272,0.0601161548394275,0.0601161548394269,0.0601161548394288,0.0601161548394273,0.060116154839427,0.060116154839427,0.0601161548394273,0.060116154839427,0.0601161548394272,0.0601161548394273,0.0601161548394279,0.0601161548394269,0.0601161548394267,0.060116154839427,0.060116154839427,0.0601161548394275,0.0601161548394271,0.0601161548394276,0.0601161548394279,0.0601161548394269,0.0601161548394281,0.0601161548394274,0.0601161548394268,0.0601161548394272,0.0601161548394275,0.060116154839427,0.0601161548394273,0.0601161548394275,0.0601161548394285,0.0601161548394285,0.0601161548394275,0.0601161548394279,0.0601161548394268,0.0601161548394284,0.060116154839427,0.0601161548394268,0.0601161548394273,0.0601161548394274,0.0601161548394267,0.0601161548394282,0.0601161548394281,0.0601161548394265,0.0601161548394272,0.0601161548394286,0.0601161548394274,0.0601161548394274,0.0601161548394273,0.0601161548394274,0.0601161548394275,0.0601161548394274,0.0601161548394272,0.0601161548394277,0.0601161548394277,0.0601161548394277,0.0601161548394279,0.0601161548394278,0.0601161548394274,0.0601161548394273,0.0601161548394275,0.0601161548394276,0.0601161548394277,0.0601161548394275,0.0601161548394274,0.0601161548394276,0.0601161548394275,0.0601161548394282,0.0601161548394278,0.0601161548394276,0.0601161548394277,0.0601161548394281,0.0601161548394279,0.0601161548394275,0.0601161548394282,0.060116154839428,0.0601161548394272,0.0601161548394276,0.0601161548394278,0.0601161548394279,0.0601161548394275,0.0601161548394275,0.0601161548394277,0.0601161548394274,0.0601161548394275,0.0601161548394273,0.0601161548394275,0.0601161548394273,0.0601161548394275,0.0601161548394275,0.0601161548394275,0.0601161548394275,0.0601161548394273,0.0601161548394275,0.0601161548394275,0.0601161548394274,0.0601161548394275,0.0601161548394274,0.0601161548394276,0.0601161548394276,0.0601161548394275,0.0601161548394273,0.0601161548394273,0.0601161548394275,0.0601161548394277,0.0601161548394275,0.0601161548394275,0.0601161548394277,0.0601161548394275,0.0601161548394275,0.0601161548394275,0.0601161548394277,0.0601161548394275,0.0601161548394276,0.0601161548394275,0.0601161548394275,0.0601161548394278,0.0601161548394277,0.0601161548394277,0.0601161548394277,0.0601161548394276,0.0601161548394278,0.0601161548394275,0.0601161548394277,0.0601161548394274,0.0601161548394277,0.0601161548394278,0.0601161548394275,0.0601161548394276,0.0601161548394278,0.0601161548394277,0.0601161548394277,0.0601161548394277,0.0601161548394277,0.0601161548394277,0.0601161548394277,0.0601161548394275,0.0601161548394275,0.0601161548394275,0.0601161548394275,0.06011615483943,0.0601161548394275,0.0601161548394275,0.0601161548394299,0.0601161548394275,0.0601161548394275,0.0601161548394275,0.0601161548394275,0.0601161548394275,0.0601161548394275,0.0601161548394275,0.0601161548394275,0.0679270030575237,0.110069128192736,0.0720777731067456,0.071715655034688,0.077958717313963,0.0678228958252739,0.0906748153910307,0.14503110596994,0.311579264117279,0.308473631973024,1,0.264982780376454,0.290579825336133,0.234753618345989,0.286321994518359,0.30083365614827,0.294720534206259,0.299242199840853,0.301533694927574,0.282637969362875,0.295501941650746,0.0638454409748207,0.0651019669322283,0.0601161548394275,0.0601161548394275,0.0601161548394275,0.0601161548394275,0.0601161548394272,0.0601161548394275,0.0601161548394275,0.0601161548394275,0.0601161548394275,0.0601161548394275,0.0601161548394275
"173",0.060116154839427,0.0601161548394275,0.0601161548394286,0.0601161548394284,0.0601161548394285,0.060116154839428,0.0601161548394275,0.0601161548394273,0.0601161548394275,0.0601161548394275,0.0601161548394272,0.0601161548394275,0.060116154839427,0.0601161548394284,0.0601161548394274,0.0601161548394272,0.0601161548394271,0.0601161548394273,0.060116154839427,0.0601161548394273,0.0601161548394272,0.0601161548394277,0.060116154839427,0.0601161548394269,0.0601161548394271,0.0601161548394271,0.0601161548394275,0.0601161548394272,0.0601161548394276,0.0601161548394277,0.0601161548394271,0.0601161548394279,0.0601161548394275,0.060116154839427,0.0601161548394272,0.0601161548394274,0.0601161548394271,0.0601161548394273,0.0601161548394274,0.0601161548394282,0.0601161548394281,0.0601161548394275,0.0601161548394277,0.0601161548394269,0.0601161548394281,0.0601161548394272,0.060116154839427,0.0601161548394274,0.0601161548394273,0.0601161548394269,0.0601161548394279,0.0601161548394278,0.0601161548394267,0.0601161548394274,0.0601161548394282,0.0601161548394274,0.0601161548394274,0.0601161548394274,0.0601161548394274,0.0601161548394275,0.0601161548394274,0.0601161548394273,0.0601161548394276,0.0601161548394276,0.0601161548394277,0.0601161548394278,0.0601161548394277,0.0601161548394274,0.0601161548394274,0.0601161548394275,0.0601161548394277,0.0601161548394277,0.0601161548394275,0.0601161548394274,0.0601161548394276,0.0601161548394275,0.060116154839428,0.0601161548394277,0.0601161548394276,0.0601161548394276,0.060116154839428,0.0601161548394278,0.0601161548394275,0.060116154839428,0.0601161548394278,0.0601161548394273,0.0601161548394276,0.0601161548394277,0.0601161548394278,0.0601161548394275,0.0601161548394275,0.0601161548394277,0.0601161548394274,0.0601161548394275,0.0601161548394274,0.0601161548394275,0.0601161548394274,0.0601161548394276,0.0601161548394275,0.0601161548394275,0.0601161548394275,0.0601161548394274,0.0601161548394275,0.0601161548394275,0.0601161548394274,0.0601161548394275,0.0601161548394273,0.0601161548394275,0.0601161548394275,0.0601161548394274,0.0601161548394273,0.0601161548394273,0.0601161548394274,0.0601161548394275,0.0601161548394274,0.0601161548394275,0.0601161548394276,0.0601161548394275,0.0601161548394274,0.0601161548394275,0.060116154839428,0.0601161548394275,0.0601161548394275,0.0601161548394275,0.0601161548394275,0.060116154839428,0.0601161548394275,0.0601161548394276,0.0601161548394276,0.0601161548394275,0.0601161548394277,0.0601161548394275,0.0601161548394275,0.0601161548394274,0.0601161548394275,0.0601161548394277,0.0601161548394275,0.0601161548394275,0.0601161548394276,0.0601161548394277,0.0601161548394277,0.0601161548394275,0.0601161548394277,0.0601161548394276,0.0601161548394276,0.0601161548394275,0.0601161548394275,0.0601161548394275,0.0601161548394275,0.0601161548394297,0.0601161548394275,0.0601161548394275,0.0601161548394296,0.0601161548394275,0.0601161548394275,0.0601161548394275,0.0601161548394275,0.0601161548394275,0.0601161548394275,0.0601161548394275,0.0601161548394275,0.0651860481743374,0.0925398096834838,0.0678802448633139,0.0676451999682254,0.0716974691911494,0.0651184738791826,0.0799512796720165,0.115233055430757,0.297581298941754,0.305834845046319,0.264982780376454,1,0.225175440890273,0.209842109240481,0.187359977104545,0.197061926919169,0.24671416434813,0.292008653458457,0.195011875600736,0.220544040749519,0.201844497430941,0.0625367732401279,0.0633523636086416,0.0601161548394275,0.0601161548394275,0.0601161548394275,0.0601161548394275,0.0601161548394273,0.0601161548394275,0.0601161548394275,0.0601161548394275,0.0601161548394275,0.0601161548394275,0.0601161548394275
"174",0.060116154839427,0.0601161548394275,0.0601161548394286,0.0601161548394284,0.0601161548394286,0.060116154839428,0.0601161548394275,0.0601161548394271,0.0601161548394275,0.0601161548394275,0.0601161548394271,0.0601161548394275,0.060116154839427,0.0601161548394284,0.0601161548394274,0.0601161548394271,0.060116154839427,0.0601161548394273,0.0601161548394271,0.0601161548394273,0.0601161548394274,0.0601161548394279,0.0601161548394271,0.0601161548394269,0.0601161548394271,0.060116154839427,0.0601161548394275,0.0601161548394271,0.0601161548394276,0.0601161548394278,0.060116154839427,0.060116154839428,0.0601161548394274,0.0601161548394269,0.0601161548394272,0.0601161548394274,0.0601161548394271,0.0601161548394272,0.0601161548394273,0.0601161548394285,0.0601161548394283,0.0601161548394275,0.0601161548394278,0.060116154839427,0.0601161548394283,0.060116154839427,0.0601161548394269,0.0601161548394272,0.0601161548394274,0.0601161548394268,0.0601161548394281,0.060116154839428,0.0601161548394266,0.0601161548394273,0.0601161548394285,0.0601161548394274,0.0601161548394274,0.0601161548394273,0.0601161548394275,0.0601161548394275,0.0601161548394273,0.0601161548394274,0.0601161548394277,0.0601161548394277,0.0601161548394277,0.0601161548394278,0.0601161548394278,0.0601161548394274,0.0601161548394273,0.0601161548394275,0.0601161548394276,0.0601161548394277,0.0601161548394275,0.0601161548394274,0.0601161548394276,0.0601161548394275,0.060116154839428,0.0601161548394278,0.0601161548394276,0.0601161548394278,0.060116154839428,0.0601161548394279,0.0601161548394275,0.060116154839428,0.060116154839428,0.0601161548394273,0.0601161548394277,0.0601161548394278,0.0601161548394279,0.0601161548394275,0.0601161548394275,0.0601161548394277,0.0601161548394274,0.0601161548394274,0.0601161548394273,0.0601161548394274,0.0601161548394272,0.0601161548394275,0.0601161548394275,0.0601161548394275,0.0601161548394274,0.0601161548394273,0.0601161548394276,0.0601161548394275,0.0601161548394274,0.0601161548394275,0.0601161548394273,0.0601161548394276,0.0601161548394275,0.0601161548394275,0.0601161548394273,0.0601161548394273,0.0601161548394275,0.0601161548394276,0.0601161548394274,0.0601161548394275,0.0601161548394276,0.0601161548394275,0.0601161548394274,0.0601161548394275,0.0601161548394275,0.0601161548394275,0.0601161548394276,0.0601161548394275,0.0601161548394274,0.0601161548394275,0.0601161548394276,0.0601161548394277,0.0601161548394276,0.0601161548394275,0.0601161548394276,0.0601161548394275,0.0601161548394276,0.0601161548394274,0.0601161548394276,0.0601161548394276,0.0601161548394275,0.0601161548394276,0.0601161548394276,0.0601161548394277,0.0601161548394276,0.0601161548394276,0.0601161548394277,0.0601161548394277,0.0601161548394276,0.0601161548394275,0.0601161548394275,0.0601161548394275,0.0601161548394275,0.0601161548394296,0.0601161548394275,0.0601161548394275,0.0601161548394295,0.0601161548394275,0.0601161548394275,0.0601161548394275,0.0601161548394275,0.0601161548394275,0.0601161548394275,0.0601161548394275,0.0601161548394275,0.0749659521695689,0.155085549919468,0.0828572966527674,0.0821688464576675,0.0940380067560211,0.0747680259960796,0.118213547491428,0.221554423690381,0.230609393905257,0.24196919141647,0.290579825336133,0.225175440890273,1,0.291732501407271,0.203673312186961,0.233252600716936,0.217219578546749,0.297332981548484,0.21695157447309,0.204231364095594,0.281151203591348,0.0672061842127292,0.0695950612317873,0.0601161548394275,0.0601161548394275,0.0601161548394275,0.0601161548394275,0.0601161548394272,0.0601161548394275,0.0601161548394275,0.0601161548394275,0.0601161548394275,0.0601161548394275,0.0601161548394275
"175",0.0601161548394272,0.0601161548394275,0.0601161548394284,0.0601161548394282,0.0601161548394284,0.0601161548394279,0.0601161548394275,0.0601161548394272,0.0601161548394275,0.0601161548394275,0.0601161548394272,0.0601161548394275,0.0601161548394272,0.0601161548394283,0.0601161548394274,0.0601161548394272,0.0601161548394272,0.0601161548394273,0.0601161548394272,0.0601161548394273,0.0601161548394274,0.0601161548394278,0.0601161548394272,0.0601161548394271,0.0601161548394272,0.0601161548394272,0.0601161548394275,0.0601161548394273,0.0601161548394276,0.0601161548394277,0.0601161548394272,0.0601161548394279,0.0601161548394275,0.0601161548394271,0.0601161548394273,0.0601161548394274,0.0601161548394272,0.0601161548394273,0.0601161548394274,0.0601161548394282,0.0601161548394281,0.0601161548394275,0.0601161548394277,0.0601161548394271,0.0601161548394281,0.0601161548394272,0.0601161548394271,0.0601161548394273,0.0601161548394274,0.060116154839427,0.060116154839428,0.0601161548394279,0.0601161548394269,0.0601161548394274,0.0601161548394282,0.0601161548394274,0.0601161548394274,0.0601161548394274,0.0601161548394275,0.0601161548394275,0.0601161548394273,0.0601161548394274,0.0601161548394276,0.0601161548394276,0.0601161548394276,0.0601161548394277,0.0601161548394277,0.0601161548394274,0.0601161548394274,0.0601161548394275,0.0601161548394276,0.0601161548394277,0.0601161548394275,0.0601161548394274,0.0601161548394276,0.0601161548394275,0.0601161548394279,0.0601161548394277,0.0601161548394276,0.0601161548394276,0.0601161548394279,0.0601161548394278,0.0601161548394275,0.0601161548394279,0.0601161548394278,0.0601161548394273,0.0601161548394276,0.0601161548394277,0.0601161548394278,0.0601161548394275,0.0601161548394275,0.0601161548394277,0.0601161548394274,0.0601161548394274,0.0601161548394274,0.0601161548394275,0.0601161548394273,0.0601161548394275,0.0601161548394275,0.0601161548394275,0.0601161548394275,0.0601161548394274,0.0601161548394275,0.0601161548394275,0.0601161548394274,0.0601161548394275,0.0601161548394273,0.0601161548394275,0.0601161548394274,0.0601161548394275,0.0601161548394273,0.0601161548394273,0.0601161548394274,0.0601161548394276,0.0601161548394274,0.0601161548394275,0.0601161548394276,0.0601161548394275,0.0601161548394274,0.0601161548394275,0.0601161548394275,0.0601161548394275,0.0601161548394276,0.0601161548394275,0.0601161548394274,0.0601161548394275,0.0601161548394276,0.0601161548394276,0.0601161548394275,0.0601161548394275,0.0601161548394275,0.0601161548394275,0.0601161548394275,0.0601161548394274,0.0601161548394275,0.0601161548394276,0.0601161548394275,0.0601161548394275,0.0601161548394276,0.0601161548394276,0.0601161548394276,0.0601161548394276,0.0601161548394276,0.0601161548394276,0.0601161548394275,0.0601161548394275,0.0601161548394275,0.0601161548394275,0.0601161548394275,0.0601161548394293,0.0601161548394275,0.0601161548394275,0.0601161548394292,0.0601161548394275,0.0601161548394275,0.0601161548394275,0.0601161548394275,0.0601161548394275,0.0601161548394275,0.0601161548394275,0.0601161548394275,0.0679753091937661,0.110378062007499,0.0721517496513633,0.0717873920626181,0.0780690645169496,0.0678705581110657,0.0908638052137484,0.145556261892042,0.202696365134041,0.218113709736029,0.234753618345989,0.209842109240481,0.291732501407271,1,0.173006795761142,0.188531097149474,0.190720684964275,0.291469506657821,0.181058664059475,0.177814508398263,0.210080190250174,0.063868504718875,0.0651328016522885,0.0601161548394275,0.0601161548394275,0.0601161548394275,0.0601161548394275,0.0601161548394273,0.0601161548394275,0.0601161548394275,0.0601161548394275,0.0601161548394275,0.0601161548394275,0.0601161548394275
"176",0.0601161548394271,0.0983537787786748,0.0983537787786757,0.0601161548394283,0.0601161548394284,0.0601161548394279,0.0983537787786748,0.0601161548394273,0.0601161548394275,0.0983537787786748,0.0601161548394273,0.0983537787786748,0.0601161548394271,0.0601161548394283,0.0601161548394274,0.0601161548394272,0.0601161548394272,0.0601161548394274,0.0601161548394272,0.0983537787786746,0.0983537787786746,0.098353778778675,0.0983537787786744,0.060116154839427,0.0601161548394271,0.0983537787786744,0.0601161548394275,0.0983537787786745,0.0601161548394276,0.0601161548394277,0.0983537787786743,0.0601161548394279,0.0983537787786747,0.060116154839427,0.0601161548394274,0.0601161548394275,0.0601161548394272,0.0601161548394274,0.0601161548394275,0.0983537787786754,0.0983537787786754,0.0601161548394275,0.0983537787786749,0.0601161548394271,0.060116154839428,0.0983537787786744,0.0601161548394271,0.0601161548394273,0.0983537787786747,0.0983537787786742,0.0983537787786752,0.0601161548394279,0.0983537787786742,0.0601161548394273,0.0983537787786755,0.0601161548394275,0.0601161548394274,0.0601161548394274,0.0601161548394274,0.0601161548394275,0.0601161548394275,0.0601161548394273,0.0601161548394277,0.0601161548394276,0.0601161548394276,0.0601161548394278,0.0601161548394277,0.0601161548394274,0.0601161548394274,0.0601161548394275,0.0601161548394276,0.0601161548394276,0.0601161548394275,0.0601161548394275,0.0601161548394276,0.0601161548394276,0.060116154839428,0.098353778778675,0.0601161548394276,0.0983537787786749,0.0601161548394279,0.0601161548394278,0.0601161548394275,0.060116154839428,0.0601161548394278,0.0601161548394273,0.0983537787786748,0.0601161548394277,0.0601161548394277,0.0601161548394275,0.0601161548394275,0.0601161548394277,0.0601161548394275,0.0601161548394275,0.0601161548394275,0.0601161548394275,0.0601161548394274,0.0601161548394276,0.0601161548394275,0.0601161548394275,0.0601161548394274,0.0983537787786747,0.0601161548394276,0.0601161548394274,0.0601161548394274,0.0601161548394275,0.0601161548394276,0.0601161548394277,0.0601161548394276,0.0601161548394275,0.0601161548394274,0.0601161548394275,0.0601161548394275,0.0601161548394277,0.0601161548394276,0.0601161548394275,0.0601161548394276,0.0601161548394275,0.0601161548394275,0.0601161548394275,0.0601161548394277,0.0601161548394275,0.0601161548394275,0.0601161548394275,0.0601161548394275,0.0601161548394277,0.0601161548394277,0.0601161548394276,0.0601161548394276,0.0601161548394277,0.0601161548394277,0.0601161548394275,0.0601161548394276,0.0601161548394274,0.0601161548394277,0.0601161548394277,0.0601161548394275,0.0601161548394277,0.0601161548394277,0.0601161548394276,0.0601161548394276,0.0601161548394276,0.0601161548394276,0.0601161548394276,0.0601161548394276,0.0601161548394275,0.0601161548394275,0.0601161548394275,0.0601161548394275,0.0601161548394286,0.0601161548394275,0.0983537787786748,0.0601161548394284,0.0601161548394275,0.0983537787786748,0.0601161548394275,0.0601161548394275,0.0601161548394275,0.0601161548394275,0.0601161548394275,0.0601161548394275,0.0642849409295007,0.0867769290163732,0.0665002793871342,0.0663070106486303,0.0696390420058653,0.0642293770816879,0.0764258456030558,0.105436747075746,0.211035503202449,0.209625831731623,0.286321994518359,0.187359977104545,0.203673312186961,0.173006795761142,1,0.240477071061509,0.202305626210537,0.205745675042838,0.306051283744731,0.19600027279416,0.214626998446109,0.0621065399721344,0.0627771698175487,0.0601161548394275,0.0601161548394275,0.0601161548394275,0.0983537787786748,0.0601161548394273,0.0601161548394275,0.0601161548394275,0.0601161548394275,0.0983537787786748,0.0601161548394275,0.0601161548394275
"177",0.0601161548394271,0.0601161548394275,0.0601161548394286,0.0983537787786757,0.0601161548394286,0.0983537787786752,0.0601161548394275,0.0983537787786745,0.0983537787786748,0.0601161548394275,0.0601161548394273,0.0601161548394275,0.0601161548394271,0.0983537787786757,0.0983537787786746,0.0983537787786744,0.0983537787786744,0.0983537787786747,0.0601161548394271,0.0601161548394273,0.0601161548394274,0.0601161548394279,0.0601161548394271,0.060116154839427,0.0601161548394271,0.0601161548394271,0.0601161548394275,0.0601161548394272,0.0601161548394276,0.0601161548394277,0.060116154839427,0.0983537787786752,0.0601161548394274,0.060116154839427,0.0983537787786746,0.0983537787786748,0.0601161548394272,0.0601161548394274,0.0983537787786748,0.0601161548394283,0.0601161548394282,0.0601161548394275,0.0601161548394277,0.0983537787786743,0.0983537787786754,0.0601161548394271,0.060116154839427,0.0601161548394273,0.0601161548394274,0.060116154839427,0.060116154839428,0.0983537787786752,0.0601161548394269,0.0983537787786745,0.0601161548394283,0.0601161548394274,0.0983537787786747,0.0601161548394274,0.0601161548394274,0.0601161548394275,0.0601161548394274,0.0601161548394273,0.0601161548394277,0.0983537787786749,0.0601161548394276,0.0983537787786751,0.0601161548394277,0.0601161548394274,0.0601161548394274,0.0983537787786748,0.0601161548394276,0.0983537787786749,0.0983537787786748,0.0601161548394275,0.0601161548394276,0.0601161548394276,0.0983537787786753,0.0601161548394277,0.0601161548394276,0.0601161548394277,0.0983537787786752,0.0983537787786751,0.0601161548394275,0.0983537787786753,0.0601161548394279,0.0601161548394273,0.0601161548394276,0.0601161548394277,0.0601161548394277,0.0983537787786748,0.0983537787786748,0.0601161548394277,0.0601161548394274,0.0983537787786747,0.0983537787786746,0.0983537787786748,0.0601161548394273,0.0983537787786748,0.0601161548394275,0.0983537787786747,0.0601161548394274,0.0601161548394274,0.0601161548394275,0.0983537787786747,0.0983537787786747,0.0601161548394275,0.0601161548394274,0.0601161548394277,0.0601161548394275,0.0601161548394276,0.0601161548394274,0.0601161548394274,0.0601161548394275,0.0601161548394277,0.0601161548394275,0.0983537787786748,0.0601161548394276,0.0601161548394275,0.0601161548394275,0.0601161548394275,0.0601161548394274,0.0601161548394275,0.0601161548394275,0.0601161548394276,0.0601161548394275,0.0601161548394275,0.0601161548394276,0.0601161548394276,0.0601161548394275,0.0601161548394276,0.0601161548394277,0.0983537787786748,0.0601161548394276,0.0601161548394274,0.0601161548394276,0.0601161548394276,0.0601161548394275,0.0601161548394276,0.0601161548394277,0.0601161548394277,0.0601161548394276,0.0601161548394277,0.0601161548394276,0.0601161548394276,0.0601161548394276,0.0601161548394275,0.0983537787786748,0.0983537787786748,0.0601161548394275,0.0601161548394288,0.0983537787786748,0.0601161548394275,0.0601161548394286,0.0983537787786748,0.0601161548394275,0.0601161548394275,0.0601161548394275,0.0983537787786748,0.0983537787786748,0.0983537787786748,0.0601161548394275,0.103762168238221,0.09470460503247,0.0683986215254653,0.0681478836402392,0.0724707063713602,0.0654524583434103,0.0812755901543068,0.118912986352318,0.221012433333975,0.220588119045402,0.30083365614827,0.197061926919169,0.233252600716936,0.188531097149474,0.240477071061509,1,0.211204913908565,0.221486145062965,0.299416640053875,0.203836799205909,0.294647706626543,0.0626983880698166,0.0635684320847476,0.0601161548394275,0.0601161548394275,0.0983537787786748,0.0601161548394275,0.0601161548394273,0.0983537787786748,0.0601161548394275,0.0601161548394275,0.0601161548394275,0.0601161548394275,0.0983537787786748
"178",0.060116154839427,0.0601161548394275,0.0601161548394286,0.0601161548394284,0.0601161548394286,0.060116154839428,0.0601161548394275,0.0601161548394272,0.0601161548394275,0.0601161548394275,0.0601161548394273,0.0601161548394275,0.060116154839427,0.0601161548394285,0.0601161548394274,0.0601161548394272,0.0601161548394271,0.0601161548394273,0.0601161548394271,0.0601161548394273,0.0601161548394273,0.0601161548394278,0.0601161548394271,0.0601161548394269,0.0601161548394271,0.0601161548394271,0.0601161548394275,0.0601161548394272,0.0601161548394276,0.0601161548394278,0.0601161548394271,0.0601161548394279,0.0601161548394275,0.060116154839427,0.0601161548394273,0.0601161548394275,0.0601161548394271,0.0601161548394274,0.0601161548394275,0.0601161548394282,0.0601161548394282,0.0601161548394275,0.0601161548394278,0.0601161548394269,0.0601161548394282,0.0601161548394272,0.060116154839427,0.0601161548394274,0.0601161548394274,0.0601161548394269,0.0601161548394279,0.0601161548394279,0.0601161548394267,0.0601161548394273,0.0601161548394283,0.0601161548394274,0.0601161548394274,0.0601161548394274,0.0601161548394274,0.0601161548394275,0.0601161548394274,0.0601161548394272,0.0601161548394276,0.0601161548394276,0.0601161548394276,0.0601161548394278,0.0601161548394277,0.0601161548394274,0.0601161548394274,0.0601161548394275,0.0601161548394276,0.0601161548394276,0.0601161548394275,0.0601161548394274,0.0601161548394276,0.0601161548394275,0.060116154839428,0.0601161548394277,0.0601161548394276,0.0601161548394276,0.060116154839428,0.0601161548394278,0.0601161548394275,0.060116154839428,0.0601161548394278,0.0601161548394273,0.0601161548394276,0.0601161548394277,0.0601161548394278,0.0601161548394275,0.0601161548394275,0.0601161548394277,0.0601161548394274,0.0601161548394275,0.0601161548394274,0.0601161548394275,0.0601161548394273,0.0601161548394275,0.0601161548394275,0.0601161548394275,0.0601161548394275,0.0601161548394274,0.0601161548394275,0.0601161548394275,0.0601161548394274,0.0601161548394275,0.0601161548394274,0.0601161548394275,0.0601161548394276,0.0601161548394274,0.0601161548394274,0.0601161548394274,0.0601161548394275,0.0601161548394276,0.0601161548394275,0.0601161548394275,0.0601161548394276,0.0601161548394276,0.0601161548394274,0.0601161548394275,0.0601161548394281,0.0601161548394275,0.0601161548394276,0.0601161548394275,0.0601161548394275,0.0601161548394281,0.0601161548394276,0.0601161548394276,0.0601161548394276,0.0601161548394275,0.0601161548394278,0.0601161548394275,0.0601161548394275,0.0601161548394274,0.0601161548394276,0.0601161548394277,0.0601161548394275,0.0601161548394275,0.0601161548394277,0.0601161548394277,0.0601161548394277,0.0601161548394276,0.0601161548394277,0.0601161548394276,0.0601161548394276,0.0601161548394275,0.0601161548394275,0.0601161548394275,0.0601161548394275,0.0601161548394296,0.0601161548394275,0.0601161548394275,0.0601161548394295,0.0601161548394275,0.0601161548394275,0.0601161548394275,0.0601161548394275,0.0601161548394275,0.0601161548394275,0.0601161548394275,0.0601161548394275,0.0648526353622577,0.0904075238097305,0.067369652841529,0.0671500652695557,0.070935843979234,0.0647895049743576,0.0786468568150596,0.111608387295682,0.303574462464069,0.302278077849627,0.294720534206259,0.24671416434813,0.217219578546749,0.190720684964275,0.202305626210537,0.211204913908565,1,0.244007709246112,0.210748298523175,0.231453157971922,0.210871954796526,0.0623775854358415,0.0631395399070477,0.0601161548394275,0.0601161548394275,0.0601161548394275,0.0601161548394275,0.0601161548394273,0.0601161548394275,0.0601161548394275,0.0601161548394275,0.0601161548394275,0.0601161548394275,0.0601161548394275
"179",0.060116154839427,0.0601161548394275,0.0601161548394287,0.0601161548394285,0.0601161548394287,0.0601161548394281,0.0601161548394275,0.0601161548394272,0.0601161548394275,0.0601161548394275,0.0601161548394271,0.0601161548394275,0.060116154839427,0.0601161548394286,0.0601161548394273,0.0601161548394271,0.060116154839427,0.0601161548394273,0.060116154839427,0.0601161548394273,0.0601161548394273,0.0601161548394278,0.060116154839427,0.0601161548394269,0.0601161548394271,0.060116154839427,0.0601161548394275,0.0601161548394272,0.0601161548394276,0.0601161548394278,0.060116154839427,0.060116154839428,0.0601161548394275,0.0601161548394269,0.0601161548394272,0.0601161548394274,0.060116154839427,0.0601161548394273,0.0601161548394274,0.0601161548394284,0.0601161548394283,0.0601161548394275,0.0601161548394278,0.0601161548394269,0.0601161548394283,0.0601161548394271,0.0601161548394269,0.0601161548394273,0.0601161548394273,0.0601161548394268,0.060116154839428,0.060116154839428,0.0601161548394266,0.0601161548394273,0.0601161548394284,0.0601161548394274,0.0601161548394274,0.0601161548394274,0.0601161548394274,0.0601161548394275,0.0601161548394273,0.0601161548394273,0.0601161548394277,0.0601161548394276,0.0601161548394277,0.0601161548394278,0.0601161548394277,0.0601161548394274,0.0601161548394274,0.0601161548394275,0.0601161548394277,0.0601161548394277,0.0601161548394275,0.0601161548394274,0.0601161548394276,0.0601161548394275,0.0601161548394281,0.0601161548394278,0.0601161548394276,0.0601161548394277,0.060116154839428,0.0601161548394278,0.0601161548394275,0.0601161548394281,0.0601161548394279,0.0601161548394273,0.0601161548394276,0.0601161548394277,0.0601161548394278,0.0601161548394275,0.0601161548394275,0.0601161548394277,0.0601161548394273,0.0601161548394274,0.0601161548394273,0.0601161548394274,0.0601161548394273,0.0601161548394275,0.0601161548394275,0.0601161548394275,0.0601161548394274,0.0601161548394273,0.0601161548394275,0.0601161548394275,0.0601161548394274,0.0601161548394275,0.0601161548394273,0.0601161548394275,0.0601161548394275,0.0601161548394275,0.0601161548394273,0.0601161548394273,0.0601161548394274,0.0601161548394276,0.0601161548394274,0.0601161548394275,0.0601161548394276,0.0601161548394275,0.0601161548394274,0.0601161548394275,0.0601161548394276,0.0601161548394275,0.0601161548394276,0.0601161548394275,0.0601161548394274,0.0601161548394276,0.0601161548394276,0.0601161548394277,0.0601161548394276,0.0601161548394275,0.0601161548394277,0.0601161548394275,0.0601161548394276,0.0601161548394274,0.0601161548394276,0.0601161548394277,0.0601161548394275,0.0601161548394275,0.0601161548394276,0.0601161548394277,0.0601161548394277,0.0601161548394276,0.0601161548394277,0.0601161548394277,0.0601161548394276,0.0601161548394275,0.0601161548394275,0.0601161548394275,0.0601161548394275,0.06011615483943,0.0601161548394275,0.0601161548394275,0.0601161548394299,0.0601161548394275,0.0601161548394275,0.0601161548394275,0.0601161548394275,0.0601161548394275,0.0601161548394275,0.0601161548394275,0.0601161548394275,0.0682100130828297,0.11187907147394,0.072511177750392,0.0721359390745436,0.0786052058791551,0.0681021337390742,0.0917820456244905,0.148107824630618,0.265623279955563,0.299357071042506,0.299242199840853,0.292008653458457,0.297332981548484,0.291469506657821,0.205745675042838,0.221486145062965,0.244007709246112,1,0.215982915888102,0.219263771151906,0.23646266875274,0.063980563990156,0.0652826175820884,0.0601161548394275,0.0601161548394275,0.0601161548394275,0.0601161548394275,0.0601161548394272,0.0601161548394275,0.0601161548394275,0.0601161548394275,0.0601161548394275,0.0601161548394275,0.0601161548394275
"180",0.0601161548394271,0.0601161548394275,0.0601161548394286,0.0601161548394284,0.0601161548394286,0.060116154839428,0.0601161548394275,0.0601161548394273,0.0601161548394275,0.0601161548394275,0.0601161548394273,0.0601161548394275,0.060116154839427,0.0601161548394284,0.0601161548394274,0.0601161548394272,0.0601161548394272,0.0601161548394274,0.0601161548394271,0.0601161548394273,0.0601161548394274,0.0601161548394279,0.0601161548394271,0.0601161548394269,0.0601161548394271,0.0601161548394271,0.0601161548394275,0.0601161548394272,0.0601161548394276,0.0601161548394277,0.060116154839427,0.060116154839428,0.0601161548394274,0.060116154839427,0.0601161548394273,0.0601161548394276,0.0601161548394272,0.0601161548394274,0.0601161548394275,0.0601161548394283,0.0601161548394282,0.0601161548394275,0.0601161548394277,0.0601161548394271,0.0601161548394282,0.0601161548394271,0.060116154839427,0.0601161548394273,0.0601161548394275,0.060116154839427,0.060116154839428,0.0601161548394279,0.0601161548394269,0.0601161548394272,0.0601161548394283,0.0601161548394274,0.0601161548394274,0.0601161548394274,0.0601161548394274,0.0601161548394275,0.0601161548394274,0.0601161548394273,0.0601161548394277,0.0601161548394276,0.0601161548394276,0.0601161548394278,0.0601161548394276,0.0601161548394274,0.0601161548394274,0.0601161548394275,0.0601161548394276,0.0601161548394276,0.0601161548394275,0.0601161548394275,0.0601161548394276,0.0601161548394276,0.060116154839428,0.0601161548394277,0.0983537787786748,0.0601161548394277,0.060116154839428,0.0601161548394278,0.0601161548394275,0.060116154839428,0.0601161548394278,0.0601161548394273,0.0601161548394276,0.0601161548394277,0.0601161548394277,0.0601161548394275,0.0601161548394275,0.0601161548394277,0.0601161548394274,0.0601161548394275,0.0601161548394274,0.0601161548394275,0.0601161548394273,0.0601161548394276,0.0601161548394275,0.0601161548394275,0.0601161548394275,0.0601161548394274,0.0601161548394275,0.0601161548394275,0.0601161548394274,0.0601161548394275,0.0601161548394274,0.0601161548394277,0.0601161548394276,0.0601161548394276,0.0601161548394274,0.0601161548394274,0.0601161548394275,0.0601161548394278,0.0601161548394276,0.0601161548394275,0.0601161548394277,0.0601161548394275,0.0601161548394275,0.0601161548394275,0.0601161548394275,0.0601161548394275,0.0601161548394275,0.0601161548394276,0.0601161548394275,0.0601161548394276,0.0601161548394277,0.0601161548394276,0.0601161548394275,0.0601161548394276,0.0601161548394277,0.0601161548394275,0.0601161548394276,0.0601161548394274,0.0601161548394276,0.0601161548394277,0.0601161548394275,0.0601161548394276,0.0601161548394278,0.0601161548394276,0.0601161548394276,0.0601161548394277,0.0601161548394276,0.0601161548394276,0.0601161548394276,0.0983537787786748,0.0601161548394275,0.0601161548394275,0.0601161548394275,0.0601161548394288,0.0601161548394275,0.0601161548394275,0.0601161548394287,0.0601161548394275,0.0601161548394275,0.0983537787786748,0.0601161548394275,0.0601161548394275,0.0601161548394275,0.0601161548394275,0.0601161548394275,0.064841403896957,0.0903356948519515,0.0673524528529033,0.0671333859819405,0.0709101875952268,0.0647784232081336,0.0786029155520837,0.111486285406042,0.220295014079172,0.219019535171496,0.301533694927574,0.195011875600736,0.21695157447309,0.181058664059475,0.306051283744731,0.299416640053875,0.210748298523175,0.215982915888102,1,0.203787688585159,0.240196892247805,0.0623722229775456,0.0631323706503997,0.0601161548394275,0.0601161548394275,0.0601161548394275,0.0601161548394275,0.0601161548394273,0.0601161548394275,0.0601161548394275,0.0601161548394275,0.0601161548394275,0.0601161548394275,0.0601161548394275
"181",0.0601161548394271,0.0601161548394275,0.0601161548394285,0.0601161548394283,0.0601161548394284,0.0601161548394279,0.0601161548394275,0.0601161548394272,0.0601161548394275,0.0601161548394275,0.0601161548394273,0.0601161548394275,0.0601161548394271,0.0601161548394283,0.0601161548394274,0.0601161548394272,0.0601161548394272,0.0601161548394274,0.0601161548394271,0.0601161548394273,0.0601161548394273,0.0601161548394277,0.0601161548394271,0.060116154839427,0.0601161548394272,0.0601161548394272,0.0601161548394275,0.0601161548394273,0.0601161548394276,0.0601161548394278,0.0601161548394272,0.0601161548394279,0.0601161548394275,0.0601161548394271,0.0601161548394273,0.0601161548394275,0.0601161548394271,0.0601161548394274,0.0601161548394275,0.0601161548394282,0.0601161548394281,0.0601161548394275,0.0601161548394277,0.060116154839427,0.0601161548394281,0.0601161548394272,0.060116154839427,0.0601161548394274,0.0601161548394274,0.060116154839427,0.0601161548394279,0.0601161548394278,0.0601161548394269,0.0601161548394274,0.0601161548394282,0.0601161548394274,0.0601161548394274,0.0601161548394274,0.0601161548394274,0.0601161548394275,0.0601161548394274,0.0601161548394273,0.0601161548394276,0.0601161548394276,0.0601161548394276,0.0601161548394277,0.0601161548394277,0.0601161548394274,0.0601161548394274,0.0601161548394275,0.0601161548394276,0.0601161548394276,0.0601161548394275,0.0601161548394274,0.0601161548394276,0.0601161548394275,0.0601161548394279,0.0601161548394277,0.0601161548394275,0.0601161548394276,0.0601161548394279,0.0601161548394277,0.0601161548394275,0.0601161548394279,0.0601161548394278,0.0601161548394273,0.0601161548394276,0.0601161548394277,0.0601161548394277,0.0601161548394275,0.0601161548394275,0.0601161548394276,0.0601161548394275,0.0601161548394275,0.0601161548394274,0.0601161548394275,0.0601161548394274,0.0601161548394276,0.0601161548394275,0.0601161548394275,0.0601161548394275,0.0601161548394274,0.0601161548394275,0.0601161548394275,0.0601161548394275,0.0601161548394275,0.0601161548394274,0.0601161548394275,0.0601161548394276,0.0601161548394275,0.0601161548394274,0.0601161548394274,0.0601161548394275,0.0601161548394276,0.0601161548394275,0.0601161548394275,0.0601161548394276,0.0601161548394276,0.0601161548394275,0.0601161548394275,0.0601161548394279,0.0601161548394275,0.0601161548394276,0.0601161548394275,0.0601161548394275,0.0601161548394279,0.0601161548394276,0.0601161548394276,0.0601161548394276,0.0601161548394275,0.0601161548394277,0.0601161548394275,0.0601161548394276,0.0601161548394274,0.0601161548394276,0.0601161548394277,0.0601161548394275,0.0601161548394276,0.0601161548394277,0.0601161548394276,0.0601161548394276,0.0601161548394276,0.0601161548394276,0.0601161548394276,0.0601161548394276,0.0601161548394275,0.0601161548394275,0.0601161548394275,0.0601161548394275,0.0601161548394293,0.0601161548394275,0.0601161548394275,0.0601161548394292,0.0601161548394275,0.0601161548394275,0.0601161548394275,0.0601161548394275,0.0601161548394275,0.0601161548394275,0.0601161548394275,0.0601161548394275,0.0643083276659863,0.086926494977952,0.0665360940908063,0.066341741121795,0.0696924650522706,0.0642524521070329,0.0765173423677755,0.105690993929651,0.291647852314869,0.239910502367591,0.282637969362875,0.220544040749519,0.204231364095594,0.177814508398263,0.19600027279416,0.203836799205909,0.231453157971922,0.219263771151906,0.203787688585159,1,0.202373524369916,0.06211770595945,0.0627920980136069,0.0601161548394275,0.0601161548394275,0.0601161548394275,0.0601161548394275,0.0601161548394273,0.0601161548394275,0.0601161548394275,0.0601161548394275,0.0601161548394275,0.0601161548394275,0.0601161548394275
"182",0.060116154839427,0.0601161548394275,0.0601161548394286,0.0601161548394284,0.0601161548394285,0.060116154839428,0.0601161548394275,0.0601161548394272,0.0601161548394275,0.0601161548394275,0.0601161548394272,0.0601161548394275,0.0601161548394271,0.0601161548394284,0.0601161548394274,0.0601161548394272,0.0601161548394271,0.0601161548394274,0.0601161548394271,0.0601161548394273,0.0601161548394274,0.0601161548394279,0.0601161548394271,0.060116154839427,0.0601161548394271,0.0601161548394271,0.0601161548394275,0.0601161548394272,0.0601161548394276,0.0601161548394278,0.0601161548394271,0.060116154839428,0.0601161548394274,0.060116154839427,0.0601161548394273,0.0601161548394275,0.0601161548394271,0.0601161548394273,0.0601161548394274,0.0601161548394283,0.0601161548394283,0.0601161548394275,0.0601161548394278,0.0601161548394271,0.0601161548394282,0.0601161548394271,0.060116154839427,0.0601161548394273,0.0601161548394275,0.060116154839427,0.060116154839428,0.0601161548394279,0.0601161548394268,0.0601161548394273,0.0601161548394284,0.0601161548394274,0.0601161548394274,0.0601161548394274,0.0601161548394274,0.0601161548394275,0.0601161548394274,0.0601161548394273,0.0601161548394277,0.0601161548394277,0.0601161548394276,0.0601161548394278,0.0601161548394277,0.0601161548394274,0.0601161548394273,0.0601161548394275,0.0601161548394276,0.0601161548394276,0.0601161548394275,0.0601161548394274,0.0601161548394276,0.0601161548394275,0.060116154839428,0.0601161548394277,0.0601161548394276,0.0601161548394277,0.060116154839428,0.0601161548394279,0.0601161548394275,0.060116154839428,0.0601161548394279,0.0601161548394273,0.0601161548394276,0.0601161548394277,0.0601161548394277,0.0601161548394275,0.0601161548394275,0.0601161548394277,0.0601161548394274,0.0601161548394274,0.0601161548394273,0.0601161548394275,0.0601161548394273,0.0601161548394275,0.0601161548394275,0.0601161548394275,0.0601161548394275,0.0601161548394274,0.0601161548394275,0.0601161548394275,0.0601161548394274,0.0601161548394275,0.0601161548394274,0.0601161548394276,0.0601161548394276,0.0601161548394276,0.0601161548394274,0.0601161548394274,0.0601161548394275,0.0601161548394277,0.0601161548394275,0.0601161548394275,0.0601161548394277,0.0601161548394275,0.0601161548394275,0.0601161548394275,0.0601161548394273,0.0601161548394274,0.0601161548394275,0.0601161548394275,0.0601161548394275,0.0601161548394273,0.0601161548394277,0.0601161548394277,0.0601161548394276,0.0601161548394276,0.0601161548394276,0.0601161548394275,0.0601161548394276,0.0601161548394274,0.0601161548394277,0.0601161548394276,0.0601161548394275,0.0601161548394276,0.0601161548394277,0.0601161548394277,0.0601161548394276,0.0601161548394277,0.0601161548394276,0.0601161548394277,0.0601161548394276,0.0601161548394275,0.0601161548394275,0.0601161548394275,0.0601161548394275,0.0601161548394291,0.0601161548394275,0.0601161548394275,0.0601161548394289,0.0601161548394275,0.0601161548394275,0.0601161548394275,0.0601161548394275,0.0601161548394275,0.0601161548394275,0.0601161548394275,0.0601161548394275,0.0675318701160235,0.107542121554452,0.0714726622046909,0.0711288628574356,0.0770561028990363,0.067433029430474,0.0891289226665922,0.140735452862793,0.221320403282133,0.223513154174338,0.295501941650746,0.201844497430941,0.281151203591348,0.210080190250174,0.214626998446109,0.294647706626543,0.210871954796526,0.23646266875274,0.240196892247805,0.202373524369916,1,0.0636567849211853,0.064849746105119,0.0601161548394275,0.0601161548394275,0.0601161548394275,0.0601161548394275,0.0601161548394273,0.0601161548394275,0.0601161548394275,0.0601161548394275,0.0601161548394275,0.0601161548394275,0.0601161548394275
"183",0.0601161548394274,0.0601161548394275,0.0601161548394272,0.0601161548394273,0.0601161548394273,0.0601161548394274,0.0601161548394275,0.0601161548394271,0.0601161548394275,0.0601161548394275,0.0601161548394272,0.0601161548394275,0.0601161548394276,0.0601161548394272,0.0601161548394276,0.0601161548394273,0.0601161548394274,0.0601161548394273,0.0601161548394276,0.0601161548394279,0.060116154839428,0.0601161548394278,0.060116154839428,0.0601161548394279,0.0601161548394278,0.0601161548394279,0.0601161548394275,0.0601161548394274,0.0601161548394274,0.0601161548394277,0.0601161548394273,0.0601161548394277,0.0601161548394276,0.0601161548394272,0.0601161548394273,0.0601161548394274,0.0601161548394274,0.0601161548394273,0.0601161548394273,0.0601161548394279,0.060116154839428,0.0601161548394275,0.0601161548394276,0.0601161548394272,0.060116154839428,0.0601161548394272,0.0601161548394272,0.0601161548394274,0.0601161548394273,0.0601161548394272,0.0601161548394278,0.0601161548394277,0.060116154839427,0.0601161548394272,0.0601161548394281,0.0601161548394275,0.0601161548394274,0.0601161548394274,0.0601161548394276,0.0601161548394275,0.0601161548394275,0.0601161548394275,0.0601161548394274,0.0601161548394278,0.0601161548394277,0.0601161548394278,0.0601161548394278,0.0601161548394273,0.0601161548394272,0.0601161548394275,0.0601161548394275,0.0601161548394276,0.0601161548394275,0.0601161548394272,0.0601161548394273,0.0601161548394272,0.0601161548394275,0.0601161548394279,0.0601161548394274,0.0601161548394277,0.0601161548394275,0.0601161548394277,0.0601161548394275,0.0601161548394276,0.0601161548394278,0.0601161548394272,0.0601161548394278,0.0601161548394278,0.0601161548394278,0.0601161548394275,0.0601161548394275,0.0601161548394277,0.0601161548394276,0.060116154839427,0.060116154839427,0.0601161548394275,0.0601161548394272,0.0601161548394272,0.0601161548394276,0.0601161548394276,0.0601161548394276,0.060116154839427,0.0601161548394277,0.0601161548394276,0.0601161548394276,0.0601161548394278,0.0601161548394277,0.0601161548394276,0.0601161548394272,0.0601161548394278,0.0601161548394275,0.0601161548394276,0.0601161548394277,0.0601161548394274,0.0601161548394275,0.0601161548394275,0.0601161548394274,0.0601161548394278,0.0601161548394272,0.0601161548394275,0.0601161548394273,0.0601161548394279,0.0601161548394279,0.0601161548394272,0.0601161548394271,0.0601161548394273,0.0601161548394275,0.0601161548394274,0.0601161548394271,0.0601161548394277,0.0601161548394273,0.0601161548394275,0.0601161548394274,0.0601161548394276,0.0601161548394274,0.0601161548394271,0.0601161548394275,0.0601161548394276,0.0601161548394273,0.0601161548394275,0.0601161548394275,0.0601161548394276,0.0601161548394275,0.0601161548394274,0.0601161548394274,0.0601161548394275,0.0601161548394275,0.0601161548394275,0.0601161548394275,0.0601161548394284,0.0601161548394275,0.0601161548394275,0.0601161548394285,0.0601161548394275,0.0601161548394275,0.0601161548394275,0.0601161548394275,0.0601161548394275,0.0601161548394275,0.0601161548394275,0.0601161548394275,0.177889583813277,0.0865700644206292,0.135788560111265,0.174039291022531,0.134177907028135,0.231583113807883,0.103359262244908,0.0756782133792663,0.0626455004920207,0.0628727971878238,0.0638454409748207,0.0625367732401279,0.0672061842127292,0.063868504718875,0.0621065399721344,0.0626983880698166,0.0623775854358415,0.063980563990156,0.0623722229775456,0.06211770595945,0.0636567849211853,1,0.369240533232678,0.0601161548394275,0.0601161548394275,0.0601161548394275,0.0601161548394275,0.0601161548394272,0.0601161548394275,0.0601161548394275,0.0601161548394275,0.0601161548394275,0.0601161548394275,0.0601161548394275
"184",0.0601161548394275,0.0601161548394275,0.0601161548394271,0.0601161548394273,0.0601161548394273,0.0601161548394275,0.0601161548394275,0.0601161548394271,0.0601161548394275,0.0601161548394275,0.0601161548394272,0.0601161548394275,0.0601161548394277,0.0601161548394272,0.0601161548394277,0.0601161548394274,0.0601161548394274,0.0601161548394273,0.0601161548394277,0.060116154839428,0.0601161548394281,0.060116154839428,0.0601161548394281,0.060116154839428,0.0601161548394279,0.060116154839428,0.0601161548394275,0.0601161548394273,0.0601161548394273,0.0601161548394277,0.0601161548394272,0.0601161548394278,0.0601161548394275,0.0601161548394271,0.0601161548394273,0.0601161548394274,0.0601161548394275,0.0601161548394274,0.0601161548394274,0.0601161548394281,0.0601161548394282,0.0601161548394275,0.0601161548394276,0.0601161548394271,0.0601161548394281,0.0601161548394271,0.0601161548394271,0.0601161548394273,0.0601161548394273,0.0601161548394271,0.060116154839428,0.0601161548394279,0.0601161548394269,0.0601161548394272,0.0601161548394283,0.0601161548394275,0.0601161548394274,0.0601161548394274,0.0601161548394276,0.0601161548394275,0.0601161548394275,0.0601161548394274,0.0601161548394273,0.0601161548394278,0.0601161548394277,0.0601161548394278,0.0601161548394278,0.0601161548394273,0.0601161548394272,0.0601161548394275,0.0601161548394275,0.0601161548394276,0.0601161548394275,0.0601161548394271,0.0601161548394273,0.0601161548394272,0.0601161548394275,0.060116154839428,0.0601161548394274,0.0601161548394278,0.0601161548394274,0.0601161548394277,0.0601161548394275,0.0601161548394275,0.0601161548394278,0.0601161548394271,0.0601161548394278,0.060116154839428,0.060116154839428,0.0601161548394275,0.0601161548394275,0.0601161548394279,0.0601161548394276,0.0601161548394269,0.0601161548394269,0.0601161548394274,0.0601161548394271,0.0601161548394271,0.0601161548394277,0.0601161548394276,0.0601161548394276,0.060116154839427,0.0601161548394278,0.0601161548394277,0.0601161548394277,0.0601161548394279,0.0601161548394277,0.0601161548394276,0.0601161548394272,0.0601161548394278,0.0601161548394275,0.0601161548394276,0.0601161548394278,0.0601161548394273,0.0601161548394275,0.0601161548394275,0.0601161548394274,0.0601161548394278,0.0601161548394271,0.0601161548394275,0.0601161548394275,0.060116154839428,0.0601161548394279,0.0601161548394271,0.060116154839427,0.0601161548394274,0.0601161548394275,0.0601161548394274,0.0601161548394271,0.0601161548394278,0.0601161548394273,0.0601161548394275,0.0601161548394274,0.0601161548394275,0.0601161548394274,0.0601161548394271,0.0601161548394274,0.0601161548394276,0.0601161548394272,0.0601161548394274,0.0601161548394275,0.0601161548394275,0.0601161548394275,0.0601161548394274,0.0601161548394274,0.0601161548394275,0.0601161548394275,0.0601161548394275,0.0601161548394275,0.0601161548394285,0.0601161548394275,0.0601161548394275,0.0601161548394286,0.0601161548394275,0.0601161548394275,0.0601161548394275,0.0601161548394275,0.0601161548394275,0.0601161548394275,0.0601161548394275,0.0601161548394275,0.217571540419938,0.0954833048792292,0.161285220338297,0.212423950328972,0.159131882319269,0.289356284586269,0.117929366270515,0.0809216111224475,0.0634977248460537,0.0638016056890475,0.0651019669322283,0.0633523636086416,0.0695950612317873,0.0651328016522885,0.0627771698175487,0.0635684320847476,0.0631395399070477,0.0652826175820884,0.0631323706503997,0.0627920980136069,0.064849746105119,0.369240533232678,1,0.0601161548394275,0.0601161548394275,0.0601161548394275,0.0601161548394275,0.0601161548394272,0.0601161548394275,0.0601161548394275,0.0601161548394275,0.0601161548394275,0.0601161548394275,0.0601161548394275
"185",0.0601161548394275,0.0601161548394275,0.0601161548394275,0.0601161548394275,0.0601161548394275,0.0601161548394275,0.0601161548394275,0.0601161548394275,0.0601161548394275,0.0601161548394275,0.0601161548394275,0.0601161548394275,0.0601161548394275,0.0601161548394275,0.0601161548394275,0.0601161548394275,0.0601161548394275,0.0601161548394275,0.0601161548394275,0.0601161548394275,0.0601161548394275,0.0601161548394275,0.0601161548394275,0.0601161548394275,0.0601161548394275,0.0601161548394275,0.0601161548394275,0.0601161548394275,0.0601161548394275,0.0601161548394275,0.0601161548394275,0.0601161548394275,0.0601161548394275,0.0601161548394275,0.0601161548394275,0.0601161548394275,0.0601161548394275,0.0601161548394275,0.0601161548394275,0.0601161548394275,0.0601161548394275,0.0601161548394275,0.0601161548394275,0.0601161548394275,0.0601161548394275,0.0601161548394275,0.0601161548394275,0.0601161548394275,0.0601161548394275,0.0601161548394275,0.0601161548394275,0.0601161548394275,0.0601161548394275,0.0601161548394275,0.0601161548394275,0.0601161548394275,0.0601161548394275,0.0601161548394275,0.0601161548394275,0.0601161548394275,0.0601161548394275,0.0601161548394275,0.0601161548394275,0.0601161548394275,0.0601161548394275,0.0601161548394275,0.0601161548394275,0.0601161548394275,0.0601161548394275,0.0601161548394275,0.0601161548394275,0.0601161548394275,0.0601161548394275,0.0601161548394275,0.0601161548394275,0.0601161548394275,0.0601161548394275,0.0601161548394275,0.0601161548394275,0.0601161548394275,0.0601161548394275,0.0601161548394275,0.0601161548394275,0.0601161548394275,0.0601161548394275,0.0601161548394275,0.0601161548394275,0.0601161548394275,0.0601161548394275,0.0601161548394275,0.0601161548394275,0.0601161548394275,0.0601161548394275,0.0601161548394275,0.0601161548394275,0.0601161548394275,0.0601161548394275,0.0601161548394275,0.0601161548394275,0.0601161548394275,0.0601161548394275,0.0601161548394275,0.0601161548394275,0.0601161548394275,0.0601161548394275,0.0601161548394275,0.0601161548394275,0.0601161548394275,0.0601161548394275,0.0601161548394275,0.0601161548394275,0.0601161548394275,0.0601161548394275,0.0601161548394275,0.0601161548394275,0.0601161548394275,0.0601161548394275,0.0601161548394275,0.0601161548394275,0.0601161548394275,0.0601161548394275,0.0601161548394275,0.0601161548394275,0.0601161548394275,0.0601161548394275,0.0601161548394275,0.0601161548394275,0.0601161548394275,0.0601161548394275,0.0601161548394275,0.0601161548394275,0.0601161548394275,0.0601161548394275,0.0601161548394275,0.0601161548394275,0.0601161548394275,0.0601161548394275,0.0601161548394275,0.0601161548394275,0.0601161548394275,0.0601161548394275,0.0601161548394275,0.0601161548394275,0.0601161548394275,0.0601161548394275,0.0601161548394275,0.0601161548394275,0.0601161548394275,0.0601161548394275,0.0601161548394275,0.0601161548394275,0.0601161548394275,0.0601161548394275,0.0601161548394275,0.0601161548394275,0.0601161548394275,0.0601161548394275,0.0601161548394275,0.0601161548394275,0.0601161548394275,0.0601161548394275,0.0601161548394275,0.0601161548394275,0.0601161548394275,0.0601161548394275,0.0601161548394275,0.0601161548394275,0.0601161548394275,0.0601161548394275,0.0601161548394275,0.0601161548394275,0.0601161548394275,0.0601161548394275,0.0601161548394275,0.0601161548394275,0.0601161548394275,0.0601161548394275,0.0601161548394275,0.0601161548394275,0.0601161548394275,0.0601161548394275,0.0601161548394275,0.0601161548394275,0.0601161548394275,1,0.104198165850106,0.0601161548394275,0.0601161548394275,0.0601161548394275,0.0601161548394275,0.0601161548394275,0.0601161548394275,0.0601161548394275,0.0601161548394275,0.0601161548394275
"186",0.0601161548394275,0.0601161548394275,0.0601161548394275,0.0601161548394275,0.0601161548394275,0.0601161548394275,0.0601161548394275,0.0601161548394275,0.0601161548394275,0.0601161548394275,0.0601161548394275,0.0601161548394275,0.0601161548394275,0.0601161548394275,0.0601161548394275,0.0601161548394275,0.0601161548394275,0.0601161548394275,0.0601161548394275,0.0601161548394275,0.0601161548394275,0.0601161548394275,0.0601161548394275,0.0601161548394275,0.0601161548394275,0.0601161548394275,0.0601161548394275,0.0601161548394275,0.0601161548394275,0.0601161548394275,0.0601161548394275,0.0601161548394275,0.0601161548394275,0.0601161548394275,0.0601161548394275,0.0601161548394275,0.0601161548394275,0.0601161548394275,0.0601161548394275,0.0601161548394275,0.0601161548394275,0.0601161548394275,0.0601161548394275,0.0601161548394275,0.0601161548394275,0.0601161548394275,0.0601161548394275,0.0601161548394275,0.0601161548394275,0.0601161548394275,0.0601161548394275,0.0601161548394275,0.0601161548394275,0.0601161548394275,0.0601161548394275,0.0601161548394275,0.0601161548394275,0.0601161548394275,0.0601161548394275,0.0601161548394275,0.0601161548394275,0.0601161548394275,0.0601161548394275,0.0601161548394275,0.0601161548394275,0.0601161548394275,0.0601161548394275,0.0601161548394275,0.0601161548394275,0.0601161548394275,0.0601161548394275,0.0601161548394275,0.0601161548394275,0.0601161548394275,0.0601161548394275,0.0601161548394275,0.0601161548394275,0.0601161548394275,0.0601161548394275,0.0601161548394275,0.0601161548394275,0.0601161548394275,0.0601161548394275,0.0601161548394275,0.0601161548394275,0.0601161548394275,0.0601161548394275,0.0601161548394275,0.0601161548394275,0.0601161548394275,0.0601161548394275,0.0601161548394275,0.0601161548394275,0.0601161548394275,0.0601161548394275,0.0601161548394275,0.0601161548394275,0.0601161548394275,0.0601161548394275,0.0601161548394275,0.0601161548394275,0.0601161548394275,0.0601161548394275,0.0601161548394275,0.0601161548394275,0.0601161548394275,0.0601161548394275,0.0601161548394275,0.0601161548394275,0.0601161548394275,0.0601161548394275,0.0601161548394275,0.0601161548394275,0.0601161548394275,0.0601161548394275,0.0601161548394275,0.0601161548394275,0.0601161548394275,0.0601161548394275,0.0601161548394275,0.0601161548394275,0.0601161548394275,0.0601161548394275,0.0601161548394275,0.0601161548394275,0.0601161548394275,0.0601161548394275,0.0601161548394275,0.0601161548394275,0.0601161548394275,0.0601161548394275,0.0601161548394275,0.0601161548394275,0.0601161548394275,0.0601161548394275,0.0601161548394275,0.0601161548394275,0.0601161548394275,0.0601161548394275,0.0601161548394275,0.0601161548394275,0.0601161548394275,0.0601161548394275,0.0601161548394275,0.0601161548394275,0.0601161548394275,0.0601161548394275,0.0601161548394275,0.0601161548394275,0.0601161548394275,0.0601161548394275,0.0601161548394275,0.0601161548394275,0.0601161548394275,0.0601161548394275,0.0601161548394275,0.0601161548394275,0.0601161548394275,0.0601161548394275,0.0601161548394275,0.0601161548394275,0.0601161548394275,0.0601161548394275,0.0601161548394275,0.0601161548394275,0.0601161548394275,0.0601161548394275,0.0601161548394275,0.0601161548394275,0.0601161548394275,0.0601161548394275,0.0601161548394275,0.0601161548394275,0.0601161548394275,0.0601161548394275,0.0601161548394275,0.0601161548394275,0.0601161548394275,0.0601161548394275,0.0601161548394275,0.0601161548394275,0.0601161548394275,0.0601161548394275,0.0601161548394275,0.104198165850106,1,0.0601161548394275,0.0601161548394275,0.0601161548394275,0.0601161548394275,0.0601161548394275,0.0601161548394275,0.0601161548394275,0.0601161548394275,0.0601161548394275
"187",0.0601161548394275,0.0601161548394275,0.0601161548394275,0.0983537787786748,0.0601161548394275,0.0983537787786748,0.0601161548394275,0.0983537787786748,0.0983537787786748,0.0601161548394275,0.0601161548394275,0.0601161548394275,0.0601161548394275,0.0983537787786748,0.0983537787786748,0.0983537787786748,0.0983537787786748,0.0983537787786748,0.0601161548394275,0.0601161548394275,0.0601161548394275,0.0601161548394275,0.0601161548394275,0.0601161548394275,0.0601161548394275,0.0601161548394275,0.0601161548394275,0.0601161548394275,0.0601161548394275,0.0601161548394275,0.0601161548394275,0.0983537787786748,0.0601161548394275,0.0601161548394275,0.0983537787786748,0.0983537787786748,0.0601161548394275,0.0601161548394275,0.0983537787786748,0.0601161548394275,0.0601161548394275,0.0601161548394275,0.0601161548394275,0.0983537787786748,0.0983537787786748,0.0601161548394275,0.0601161548394275,0.0601161548394275,0.0601161548394275,0.0601161548394275,0.0601161548394275,0.0983537787786748,0.0601161548394275,0.0983537787786748,0.0601161548394275,0.0601161548394275,0.0983537787786748,0.0601161548394275,0.0601161548394275,0.0601161548394275,0.0601161548394275,0.0601161548394275,0.0601161548394275,0.0983537787786748,0.0601161548394275,0.0983537787786748,0.0601161548394275,0.0601161548394275,0.0601161548394275,0.0983537787786748,0.0601161548394275,0.0983537787786748,0.0983537787786748,0.0601161548394275,0.0601161548394275,0.0601161548394275,0.0983537787786748,0.0601161548394275,0.0601161548394275,0.0601161548394275,0.0983537787786748,0.0983537787786748,0.0601161548394275,0.0983537787786748,0.0601161548394275,0.0601161548394275,0.0601161548394275,0.0601161548394275,0.0601161548394275,0.0983537787786748,0.0983537787786748,0.0601161548394275,0.0601161548394275,0.0983537787786748,0.0983537787786748,0.0983537787786748,0.0601161548394275,0.0983537787786748,0.0601161548394275,0.0983537787786748,0.0601161548394275,0.0601161548394275,0.0601161548394275,0.0983537787786748,0.0983537787786748,0.0601161548394275,0.0601161548394275,0.0601161548394275,0.0601161548394275,0.0601161548394275,0.0601161548394275,0.0601161548394275,0.0601161548394275,0.0601161548394275,0.0601161548394275,0.0983537787786748,0.0601161548394275,0.0601161548394275,0.0601161548394275,0.0601161548394275,0.0601161548394275,0.0601161548394275,0.0601161548394275,0.0601161548394275,0.0601161548394275,0.0601161548394275,0.0601161548394275,0.0601161548394275,0.0601161548394275,0.0601161548394275,0.0601161548394275,0.0983537787786748,0.0601161548394275,0.0601161548394275,0.0601161548394275,0.0601161548394275,0.0601161548394275,0.0601161548394275,0.0601161548394275,0.0601161548394275,0.0601161548394275,0.0601161548394275,0.0601161548394275,0.0601161548394275,0.0601161548394275,0.0601161548394275,0.0983537787786748,0.0983537787786748,0.0601161548394275,0.0601161548394275,0.0983537787786748,0.0601161548394275,0.0601161548394275,0.0983537787786748,0.0601161548394275,0.0601161548394275,0.0601161548394275,0.0983537787786748,0.0983537787786748,0.0983537787786748,0.0601161548394275,0.0983537787786748,0.0601161548394275,0.0601161548394275,0.0601161548394275,0.0601161548394275,0.0601161548394275,0.0601161548394275,0.0601161548394275,0.0601161548394275,0.0601161548394275,0.0601161548394275,0.0601161548394275,0.0601161548394275,0.0601161548394275,0.0601161548394275,0.0983537787786748,0.0601161548394275,0.0601161548394275,0.0601161548394275,0.0601161548394275,0.0601161548394275,0.0601161548394275,0.0601161548394275,0.0601161548394275,0.0601161548394275,1,0.104198165850106,0.104198165850106,0.142435789789353,0.0601161548394275,0.0601161548394275,0.0601161548394275,0.0601161548394275,0.0983537787786748
"188",0.0601161548394275,0.0983537787786748,0.0983537787786748,0.0601161548394275,0.0601161548394275,0.0601161548394275,0.0983537787786748,0.0601161548394275,0.0601161548394275,0.0983537787786748,0.0601161548394275,0.0983537787786748,0.0601161548394275,0.0601161548394275,0.0601161548394275,0.0601161548394275,0.0601161548394275,0.0601161548394275,0.0601161548394275,0.0983537787786748,0.0983537787786748,0.0983537787786748,0.0983537787786748,0.0601161548394275,0.0601161548394275,0.0983537787786748,0.0601161548394275,0.0983537787786748,0.0601161548394275,0.0601161548394275,0.0983537787786748,0.0601161548394275,0.0983537787786748,0.0601161548394275,0.0601161548394275,0.0601161548394275,0.0601161548394275,0.0601161548394275,0.0601161548394275,0.0983537787786748,0.0983537787786748,0.0601161548394275,0.0983537787786748,0.0601161548394275,0.0601161548394275,0.0983537787786748,0.0601161548394275,0.0601161548394275,0.0983537787786748,0.0983537787786748,0.0983537787786748,0.0601161548394275,0.0983537787786748,0.0601161548394275,0.0983537787786748,0.0601161548394275,0.0601161548394275,0.0601161548394275,0.0601161548394275,0.0601161548394275,0.0601161548394275,0.0601161548394275,0.0601161548394275,0.0601161548394275,0.0601161548394275,0.0601161548394275,0.0601161548394275,0.0601161548394275,0.0601161548394275,0.0601161548394275,0.0601161548394275,0.0601161548394275,0.0601161548394275,0.0601161548394275,0.0601161548394275,0.0601161548394275,0.0601161548394275,0.0983537787786748,0.0601161548394275,0.0983537787786748,0.0601161548394275,0.0601161548394275,0.0601161548394275,0.0601161548394275,0.0601161548394275,0.0601161548394275,0.0983537787786748,0.0601161548394275,0.0601161548394275,0.0601161548394275,0.0601161548394275,0.0601161548394275,0.0601161548394275,0.0601161548394275,0.0601161548394275,0.0601161548394275,0.0601161548394275,0.0601161548394275,0.0601161548394275,0.0601161548394275,0.0601161548394275,0.0983537787786748,0.0601161548394275,0.0601161548394275,0.0601161548394275,0.0601161548394275,0.0601161548394275,0.0601161548394275,0.0601161548394275,0.0601161548394275,0.0601161548394275,0.0601161548394275,0.0601161548394275,0.0601161548394275,0.0601161548394275,0.0601161548394275,0.0601161548394275,0.0601161548394275,0.0601161548394275,0.0601161548394275,0.0601161548394275,0.0601161548394275,0.0601161548394275,0.0601161548394275,0.0601161548394275,0.0601161548394275,0.0601161548394275,0.0601161548394275,0.0601161548394275,0.0601161548394275,0.0601161548394275,0.0601161548394275,0.0601161548394275,0.0601161548394275,0.0601161548394275,0.0601161548394275,0.0601161548394275,0.0601161548394275,0.0601161548394275,0.0601161548394275,0.0601161548394275,0.0601161548394275,0.0601161548394275,0.0601161548394275,0.0601161548394275,0.0601161548394275,0.0601161548394275,0.0601161548394275,0.0601161548394275,0.0601161548394275,0.0601161548394275,0.0983537787786748,0.0601161548394275,0.0601161548394275,0.0983537787786748,0.0601161548394275,0.0601161548394275,0.0601161548394275,0.0601161548394275,0.0601161548394275,0.0601161548394275,0.0601161548394275,0.0601161548394275,0.0601161548394275,0.0601161548394275,0.0601161548394275,0.0601161548394275,0.0601161548394275,0.0601161548394275,0.0601161548394275,0.0601161548394275,0.0601161548394275,0.0601161548394275,0.0601161548394275,0.0601161548394275,0.0983537787786748,0.0601161548394275,0.0601161548394275,0.0601161548394275,0.0601161548394275,0.0601161548394275,0.0601161548394275,0.0601161548394275,0.0601161548394275,0.0601161548394275,0.0601161548394275,0.104198165850106,1,0.104198165850106,0.104198165850106,0.0601161548394275,0.0601161548394275,0.0983537787786748,0.0601161548394275,0.0601161548394275
"189",0.0601308905951892,0.0601161548394275,0.0601384757524876,0.0601447878116073,0.0601466262126856,0.0601459136845919,0.0601161548394275,0.0601261334740158,0.0601161548394275,0.0601161548394275,0.0601264629256065,0.0601161548394275,0.0601337025255921,0.0601379536810984,0.060143437228182,0.0601363802856923,0.0601294409580229,0.0601240916483052,0.0601271473506301,0.0601391168311545,0.0601462324199298,0.060155760071357,0.0601356131419951,0.0601435042434455,0.0601287994170746,0.0601308056197617,0.0601161548394275,0.0601479711167771,0.0603623638949434,0.0601941826002156,0.060131866593131,0.0601883350094597,0.0601485730360492,0.0601330137776635,0.060123921203888,0.0601199994866715,0.060124677774605,0.0601238710850237,0.0601219345512193,0.0601334183473332,0.0601325792149043,0.0601161548394275,0.0601281507745941,0.0601221133727911,0.0601266215303267,0.060126989345959,0.0601236730900259,0.0601239633123729,0.0601352365099761,0.0601330263442834,0.0601485935966399,0.0601389379119184,0.0601277178921437,0.060122630396505,0.0601277418066107,0.0764605937643487,0.0656140830621216,0.0656140830621215,0.0649503161745913,0.0601161548394275,0.0651041764765484,0.0628194796963433,0.0667816265263506,0.0730082347941966,0.0682152384841032,0.073910795799927,0.0642533581012662,0.0661684370876193,0.0663597678957039,0.0601161548394275,0.0682152384841032,0.0677687377461798,0.0601161548394275,0.0664270360633382,0.0646412855487795,0.0655775191136649,0.148985675495374,0.0907733984009609,0.308906364604176,0.091028258259717,0.202664195198392,0.0868126556991917,0.0601161548394275,0.148985675495374,0.122099961452645,0.23479530504073,0.0807819277822062,0.0621993918837493,0.0625899887632275,0.0601161548394275,0.0601161548394275,0.0622245310183479,0.061469675827249,0.0606235655644446,0.0607987491115775,0.0607212927991975,0.060556858806919,0.0604857009670371,0.060486853636513,0.0604587199208031,0.0607358493463476,0.0609737917972572,0.0621335203146296,0.060486853636513,0.0604587199208031,0.0621159324075556,0.0609451668566965,0.0608697356722068,0.0609216753378164,0.0618400857286329,0.0607861302269827,0.0609251252374073,0.065176205999472,0.0610359824780669,0.0616846108949027,0.0601161548394275,0.0603838735381243,0.0619554373164833,0.0619520586068367,0.0601161548394275,0.0601161548394275,0.0622008027869492,0.0620778599540462,0.0619520586068367,0.0615043134553614,0.0601161548394275,0.0606556020968849,0.0605342970032083,0.0606336862884812,0.0608794525329181,0.0605167671760272,0.0601161548394275,0.0607811428166368,0.0602390753517313,0.0607811428166368,0.0605858843347289,0.0602932891313949,0.0607164381255312,0.0607575040783198,0.0604717054893118,0.0605074257526785,0.060752165130467,0.060449752426663,0.0604200092603062,0.060527253974408,0.0601161548394275,0.0601161548394275,0.0601161548394275,0.0601161548394275,0.0601161548394276,0.0601161548394275,0.0601161548394275,0.0601161548394276,0.0601161548394275,0.0601161548394275,0.0601161548394275,0.0601161548394275,0.0601161548394275,0.0601161548394275,0.0601161548394275,0.0601161548394275,0.0601161548394271,0.0601161548394273,0.0601161548394272,0.0601161548394271,0.0601161548394271,0.0601161548394271,0.0601161548394272,0.0601161548394273,0.0601161548394272,0.0601161548394272,0.0601161548394272,0.0601161548394273,0.0601161548394272,0.0601161548394273,0.0601161548394273,0.0601161548394273,0.0601161548394273,0.0601161548394272,0.0601161548394273,0.0601161548394273,0.0601161548394273,0.0601161548394272,0.0601161548394272,0.0601161548394275,0.0601161548394275,0.104198165850106,0.104198165850106,1,0.104198165850106,0.0601161548394275,0.0601161548394275,0.0601161548394275,0.0601161548394275,0.0601161548394275
"190",0.0601161548394275,0.0601161548394275,0.0601161548394275,0.0983537787786748,0.0601161548394275,0.0983537787786748,0.0601161548394275,0.0983537787786748,0.0983537787786748,0.0601161548394275,0.0601161548394275,0.0601161548394275,0.0601161548394275,0.0983537787786748,0.0983537787786748,0.0983537787786748,0.0983537787786748,0.0983537787786748,0.0601161548394275,0.0601161548394275,0.0601161548394275,0.0601161548394275,0.0601161548394275,0.0601161548394275,0.0601161548394275,0.0601161548394275,0.0601161548394275,0.0601161548394275,0.0601161548394275,0.0601161548394275,0.0601161548394275,0.0983537787786748,0.0601161548394275,0.0601161548394275,0.0983537787786748,0.0983537787786748,0.0601161548394275,0.0601161548394275,0.0983537787786748,0.0601161548394275,0.0601161548394275,0.0601161548394275,0.0601161548394275,0.0983537787786748,0.0983537787786748,0.0601161548394275,0.0601161548394275,0.0601161548394275,0.0601161548394275,0.0601161548394275,0.0601161548394275,0.0983537787786748,0.0601161548394275,0.0983537787786748,0.0601161548394275,0.0601161548394275,0.0983537787786748,0.0601161548394275,0.0601161548394275,0.0601161548394275,0.0601161548394275,0.0601161548394275,0.0601161548394275,0.0983537787786748,0.0601161548394275,0.0983537787786748,0.0601161548394275,0.0601161548394275,0.0601161548394275,0.0983537787786748,0.0601161548394275,0.0983537787786748,0.0983537787786748,0.0601161548394275,0.0601161548394275,0.0601161548394275,0.0983537787786748,0.0601161548394275,0.0601161548394275,0.0601161548394275,0.0983537787786748,0.0983537787786748,0.0601161548394275,0.0983537787786748,0.0601161548394275,0.0601161548394275,0.0601161548394275,0.0601161548394275,0.0601161548394275,0.0983537787786748,0.0983537787786748,0.0601161548394275,0.0601161548394275,0.0983537787786748,0.0983537787786748,0.0983537787786748,0.0601161548394275,0.0983537787786748,0.0601161548394275,0.0983537787786748,0.0601161548394275,0.0601161548394275,0.0601161548394275,0.0983537787786748,0.0983537787786748,0.0601161548394275,0.0601161548394275,0.0601161548394275,0.0601161548394275,0.0601161548394275,0.0601161548394275,0.0601161548394275,0.0601161548394275,0.0601161548394275,0.0601161548394275,0.0983537787786748,0.0601161548394275,0.0601161548394275,0.0601161548394275,0.0601161548394275,0.0601161548394275,0.0601161548394275,0.0601161548394275,0.0601161548394275,0.0601161548394275,0.0601161548394275,0.0601161548394275,0.0601161548394275,0.0601161548394275,0.0601161548394275,0.0601161548394275,0.0983537787786748,0.0601161548394275,0.0601161548394275,0.0601161548394275,0.0601161548394275,0.0601161548394275,0.0601161548394275,0.0601161548394275,0.0601161548394275,0.0601161548394275,0.0601161548394275,0.0601161548394275,0.0601161548394275,0.0601161548394275,0.0601161548394275,0.0983537787786748,0.0983537787786748,0.0601161548394275,0.0601161548394275,0.0983537787786748,0.0601161548394275,0.0601161548394275,0.0983537787786748,0.0601161548394275,0.0601161548394275,0.0601161548394275,0.0983537787786748,0.0983537787786748,0.0983537787786748,0.0601161548394275,0.0983537787786748,0.0601161548394275,0.0601161548394275,0.0601161548394275,0.0601161548394275,0.0601161548394275,0.0601161548394275,0.0601161548394275,0.0601161548394275,0.0601161548394275,0.0601161548394275,0.0601161548394275,0.0601161548394275,0.0601161548394275,0.0601161548394275,0.0983537787786748,0.0601161548394275,0.0601161548394275,0.0601161548394275,0.0601161548394275,0.0601161548394275,0.0601161548394275,0.0601161548394275,0.0601161548394275,0.0601161548394275,0.142435789789353,0.104198165850106,0.104198165850106,1,0.0601161548394275,0.0601161548394275,0.0601161548394275,0.0601161548394275,0.0983537787786748
"191",0.0601161548394275,0.0601161548394275,0.0601161548394275,0.0601161548394275,0.0601161548394275,0.0601161548394275,0.0601161548394275,0.0601161548394275,0.0601161548394275,0.0601161548394275,0.0601161548394275,0.0601161548394275,0.0601161548394275,0.0601161548394275,0.0601161548394275,0.0601161548394275,0.0601161548394275,0.0601161548394275,0.0601161548394275,0.0601161548394275,0.0601161548394275,0.0601161548394275,0.0601161548394275,0.0601161548394275,0.0601161548394275,0.0601161548394275,0.0601161548394275,0.0601161548394275,0.0601161548394275,0.0601161548394275,0.0601161548394275,0.0601161548394275,0.0601161548394275,0.0601161548394275,0.0601161548394275,0.0601161548394275,0.0601161548394275,0.0601161548394275,0.0601161548394275,0.0601161548394275,0.0601161548394275,0.0601161548394275,0.0601161548394275,0.0601161548394275,0.0601161548394275,0.0601161548394275,0.0601161548394275,0.0601161548394275,0.0601161548394275,0.0601161548394275,0.0601161548394275,0.0601161548394275,0.0601161548394275,0.0601161548394275,0.0601161548394275,0.0601161548394275,0.0601161548394275,0.0601161548394275,0.0601161548394275,0.0601161548394275,0.0601161548394275,0.0601161548394275,0.0601161548394275,0.0601161548394275,0.0601161548394275,0.0601161548394275,0.0601161548394275,0.0601161548394275,0.0601161548394275,0.0601161548394275,0.0601161548394275,0.0601161548394275,0.0601161548394275,0.0601161548394275,0.0601161548394275,0.0601161548394275,0.0601161548394275,0.0601161548394275,0.0601161548394275,0.0601161548394275,0.0601161548394275,0.0601161548394275,0.0983537787786748,0.0601161548394275,0.0601161548394275,0.0601161548394275,0.0601161548394275,0.0601161548394275,0.0601161548394275,0.0601161548394275,0.0601161548394275,0.0601161548394275,0.0601161548394275,0.0601161548394275,0.0601161548394275,0.0601161548394275,0.0601161548394275,0.0601161548394275,0.0601161548394275,0.0601161548394275,0.0601161548394275,0.0601161548394275,0.0601161548394275,0.0601161548394275,0.0601161548394275,0.0601161548394275,0.0601161548394275,0.0601161548394275,0.0601161548394275,0.0601161548394275,0.0601161548394275,0.0601161548394275,0.0601161548394275,0.0601161548394275,0.0601161548394275,0.0601161548394275,0.0601161548394275,0.0601161548394275,0.0601161548394275,0.0601161548394275,0.0601161548394275,0.0601161548394275,0.0601161548394275,0.0601161548394275,0.0601161548394275,0.0601161548394275,0.0601161548394275,0.0601161548394275,0.0601161548394275,0.0601161548394275,0.0601161548394275,0.0601161548394275,0.0601161548394275,0.0601161548394275,0.0601161548394275,0.0601161548394275,0.0601161548394275,0.0601161548394275,0.0601161548394275,0.0601161548394275,0.0601161548394275,0.0601161548394275,0.0601161548394275,0.0601161548394275,0.0601161548394275,0.0601161548394275,0.0601161548394275,0.0601161548394275,0.0601161548394275,0.0601161548394275,0.0601161548394275,0.0601161548394275,0.0601161548394275,0.0601161548394275,0.0601161548394275,0.0601161548394275,0.0983537787786748,0.0601161548394275,0.0601161548394275,0.0601161548394275,0.0983537787786748,0.0601161548394275,0.0601161548394275,0.0601161548394275,0.0601161548394275,0.0601161548394275,0.0601161548394275,0.0601161548394275,0.0601161548394275,0.0601161548394275,0.0601161548394275,0.0601161548394275,0.0601161548394275,0.0601161548394275,0.0601161548394275,0.0601161548394275,0.0601161548394275,0.0601161548394275,0.0601161548394275,0.0601161548394275,0.0601161548394275,0.0601161548394275,0.0601161548394275,0.0601161548394275,0.0601161548394275,0.0601161548394275,0.0601161548394275,0.0601161548394275,0.0601161548394275,0.0601161548394275,1,0.142435789789353,0.0601161548394275,0.0601161548394275,0.0601161548394275
"192",0.0601161548394275,0.0601161548394275,0.0601161548394275,0.0601161548394275,0.0601161548394275,0.0601161548394275,0.0601161548394275,0.0601161548394275,0.0601161548394275,0.0601161548394275,0.0601161548394275,0.0601161548394275,0.0601161548394275,0.0601161548394275,0.0601161548394275,0.0601161548394275,0.0601161548394275,0.0601161548394275,0.0601161548394275,0.0601161548394275,0.0601161548394275,0.0601161548394275,0.0601161548394275,0.0601161548394275,0.0601161548394275,0.0601161548394275,0.0601161548394275,0.0601161548394275,0.0601161548394275,0.0601161548394275,0.0601161548394275,0.0601161548394275,0.0601161548394275,0.0601161548394275,0.0601161548394275,0.0601161548394275,0.0601161548394275,0.0601161548394275,0.0601161548394275,0.0601161548394275,0.0601161548394275,0.0601161548394275,0.0601161548394275,0.0601161548394275,0.0601161548394275,0.0601161548394275,0.0601161548394275,0.0601161548394275,0.0601161548394275,0.0601161548394275,0.0601161548394275,0.0601161548394275,0.0601161548394275,0.0601161548394275,0.0601161548394275,0.0601161548394275,0.0601161548394275,0.0601161548394275,0.0601161548394275,0.0601161548394275,0.0601161548394275,0.0601161548394275,0.0601161548394275,0.0601161548394275,0.0601161548394275,0.0601161548394275,0.0601161548394275,0.0601161548394275,0.0601161548394275,0.0601161548394275,0.0601161548394275,0.0601161548394275,0.0601161548394275,0.0601161548394275,0.0601161548394275,0.0601161548394275,0.0601161548394275,0.0601161548394275,0.0601161548394275,0.0601161548394275,0.0601161548394275,0.0601161548394275,0.0983537787786748,0.0601161548394275,0.0601161548394275,0.0601161548394275,0.0601161548394275,0.0601161548394275,0.0601161548394275,0.0601161548394275,0.0601161548394275,0.0601161548394275,0.0601161548394275,0.0601161548394275,0.0601161548394275,0.0601161548394275,0.0601161548394275,0.0601161548394275,0.0601161548394275,0.0601161548394275,0.0601161548394275,0.0601161548394275,0.0601161548394275,0.0601161548394275,0.0601161548394275,0.0601161548394275,0.0601161548394275,0.0601161548394275,0.0601161548394275,0.0601161548394275,0.0601161548394275,0.0601161548394275,0.0601161548394275,0.0601161548394275,0.0601161548394275,0.0601161548394275,0.0601161548394275,0.0601161548394275,0.0601161548394275,0.0601161548394275,0.0601161548394275,0.0601161548394275,0.0601161548394275,0.0601161548394275,0.0601161548394275,0.0601161548394275,0.0601161548394275,0.0601161548394275,0.0601161548394275,0.0601161548394275,0.0601161548394275,0.0601161548394275,0.0601161548394275,0.0601161548394275,0.0601161548394275,0.0601161548394275,0.0601161548394275,0.0601161548394275,0.0601161548394275,0.0601161548394275,0.0601161548394275,0.0601161548394275,0.0601161548394275,0.0601161548394275,0.0601161548394275,0.0601161548394275,0.0601161548394275,0.0601161548394275,0.0601161548394275,0.0601161548394275,0.0601161548394275,0.0601161548394275,0.0601161548394275,0.0601161548394275,0.0601161548394275,0.0601161548394275,0.0983537787786748,0.0601161548394275,0.0601161548394275,0.0601161548394275,0.0983537787786748,0.0601161548394275,0.0601161548394275,0.0601161548394275,0.0601161548394275,0.0601161548394275,0.0601161548394275,0.0601161548394275,0.0601161548394275,0.0601161548394275,0.0601161548394275,0.0601161548394275,0.0601161548394275,0.0601161548394275,0.0601161548394275,0.0601161548394275,0.0601161548394275,0.0601161548394275,0.0601161548394275,0.0601161548394275,0.0601161548394275,0.0601161548394275,0.0601161548394275,0.0601161548394275,0.0601161548394275,0.0601161548394275,0.0601161548394275,0.0601161548394275,0.0601161548394275,0.0601161548394275,0.142435789789353,1,0.0601161548394275,0.0601161548394275,0.0601161548394275
"193",0.0601161548394275,0.0983537787786748,0.0983537787786748,0.0601161548394275,0.0601161548394275,0.0601161548394275,0.0983537787786748,0.0601161548394275,0.0601161548394275,0.0983537787786748,0.0601161548394275,0.0983537787786748,0.0601161548394275,0.0601161548394275,0.0601161548394275,0.0601161548394275,0.0601161548394275,0.0601161548394275,0.0601161548394275,0.0983537787786748,0.0983537787786748,0.0983537787786748,0.0983537787786748,0.0601161548394275,0.0601161548394275,0.0983537787786748,0.0601161548394275,0.0983537787786748,0.0601161548394275,0.0601161548394275,0.0983537787786748,0.0601161548394275,0.0983537787786748,0.0601161548394275,0.0601161548394275,0.0601161548394275,0.0601161548394275,0.0601161548394275,0.0601161548394275,0.0983537787786748,0.0983537787786748,0.0601161548394275,0.0983537787786748,0.0601161548394275,0.0601161548394275,0.0983537787786748,0.0601161548394275,0.0601161548394275,0.0983537787786748,0.0983537787786748,0.0983537787786748,0.0601161548394275,0.0983537787786748,0.0601161548394275,0.0983537787786748,0.0601161548394275,0.0601161548394275,0.0601161548394275,0.0601161548394275,0.0601161548394275,0.0601161548394275,0.0601161548394275,0.0601161548394275,0.0601161548394275,0.0601161548394275,0.0601161548394275,0.0601161548394275,0.0601161548394275,0.0601161548394275,0.0601161548394275,0.0601161548394275,0.0601161548394275,0.0601161548394275,0.0601161548394275,0.0601161548394275,0.0601161548394275,0.0601161548394275,0.0983537787786748,0.0601161548394275,0.0983537787786748,0.0601161548394275,0.0601161548394275,0.0601161548394275,0.0601161548394275,0.0601161548394275,0.0601161548394275,0.0983537787786748,0.0601161548394275,0.0601161548394275,0.0601161548394275,0.0601161548394275,0.0601161548394275,0.0601161548394275,0.0601161548394275,0.0601161548394275,0.0601161548394275,0.0601161548394275,0.0601161548394275,0.0601161548394275,0.0601161548394275,0.0601161548394275,0.0983537787786748,0.0601161548394275,0.0601161548394275,0.0601161548394275,0.0601161548394275,0.0601161548394275,0.0601161548394275,0.0601161548394275,0.0601161548394275,0.0601161548394275,0.0601161548394275,0.0601161548394275,0.0601161548394275,0.0601161548394275,0.0601161548394275,0.0601161548394275,0.0601161548394275,0.0601161548394275,0.0601161548394275,0.0601161548394275,0.0601161548394275,0.0601161548394275,0.0601161548394275,0.0601161548394275,0.0601161548394275,0.0601161548394275,0.0601161548394275,0.0601161548394275,0.0601161548394275,0.0601161548394275,0.0601161548394275,0.0601161548394275,0.0601161548394275,0.0601161548394275,0.0601161548394275,0.0601161548394275,0.0601161548394275,0.0601161548394275,0.0601161548394275,0.0601161548394275,0.0601161548394275,0.0601161548394275,0.0601161548394275,0.0601161548394275,0.0601161548394275,0.0601161548394275,0.0601161548394275,0.0601161548394275,0.0601161548394275,0.0601161548394275,0.0983537787786748,0.0601161548394275,0.0601161548394275,0.0983537787786748,0.0601161548394275,0.0601161548394275,0.0601161548394275,0.0601161548394275,0.0601161548394275,0.0601161548394275,0.0601161548394275,0.0601161548394275,0.0601161548394275,0.0601161548394275,0.0601161548394275,0.0601161548394275,0.0601161548394275,0.0601161548394275,0.0601161548394275,0.0601161548394275,0.0601161548394275,0.0601161548394275,0.0601161548394275,0.0601161548394275,0.0983537787786748,0.0601161548394275,0.0601161548394275,0.0601161548394275,0.0601161548394275,0.0601161548394275,0.0601161548394275,0.0601161548394275,0.0601161548394275,0.0601161548394275,0.0601161548394275,0.0601161548394275,0.0983537787786748,0.0601161548394275,0.0601161548394275,0.0601161548394275,0.0601161548394275,1,0.104198165850106,0.104198165850106
"194",0.0601161548394275,0.0601161548394275,0.0601161548394275,0.0601161548394275,0.0601161548394275,0.0601161548394275,0.0601161548394275,0.0601161548394275,0.0601161548394275,0.0601161548394275,0.0601161548394275,0.0601161548394275,0.0601161548394275,0.0601161548394275,0.0601161548394275,0.0601161548394275,0.0601161548394275,0.0601161548394275,0.0601161548394275,0.0601161548394275,0.0601161548394275,0.0601161548394275,0.0601161548394275,0.0601161548394275,0.0601161548394275,0.0601161548394275,0.0601161548394275,0.0601161548394275,0.0601161548394275,0.0601161548394275,0.0601161548394275,0.0601161548394275,0.0601161548394275,0.0601161548394275,0.0601161548394275,0.0601161548394275,0.0601161548394275,0.0601161548394275,0.0601161548394275,0.0601161548394275,0.0601161548394275,0.0601161548394275,0.0601161548394275,0.0601161548394275,0.0601161548394275,0.0601161548394275,0.0601161548394275,0.0601161548394275,0.0601161548394275,0.0601161548394275,0.0601161548394275,0.0601161548394275,0.0601161548394275,0.0601161548394275,0.0601161548394275,0.0601161548394275,0.0601161548394275,0.0601161548394275,0.0601161548394275,0.0601161548394275,0.0601161548394275,0.0601161548394275,0.0601161548394275,0.0601161548394275,0.0601161548394275,0.0601161548394275,0.0601161548394275,0.0601161548394275,0.0601161548394275,0.0601161548394275,0.0601161548394275,0.0601161548394275,0.0601161548394275,0.0601161548394275,0.0601161548394275,0.0601161548394275,0.0601161548394275,0.0601161548394275,0.0601161548394275,0.0601161548394275,0.0601161548394275,0.0601161548394275,0.0601161548394275,0.0601161548394275,0.0601161548394275,0.0601161548394275,0.0601161548394275,0.0601161548394275,0.0601161548394275,0.0601161548394275,0.0601161548394275,0.0601161548394275,0.0601161548394275,0.0601161548394275,0.0601161548394275,0.0601161548394275,0.0601161548394275,0.0601161548394275,0.0601161548394275,0.0601161548394275,0.0601161548394275,0.0601161548394275,0.0601161548394275,0.0601161548394275,0.0601161548394275,0.0601161548394275,0.0601161548394275,0.0601161548394275,0.0601161548394275,0.0601161548394275,0.0601161548394275,0.0601161548394275,0.0601161548394275,0.0601161548394275,0.0601161548394275,0.0601161548394275,0.0601161548394275,0.0601161548394275,0.0601161548394275,0.0601161548394275,0.0601161548394275,0.0601161548394275,0.0601161548394275,0.0601161548394275,0.0601161548394275,0.0601161548394275,0.0601161548394275,0.0601161548394275,0.0601161548394275,0.0601161548394275,0.0601161548394275,0.0601161548394275,0.0601161548394275,0.0601161548394275,0.0601161548394275,0.0601161548394275,0.0601161548394275,0.0601161548394275,0.0601161548394275,0.0601161548394275,0.0601161548394275,0.0601161548394275,0.0601161548394275,0.0601161548394275,0.0601161548394275,0.0601161548394275,0.0601161548394275,0.0601161548394275,0.0601161548394275,0.0601161548394275,0.0601161548394275,0.0601161548394275,0.0601161548394275,0.0601161548394275,0.0601161548394275,0.0601161548394275,0.0601161548394275,0.0601161548394275,0.0601161548394275,0.0601161548394275,0.0601161548394275,0.0601161548394275,0.0601161548394275,0.0601161548394275,0.0601161548394275,0.0601161548394275,0.0601161548394275,0.0601161548394275,0.0601161548394275,0.0601161548394275,0.0601161548394275,0.0601161548394275,0.0601161548394275,0.0601161548394275,0.0601161548394275,0.0601161548394275,0.0601161548394275,0.0601161548394275,0.0601161548394275,0.0601161548394275,0.0601161548394275,0.0601161548394275,0.0601161548394275,0.0601161548394275,0.0601161548394275,0.0601161548394275,0.0601161548394275,0.0601161548394275,0.0601161548394275,0.0601161548394275,0.0601161548394275,0.0601161548394275,0.104198165850106,1,0.104198165850106
"195",0.0601161548394275,0.0601161548394275,0.0601161548394275,0.0983537787786748,0.0601161548394275,0.0983537787786748,0.0601161548394275,0.0983537787786748,0.0983537787786748,0.0601161548394275,0.0601161548394275,0.0601161548394275,0.0601161548394275,0.0983537787786748,0.0983537787786748,0.0983537787786748,0.0983537787786748,0.0983537787786748,0.0601161548394275,0.0601161548394275,0.0601161548394275,0.0601161548394275,0.0601161548394275,0.0601161548394275,0.0601161548394275,0.0601161548394275,0.0601161548394275,0.0601161548394275,0.0601161548394275,0.0601161548394275,0.0601161548394275,0.0983537787786748,0.0601161548394275,0.0601161548394275,0.0983537787786748,0.0983537787786748,0.0601161548394275,0.0601161548394275,0.0983537787786748,0.0601161548394275,0.0601161548394275,0.0601161548394275,0.0601161548394275,0.0983537787786748,0.0983537787786748,0.0601161548394275,0.0601161548394275,0.0601161548394275,0.0601161548394275,0.0601161548394275,0.0601161548394275,0.0983537787786748,0.0601161548394275,0.0983537787786748,0.0601161548394275,0.0601161548394275,0.0983537787786748,0.0601161548394275,0.0601161548394275,0.0601161548394275,0.0601161548394275,0.0601161548394275,0.0601161548394275,0.0983537787786748,0.0601161548394275,0.0983537787786748,0.0601161548394275,0.0601161548394275,0.0601161548394275,0.0983537787786748,0.0601161548394275,0.0983537787786748,0.0983537787786748,0.0601161548394275,0.0601161548394275,0.0601161548394275,0.0983537787786748,0.0601161548394275,0.0601161548394275,0.0601161548394275,0.0983537787786748,0.0983537787786748,0.0601161548394275,0.0983537787786748,0.0601161548394275,0.0601161548394275,0.0601161548394275,0.0601161548394275,0.0601161548394275,0.0983537787786748,0.0983537787786748,0.0601161548394275,0.0601161548394275,0.0983537787786748,0.0983537787786748,0.0983537787786748,0.0601161548394275,0.0983537787786748,0.0601161548394275,0.0983537787786748,0.0601161548394275,0.0601161548394275,0.0601161548394275,0.0983537787786748,0.0983537787786748,0.0601161548394275,0.0601161548394275,0.0601161548394275,0.0601161548394275,0.0601161548394275,0.0601161548394275,0.0601161548394275,0.0601161548394275,0.0601161548394275,0.0601161548394275,0.0983537787786748,0.0601161548394275,0.0601161548394275,0.0601161548394275,0.0601161548394275,0.0601161548394275,0.0601161548394275,0.0601161548394275,0.0601161548394275,0.0601161548394275,0.0601161548394275,0.0601161548394275,0.0601161548394275,0.0601161548394275,0.0601161548394275,0.0601161548394275,0.0983537787786748,0.0601161548394275,0.0601161548394275,0.0601161548394275,0.0601161548394275,0.0601161548394275,0.0601161548394275,0.0601161548394275,0.0601161548394275,0.0601161548394275,0.0601161548394275,0.0601161548394275,0.0601161548394275,0.0601161548394275,0.0601161548394275,0.0983537787786748,0.0983537787786748,0.0601161548394275,0.0601161548394275,0.0983537787786748,0.0601161548394275,0.0601161548394275,0.0983537787786748,0.0601161548394275,0.0601161548394275,0.0601161548394275,0.0983537787786748,0.0983537787786748,0.0983537787786748,0.0601161548394275,0.0983537787786748,0.0601161548394275,0.0601161548394275,0.0601161548394275,0.0601161548394275,0.0601161548394275,0.0601161548394275,0.0601161548394275,0.0601161548394275,0.0601161548394275,0.0601161548394275,0.0601161548394275,0.0601161548394275,0.0601161548394275,0.0601161548394275,0.0983537787786748,0.0601161548394275,0.0601161548394275,0.0601161548394275,0.0601161548394275,0.0601161548394275,0.0601161548394275,0.0601161548394275,0.0601161548394275,0.0601161548394275,0.0983537787786748,0.0601161548394275,0.0601161548394275,0.0983537787786748,0.0601161548394275,0.0601161548394275,0.104198165850106,0.104198165850106,1
