"","comcol","reg","global","contig beta","contig rho"
"param",0.0465257575853438,0.0983291017012754,0.072863022368526,0.378322473354087,0.749049063186066
