"","comcol","reg","global","contig beta","contig rho"
"param",0.0968276962580041,0.090377765157987,0.0404321814962448,0.685404849065169,0.983992118468968
