"","comcol","reg","global","contig beta","contig rho"
"param",0.0465265712080243,0.098332698015538,0.0728579368256711,0.378179578398315,0.749066619479256
