"","comcol","reg","global","contig beta","comcol and reg","comcol and config","reg and config","contig rho"
"param",0.0467731966723159,0.0980943687610409,0.0732090096391993,0.375774338404089,6.42788518354403e-06,0.00454236380222409,1.89094631387541e-05,0.749514731257294
