"","comcol","reg","global","contig beta","contig rho"
"param",0.0382261934074695,0.044085265464006,0.0601142968734777,0.354361697805562,0.921622798273727
