"","comcol","reg","global","contig beta","contig rho"
"param",0.102989817619724,0.0954403468788441,0.0183295956909661,0.639070541994829,0.987685400281123
