"","comcol","reg","global","contig beta","contig rho"
"param",0.0256372688074743,0.0714280672471391,0.127158639232707,0.770497213228876,0.358789851274634
