"","comcol","reg","global","contig beta","comcol and reg","comcol and config","reg and config","contig rho"
"param",0.00823268891494382,1.77765537333012e-06,0.0609314160061841,0.0579960081053481,0,0.280329844661621,0.183686527765649,0.993780369011254
