"","comcol","reg","global","contig beta","contig rho"
"param",0.0227101241013636,0.0625527268555524,0.199330579033469,0.714385378527956,0.345511768544491
