"","comcol","reg","global","contig beta","comcol and reg","comcol and config","reg and config","contig rho"
"param",0.0076668290065171,0.00420255397104218,0.0632256712460954,0.0802526848455612,0,0.27922221724999,0.174722518919639,0.991115002281252
