"","comcol","reg","global","contig beta","contig rho"
"param",0.102992112830689,0.09544034679459,0.0183143518618756,0.639081949667911,0.98758635378761
