"","comcol","reg","global","contig beta","comcol and reg","comcol and config","reg and config","contig rho"
"param",0.00719993153076592,0.00321703501024443,0.0614201926815845,0.0650179599784491,0,0.283367618537978,0.199959302906848,0.99024293193534
